ISO-10303-21;
HEADER;
/* Generated by software containing ST-Developer
 * from STEP Tools, Inc. (www.steptools.com) 
 */
/* OPTION: strings as raw bytes, not using required /X/ escapes */

FILE_DESCRIPTION(
/* description */ ('Unknown'),
/* implementation_level */ '2;1');

FILE_NAME(
/* name */ '97790603111',
/* time_stamp */ '2019-11-20T08:20:16+01:00',
/* author */ ('Unknown'),
/* organization */ ('Unknown'),
/* preprocessor_version */ 'ST-DEVELOPER v16.7',
/* originating_system */ 'DEX',
/* authorisation */ $);

FILE_SCHEMA (('AUTOMOTIVE_DESIGN {1 0 10303 214 3 1 1}'));
ENDSEC;

DATA;
#10=PROPERTY_DEFINITION_REPRESENTATION(#14,#12);
#11=PROPERTY_DEFINITION_REPRESENTATION(#15,#13);
#12=REPRESENTATION('',(#16),#1849);
#13=REPRESENTATION('',(#17),#1849);
#14=PROPERTY_DEFINITION('pmi validation property','',#1854);
#15=PROPERTY_DEFINITION('pmi validation property','',#1854);
#16=VALUE_REPRESENTATION_ITEM('number of annotations',COUNT_MEASURE(0.));
#17=VALUE_REPRESENTATION_ITEM('number of views',COUNT_MEASURE(0.));
#18=SHAPE_REPRESENTATION_RELATIONSHIP('','',#418,#19);
#19=ADVANCED_BREP_SHAPE_REPRESENTATION('',(#416),#1849);
#20=(
BOUNDED_SURFACE()
B_SPLINE_SURFACE(1,2,((#971,#972,#973,#974,#975,#976,#977,#978,#979,#980,
#981,#982,#983,#984,#985,#986,#987,#988,#989,#990,#991,#992,#993,#994,#995,
#996,#997,#998,#999,#1000,#1001,#1002,#1003,#1004,#1005,#1006,#1007,#1008,
#1009,#1010,#1011,#1012,#1013,#1014,#1015,#1016,#1017,#1018,#1019,#1020,
#1021,#1022,#1023,#1024,#1025,#1026,#1027,#1028,#1029,#1030,#1031,#1032,
#1033,#1034,#1035,#1036,#1037,#1038,#1039,#1040,#1041,#1042,#1043,#1044,
#1045,#1046,#1047,#1048,#1049,#1050,#1051,#1052,#1053,#1054,#1055,#1056,
#1057,#1058,#1059,#1060,#1061,#1062,#1063,#1064,#1065,#1066,#1067,#1068,
#1069,#1070,#1071,#1072,#1073,#1074,#1075,#1076,#1077,#1078,#1079,#1080,
#1081,#1082,#1083,#1084,#1085,#1086,#1087,#1088,#1089,#1090,#1091,#1092,
#1093,#1094,#1095,#1096,#1097,#1098,#1099,#1100,#1101,#1102,#1103,#1104,
#1105,#1106,#1107,#1108,#1109,#1110,#1111,#1112,#1113,#1114,#1115),(#1116,
#1117,#1118,#1119,#1120,#1121,#1122,#1123,#1124,#1125,#1126,#1127,#1128,
#1129,#1130,#1131,#1132,#1133,#1134,#1135,#1136,#1137,#1138,#1139,#1140,
#1141,#1142,#1143,#1144,#1145,#1146,#1147,#1148,#1149,#1150,#1151,#1152,
#1153,#1154,#1155,#1156,#1157,#1158,#1159,#1160,#1161,#1162,#1163,#1164,
#1165,#1166,#1167,#1168,#1169,#1170,#1171,#1172,#1173,#1174,#1175,#1176,
#1177,#1178,#1179,#1180,#1181,#1182,#1183,#1184,#1185,#1186,#1187,#1188,
#1189,#1190,#1191,#1192,#1193,#1194,#1195,#1196,#1197,#1198,#1199,#1200,
#1201,#1202,#1203,#1204,#1205,#1206,#1207,#1208,#1209,#1210,#1211,#1212,
#1213,#1214,#1215,#1216,#1217,#1218,#1219,#1220,#1221,#1222,#1223,#1224,
#1225,#1226,#1227,#1228,#1229,#1230,#1231,#1232,#1233,#1234,#1235,#1236,
#1237,#1238,#1239,#1240,#1241,#1242,#1243,#1244,#1245,#1246,#1247,#1248,
#1249,#1250,#1251,#1252,#1253,#1254,#1255,#1256,#1257,#1258,#1259,#1260)),
 .UNSPECIFIED.,.F.,.F.,.F.)
B_SPLINE_SURFACE_WITH_KNOTS((2,2),(3,2,2,2,2,2,2,2,2,2,2,2,2,2,2,2,2,2,
2,2,2,2,2,2,2,2,2,2,2,2,2,2,2,2,2,2,2,2,2,2,2,2,2,2,2,2,2,2,2,2,2,2,2,2,
2,2,2,2,2,2,2,2,2,2,2,2,2,2,2,2,2,2,3),(0.,1.),(0.,0.0138888888888889,0.0277777777777778,
0.0416666666666667,0.0555555555555556,0.0694444444444444,0.0833333333333333,
0.0972222222222222,0.111111111111111,0.125,0.138888888888889,0.152777777777778,
0.166666666666667,0.180555555555556,0.194444444444444,0.208333333333333,
0.222222222222222,0.236111111111111,0.25,0.263888888888889,0.277777777777778,
0.291666666666667,0.305555555555556,0.319444444444444,0.333333333333333,
0.347222222222222,0.361111111111111,0.375,0.388888888888889,0.402777777777778,
0.416666666666667,0.430555555555556,0.444444444444444,0.458333333333333,
0.472222222222222,0.486111111111111,0.5,0.513888888888889,0.527777777777778,
0.541666666666667,0.555555555555556,0.569444444444444,0.583333333333333,
0.597222222222222,0.611111111111111,0.625,0.638888888888889,0.652777777777778,
0.666666666666667,0.680555555555556,0.694444444444444,0.708333333333333,
0.722222222222222,0.736111111111111,0.75,0.763888888888889,0.777777777777778,
0.791666666666667,0.805555555555556,0.819444444444444,0.833333333333333,
0.847222222222222,0.861111111111111,0.875,0.888888888888889,0.902777777777778,
0.916666666666667,0.930555555555556,0.944444444444444,0.958333333333333,
0.972222222222222,0.986111111111111,1.),.UNSPECIFIED.)
GEOMETRIC_REPRESENTATION_ITEM()
RATIONAL_B_SPLINE_SURFACE(((1.,0.866025403784439,1.,0.866025403784439,1.,
0.866025403784439,1.,0.866025403784439,1.,0.866025403784439,1.,0.866025403784439,
1.,0.866025403784439,1.,0.866025403784439,1.,0.866025403784439,1.,0.866025403784439,
1.,0.866025403784439,1.,0.866025403784439,1.,0.866025403784439,1.,0.866025403784439,
1.,0.866025403784439,1.,0.866025403784439,1.,0.866025403784439,1.,0.866025403784439,
1.,0.866025403784439,1.,0.866025403784439,1.,0.866025403784439,1.,0.866025403784439,
1.,0.866025403784439,1.,0.866025403784439,1.,0.866025403784439,1.,0.866025403784439,
1.,0.866025403784439,1.,0.866025403784439,1.,0.866025403784439,1.,0.866025403784439,
1.,0.866025403784439,1.,0.866025403784439,1.,0.866025403784439,1.,0.866025403784439,
1.,0.866025403784439,1.,0.866025403784439,1.,0.866025403784439,1.,0.866025403784439,
1.,0.866025403784439,1.,0.866025403784439,1.,0.866025403784439,1.,0.866025403784439,
1.,0.866025403784439,1.,0.866025403784439,1.,0.866025403784439,1.,0.866025403784439,
1.,0.866025403784439,1.,0.866025403784439,1.,0.866025403784439,1.,0.866025403784439,
1.,0.866025403784439,1.,0.866025403784439,1.,0.866025403784439,1.,0.866025403784439,
1.,0.866025403784439,1.,0.866025403784439,1.,0.866025403784439,1.,0.866025403784439,
1.,0.866025403784439,1.,0.866025403784439,1.,0.866025403784439,1.,0.866025403784439,
1.,0.866025403784439,1.,0.866025403784439,1.,0.866025403784439,1.,0.866025403784439,
1.,0.866025403784439,1.,0.866025403784439,1.,0.866025403784439,1.,0.866025403784439,
1.,0.866025403784439,1.,0.866025403784439,1.),(1.,0.866025403784439,1.,
0.866025403784439,1.,0.866025403784439,1.,0.866025403784439,1.,0.866025403784439,
1.,0.866025403784439,1.,0.866025403784439,1.,0.866025403784439,1.,0.866025403784439,
1.,0.866025403784439,1.,0.866025403784439,1.,0.866025403784439,1.,0.866025403784439,
1.,0.866025403784439,1.,0.866025403784439,1.,0.866025403784439,1.,0.866025403784439,
1.,0.866025403784439,1.,0.866025403784439,1.,0.866025403784439,1.,0.866025403784439,
1.,0.866025403784439,1.,0.866025403784439,1.,0.866025403784439,1.,0.866025403784439,
1.,0.866025403784439,1.,0.866025403784439,1.,0.866025403784439,1.,0.866025403784439,
1.,0.866025403784439,1.,0.866025403784439,1.,0.866025403784439,1.,0.866025403784439,
1.,0.866025403784439,1.,0.866025403784439,1.,0.866025403784439,1.,0.866025403784439,
1.,0.866025403784439,1.,0.866025403784439,1.,0.866025403784439,1.,0.866025403784439,
1.,0.866025403784439,1.,0.866025403784439,1.,0.866025403784439,1.,0.866025403784439,
1.,0.866025403784439,1.,0.866025403784439,1.,0.866025403784439,1.,0.866025403784439,
1.,0.866025403784439,1.,0.866025403784439,1.,0.866025403784439,1.,0.866025403784439,
1.,0.866025403784439,1.,0.866025403784439,1.,0.866025403784439,1.,0.866025403784439,
1.,0.866025403784439,1.,0.866025403784439,1.,0.866025403784439,1.,0.866025403784439,
1.,0.866025403784439,1.,0.866025403784439,1.,0.866025403784439,1.,0.866025403784439,
1.,0.866025403784439,1.,0.866025403784439,1.,0.866025403784439,1.,0.866025403784439,
1.,0.866025403784439,1.,0.866025403784439,1.,0.866025403784439,1.)))
REPRESENTATION_ITEM('')
SURFACE()
);
#21=(
BOUNDED_SURFACE()
B_SPLINE_SURFACE(1,2,((#1408,#1409,#1410,#1411,#1412,#1413,#1414,#1415,
#1416,#1417,#1418,#1419,#1420,#1421,#1422,#1423,#1424,#1425,#1426,#1427,
#1428,#1429,#1430,#1431,#1432,#1433,#1434,#1435,#1436,#1437,#1438,#1439,
#1440,#1441,#1442,#1443,#1444,#1445,#1446,#1447,#1448,#1449,#1450,#1451,
#1452,#1453,#1454,#1455,#1456,#1457,#1458,#1459,#1460,#1461,#1462,#1463,
#1464,#1465,#1466,#1467,#1468,#1469,#1470,#1471,#1472,#1473,#1474,#1475,
#1476,#1477,#1478,#1479,#1480,#1481,#1482,#1483,#1484,#1485,#1486,#1487,
#1488,#1489,#1490,#1491,#1492,#1493,#1494,#1495,#1496,#1497,#1498,#1499,
#1500,#1501,#1502,#1503,#1504,#1505,#1506,#1507,#1508,#1509,#1510,#1511,
#1512,#1513,#1514,#1515,#1516,#1517,#1518,#1519,#1520,#1521,#1522,#1523,
#1524,#1525,#1526,#1527,#1528,#1529,#1530,#1531,#1532,#1533,#1534,#1535,
#1536,#1537,#1538,#1539,#1540,#1541,#1542,#1543,#1544,#1545,#1546,#1547,
#1548,#1549,#1550,#1551,#1552),(#1553,#1554,#1555,#1556,#1557,#1558,#1559,
#1560,#1561,#1562,#1563,#1564,#1565,#1566,#1567,#1568,#1569,#1570,#1571,
#1572,#1573,#1574,#1575,#1576,#1577,#1578,#1579,#1580,#1581,#1582,#1583,
#1584,#1585,#1586,#1587,#1588,#1589,#1590,#1591,#1592,#1593,#1594,#1595,
#1596,#1597,#1598,#1599,#1600,#1601,#1602,#1603,#1604,#1605,#1606,#1607,
#1608,#1609,#1610,#1611,#1612,#1613,#1614,#1615,#1616,#1617,#1618,#1619,
#1620,#1621,#1622,#1623,#1624,#1625,#1626,#1627,#1628,#1629,#1630,#1631,
#1632,#1633,#1634,#1635,#1636,#1637,#1638,#1639,#1640,#1641,#1642,#1643,
#1644,#1645,#1646,#1647,#1648,#1649,#1650,#1651,#1652,#1653,#1654,#1655,
#1656,#1657,#1658,#1659,#1660,#1661,#1662,#1663,#1664,#1665,#1666,#1667,
#1668,#1669,#1670,#1671,#1672,#1673,#1674,#1675,#1676,#1677,#1678,#1679,
#1680,#1681,#1682,#1683,#1684,#1685,#1686,#1687,#1688,#1689,#1690,#1691,
#1692,#1693,#1694,#1695,#1696,#1697)),.UNSPECIFIED.,.F.,.F.,.F.)
B_SPLINE_SURFACE_WITH_KNOTS((2,2),(3,2,2,2,2,2,2,2,2,2,2,2,2,2,2,2,2,2,
2,2,2,2,2,2,2,2,2,2,2,2,2,2,2,2,2,2,2,2,2,2,2,2,2,2,2,2,2,2,2,2,2,2,2,2,
2,2,2,2,2,2,2,2,2,2,2,2,2,2,2,2,2,2,3),(0.,1.),(0.,0.0138888888888889,0.0277777777777778,
0.0416666666666667,0.0555555555555556,0.0694444444444444,0.0833333333333333,
0.0972222222222222,0.111111111111111,0.125,0.138888888888889,0.152777777777778,
0.166666666666667,0.180555555555556,0.194444444444444,0.208333333333333,
0.222222222222222,0.236111111111111,0.25,0.263888888888889,0.277777777777778,
0.291666666666667,0.305555555555556,0.319444444444444,0.333333333333333,
0.347222222222222,0.361111111111111,0.375,0.388888888888889,0.402777777777778,
0.416666666666667,0.430555555555556,0.444444444444444,0.458333333333333,
0.472222222222222,0.486111111111111,0.5,0.513888888888889,0.527777777777778,
0.541666666666667,0.555555555555556,0.569444444444444,0.583333333333333,
0.597222222222222,0.611111111111111,0.625,0.638888888888889,0.652777777777778,
0.666666666666667,0.680555555555556,0.694444444444444,0.708333333333333,
0.722222222222222,0.736111111111111,0.75,0.763888888888889,0.777777777777778,
0.791666666666667,0.805555555555556,0.819444444444444,0.833333333333333,
0.847222222222222,0.861111111111111,0.875,0.888888888888889,0.902777777777778,
0.916666666666667,0.930555555555556,0.944444444444444,0.958333333333333,
0.972222222222222,0.986111111111111,1.),.UNSPECIFIED.)
GEOMETRIC_REPRESENTATION_ITEM()
RATIONAL_B_SPLINE_SURFACE(((1.,0.866025403784439,1.,0.866025403784439,1.,
0.866025403784439,1.,0.866025403784439,1.,0.866025403784439,1.,0.866025403784439,
1.,0.866025403784439,1.,0.866025403784439,1.,0.866025403784439,1.,0.866025403784439,
1.,0.866025403784439,1.,0.866025403784439,1.,0.866025403784439,1.,0.866025403784439,
1.,0.866025403784439,1.,0.866025403784439,1.,0.866025403784439,1.,0.866025403784439,
1.,0.866025403784439,1.,0.866025403784439,1.,0.866025403784439,1.,0.866025403784439,
1.,0.866025403784439,1.,0.866025403784439,1.,0.866025403784439,1.,0.866025403784439,
1.,0.866025403784439,1.,0.866025403784439,1.,0.866025403784439,1.,0.866025403784439,
1.,0.866025403784439,1.,0.866025403784439,1.,0.866025403784439,1.,0.866025403784439,
1.,0.866025403784439,1.,0.866025403784439,1.,0.866025403784439,1.,0.866025403784439,
1.,0.866025403784439,1.,0.866025403784439,1.,0.866025403784439,1.,0.866025403784439,
1.,0.866025403784439,1.,0.866025403784439,1.,0.866025403784439,1.,0.866025403784439,
1.,0.866025403784439,1.,0.866025403784439,1.,0.866025403784439,1.,0.866025403784439,
1.,0.866025403784439,1.,0.866025403784439,1.,0.866025403784439,1.,0.866025403784439,
1.,0.866025403784439,1.,0.866025403784439,1.,0.866025403784439,1.,0.866025403784439,
1.,0.866025403784439,1.,0.866025403784439,1.,0.866025403784439,1.,0.866025403784439,
1.,0.866025403784439,1.,0.866025403784439,1.,0.866025403784439,1.,0.866025403784439,
1.,0.866025403784439,1.,0.866025403784439,1.,0.866025403784439,1.,0.866025403784439,
1.,0.866025403784439,1.,0.866025403784439,1.),(1.,0.866025403784439,1.,
0.866025403784439,1.,0.866025403784439,1.,0.866025403784439,1.,0.866025403784439,
1.,0.866025403784439,1.,0.866025403784439,1.,0.866025403784439,1.,0.866025403784439,
1.,0.866025403784439,1.,0.866025403784439,1.,0.866025403784439,1.,0.866025403784439,
1.,0.866025403784439,1.,0.866025403784439,1.,0.866025403784439,1.,0.866025403784439,
1.,0.866025403784439,1.,0.866025403784439,1.,0.866025403784439,1.,0.866025403784439,
1.,0.866025403784439,1.,0.866025403784439,1.,0.866025403784439,1.,0.866025403784439,
1.,0.866025403784439,1.,0.866025403784439,1.,0.866025403784439,1.,0.866025403784439,
1.,0.866025403784439,1.,0.866025403784439,1.,0.866025403784439,1.,0.866025403784439,
1.,0.866025403784439,1.,0.866025403784439,1.,0.866025403784439,1.,0.866025403784439,
1.,0.866025403784439,1.,0.866025403784439,1.,0.866025403784439,1.,0.866025403784439,
1.,0.866025403784439,1.,0.866025403784439,1.,0.866025403784439,1.,0.866025403784439,
1.,0.866025403784439,1.,0.866025403784439,1.,0.866025403784439,1.,0.866025403784439,
1.,0.866025403784439,1.,0.866025403784439,1.,0.866025403784439,1.,0.866025403784439,
1.,0.866025403784439,1.,0.866025403784439,1.,0.866025403784439,1.,0.866025403784439,
1.,0.866025403784439,1.,0.866025403784439,1.,0.866025403784439,1.,0.866025403784439,
1.,0.866025403784439,1.,0.866025403784439,1.,0.866025403784439,1.,0.866025403784439,
1.,0.866025403784439,1.,0.866025403784439,1.,0.866025403784439,1.,0.866025403784439,
1.,0.866025403784439,1.,0.866025403784439,1.,0.866025403784439,1.)))
REPRESENTATION_ITEM('')
SURFACE()
);
#22=TOROIDAL_SURFACE('',#431,1.9,0.85);
#23=DEGENERATE_TOROIDAL_SURFACE('',#429,0.617514346796259,9.0141776269703,
 .F.);
#24=B_SPLINE_CURVE_WITH_KNOTS('',3,(#847,#848,#849,#850,#851,#852,#853),
 .UNSPECIFIED.,.F.,.F.,(4,1,1,1,4),(0.,0.00104727877045781,0.00209455754091562,
0.00314183631137343,0.00418911508183125),.UNSPECIFIED.);
#25=B_SPLINE_CURVE_WITH_KNOTS('',3,(#859,#860,#861,#862),.UNSPECIFIED.,
 .F.,.F.,(4,4),(0.000733419209399929,0.00135341920939993),.UNSPECIFIED.);
#26=B_SPLINE_CURVE_WITH_KNOTS('',3,(#865,#866,#867,#868),.UNSPECIFIED.,
 .F.,.F.,(4,4),(0.00158869447547856,0.00304522610533224),.UNSPECIFIED.);
#27=B_SPLINE_CURVE_WITH_KNOTS('',3,(#870,#871,#872,#873),.UNSPECIFIED.,
 .F.,.F.,(4,4),(0.00150104828807533,0.00297546756252364),.UNSPECIFIED.);
#28=B_SPLINE_CURVE_WITH_KNOTS('',3,(#875,#876,#877,#878),.UNSPECIFIED.,
 .F.,.F.,(4,4),(0.000733419209399929,0.00135341920939993),.UNSPECIFIED.);
#29=B_SPLINE_CURVE_WITH_KNOTS('',3,(#880,#881,#882,#883),.UNSPECIFIED.,
 .F.,.F.,(4,4),(0.00158869447547856,0.00304522610533224),.UNSPECIFIED.);
#30=B_SPLINE_CURVE_WITH_KNOTS('',3,(#885,#886,#887,#888),.UNSPECIFIED.,
 .F.,.F.,(4,4),(0.00150104828807532,0.00297546756252363),.UNSPECIFIED.);
#31=B_SPLINE_CURVE_WITH_KNOTS('',3,(#890,#891,#892,#893),.UNSPECIFIED.,
 .F.,.F.,(4,4),(0.000733419209399929,0.00135341920939993),.UNSPECIFIED.);
#32=B_SPLINE_CURVE_WITH_KNOTS('',3,(#895,#896,#897,#898),.UNSPECIFIED.,
 .F.,.F.,(4,4),(0.00158869447547856,0.00304522610533224),.UNSPECIFIED.);
#33=B_SPLINE_CURVE_WITH_KNOTS('',3,(#900,#901,#902,#903),.UNSPECIFIED.,
 .F.,.F.,(4,4),(0.00150104828807532,0.00297546756252363),.UNSPECIFIED.);
#34=B_SPLINE_CURVE_WITH_KNOTS('',3,(#905,#906,#907,#908),.UNSPECIFIED.,
 .F.,.F.,(4,4),(0.000733419209399929,0.00135341920939993),.UNSPECIFIED.);
#35=B_SPLINE_CURVE_WITH_KNOTS('',3,(#910,#911,#912,#913),.UNSPECIFIED.,
 .F.,.F.,(4,4),(0.00158869447547856,0.00304522610533224),.UNSPECIFIED.);
#36=B_SPLINE_CURVE_WITH_KNOTS('',3,(#915,#916,#917,#918),.UNSPECIFIED.,
 .F.,.F.,(4,4),(0.00150104828807533,0.00297546756252364),.UNSPECIFIED.);
#37=PLANE('',#426);
#38=PLANE('',#428);
#39=PLANE('',#432);
#40=PLANE('',#433);
#41=PLANE('',#434);
#42=PLANE('',#435);
#43=PLANE('',#436);
#44=PLANE('',#437);
#45=PLANE('',#438);
#46=PLANE('',#439);
#47=PLANE('',#440);
#48=PLANE('',#441);
#49=PLANE('',#442);
#50=PLANE('',#443);
#51=PLANE('',#444);
#52=PLANE('',#445);
#53=PLANE('',#447);
#54=CIRCLE('',#421,1.5);
#55=CIRCLE('',#422,1.5);
#56=CIRCLE('',#424,2.75);
#57=CIRCLE('',#425,2.75);
#58=CIRCLE('',#427,1.5);
#59=CIRCLE('',#430,2.16210688847677);
#60=(
BOUNDED_CURVE()
B_SPLINE_CURVE(2,(#542,#543,#544,#545,#546,#547,#548,#549,#550,#551,#552,
#553,#554,#555,#556,#557,#558,#559,#560,#561,#562,#563,#564,#565,#566,#567,
#568,#569,#570,#571,#572,#573,#574,#575,#576,#577,#578,#579,#580,#581,#582,
#583,#584,#585,#586,#587,#588,#589,#590,#591,#592,#593,#594,#595,#596,#597,
#598,#599,#600,#601,#602,#603,#604,#605,#606,#607,#608,#609,#610,#611,#612,
#613,#614,#615,#616,#617,#618,#619,#620,#621,#622,#623,#624,#625,#626,#627,
#628,#629,#630,#631,#632,#633,#634,#635,#636,#637,#638,#639,#640,#641,#642,
#643,#644,#645,#646,#647,#648,#649,#650,#651,#652,#653,#654,#655,#656,#657,
#658,#659,#660,#661,#662,#663,#664,#665,#666,#667,#668,#669,#670,#671,#672,
#673,#674,#675,#676,#677,#678,#679,#680,#681,#682,#683,#684,#685,#686),
 .UNSPECIFIED.,.F.,.F.)
B_SPLINE_CURVE_WITH_KNOTS((3,2,2,2,2,2,2,2,2,2,2,2,2,2,2,2,2,2,2,2,2,2,
2,2,2,2,2,2,2,2,2,2,2,2,2,2,2,2,2,2,2,2,2,2,2,2,2,2,2,2,2,2,2,2,2,2,2,2,
2,2,2,2,2,2,2,2,2,2,2,2,2,2,3),(0.,0.0138888888888889,0.0277777777777778,
0.0416666666666667,0.0555555555555556,0.0694444444444444,0.0833333333333333,
0.0972222222222222,0.111111111111111,0.125,0.138888888888889,0.152777777777778,
0.166666666666667,0.180555555555556,0.194444444444444,0.208333333333333,
0.222222222222222,0.236111111111111,0.25,0.263888888888889,0.277777777777778,
0.291666666666667,0.305555555555556,0.319444444444444,0.333333333333333,
0.347222222222222,0.361111111111111,0.375,0.388888888888889,0.402777777777778,
0.416666666666667,0.430555555555556,0.444444444444444,0.458333333333333,
0.472222222222222,0.486111111111111,0.5,0.513888888888889,0.527777777777778,
0.541666666666667,0.555555555555556,0.569444444444444,0.583333333333333,
0.597222222222222,0.611111111111111,0.625,0.638888888888889,0.652777777777778,
0.666666666666667,0.680555555555556,0.694444444444444,0.708333333333333,
0.722222222222222,0.736111111111111,0.75,0.763888888888889,0.777777777777778,
0.791666666666667,0.805555555555556,0.819444444444444,0.833333333333333,
0.847222222222222,0.861111111111111,0.875,0.888888888888889,0.902777777777778,
0.916666666666667,0.930555555555556,0.944444444444444,0.958333333333333,
0.972222222222222,0.986111111111111,1.),.UNSPECIFIED.)
CURVE()
GEOMETRIC_REPRESENTATION_ITEM()
RATIONAL_B_SPLINE_CURVE((1.,0.866025403784439,1.,0.866025403784439,1.,0.866025403784439,
1.,0.866025403784439,1.,0.866025403784439,1.,0.866025403784439,1.,0.866025403784439,
1.,0.866025403784439,1.,0.866025403784439,1.,0.866025403784439,1.,0.866025403784439,
1.,0.866025403784439,1.,0.866025403784439,1.,0.866025403784439,1.,0.866025403784439,
1.,0.866025403784439,1.,0.866025403784439,1.,0.866025403784439,1.,0.866025403784439,
1.,0.866025403784439,1.,0.866025403784439,1.,0.866025403784439,1.,0.866025403784439,
1.,0.866025403784439,1.,0.866025403784439,1.,0.866025403784439,1.,0.866025403784439,
1.,0.866025403784439,1.,0.866025403784439,1.,0.866025403784439,1.,0.866025403784439,
1.,0.866025403784439,1.,0.866025403784439,1.,0.866025403784439,1.,0.866025403784439,
1.,0.866025403784439,1.,0.866025403784439,1.,0.866025403784439,1.,0.866025403784439,
1.,0.866025403784439,1.,0.866025403784439,1.,0.866025403784439,1.,0.866025403784439,
1.,0.866025403784439,1.,0.866025403784439,1.,0.866025403784439,1.,0.866025403784439,
1.,0.866025403784439,1.,0.866025403784439,1.,0.866025403784439,1.,0.866025403784439,
1.,0.866025403784439,1.,0.866025403784439,1.,0.866025403784439,1.,0.866025403784439,
1.,0.866025403784439,1.,0.866025403784439,1.,0.866025403784439,1.,0.866025403784439,
1.,0.866025403784439,1.,0.866025403784439,1.,0.866025403784439,1.,0.866025403784439,
1.,0.866025403784439,1.,0.866025403784439,1.,0.866025403784439,1.,0.866025403784439,
1.,0.866025403784439,1.,0.866025403784439,1.,0.866025403784439,1.,0.866025403784439,
1.,0.866025403784439,1.))
REPRESENTATION_ITEM('')
);
#61=(
BOUNDED_CURVE()
B_SPLINE_CURVE(2,(#692,#693,#694,#695,#696,#697,#698,#699,#700,#701,#702,
#703,#704,#705,#706,#707,#708,#709,#710,#711,#712,#713,#714,#715,#716,#717,
#718,#719,#720,#721,#722,#723,#724,#725,#726,#727,#728,#729,#730,#731,#732,
#733,#734,#735,#736,#737,#738,#739,#740,#741,#742,#743,#744,#745,#746,#747,
#748,#749,#750,#751,#752,#753,#754,#755,#756,#757,#758,#759,#760,#761,#762,
#763,#764,#765,#766,#767,#768,#769,#770,#771,#772,#773,#774,#775,#776,#777,
#778,#779,#780,#781,#782,#783,#784,#785,#786,#787,#788,#789,#790,#791,#792,
#793,#794,#795,#796,#797,#798,#799,#800,#801,#802,#803,#804,#805,#806,#807,
#808,#809,#810,#811,#812,#813,#814,#815,#816,#817,#818,#819,#820,#821,#822,
#823,#824,#825,#826,#827,#828,#829,#830,#831,#832,#833,#834,#835,#836),
 .UNSPECIFIED.,.F.,.F.)
B_SPLINE_CURVE_WITH_KNOTS((3,2,2,2,2,2,2,2,2,2,2,2,2,2,2,2,2,2,2,2,2,2,
2,2,2,2,2,2,2,2,2,2,2,2,2,2,2,2,2,2,2,2,2,2,2,2,2,2,2,2,2,2,2,2,2,2,2,2,
2,2,2,2,2,2,2,2,2,2,2,2,2,2,3),(0.,0.0138888888888889,0.0277777777777778,
0.0416666666666667,0.0555555555555556,0.0694444444444444,0.0833333333333333,
0.0972222222222222,0.111111111111111,0.125,0.138888888888889,0.152777777777778,
0.166666666666667,0.180555555555556,0.194444444444444,0.208333333333333,
0.222222222222222,0.236111111111111,0.25,0.263888888888889,0.277777777777778,
0.291666666666667,0.305555555555556,0.319444444444444,0.333333333333333,
0.347222222222222,0.361111111111111,0.375,0.388888888888889,0.402777777777778,
0.416666666666667,0.430555555555556,0.444444444444444,0.458333333333333,
0.472222222222222,0.486111111111111,0.5,0.513888888888889,0.527777777777778,
0.541666666666667,0.555555555555556,0.569444444444444,0.583333333333333,
0.597222222222222,0.611111111111111,0.625,0.638888888888889,0.652777777777778,
0.666666666666667,0.680555555555556,0.694444444444444,0.708333333333333,
0.722222222222222,0.736111111111111,0.75,0.763888888888889,0.777777777777778,
0.791666666666667,0.805555555555556,0.819444444444444,0.833333333333333,
0.847222222222222,0.861111111111111,0.875,0.888888888888889,0.902777777777778,
0.916666666666667,0.930555555555556,0.944444444444444,0.958333333333333,
0.972222222222222,0.986111111111111,1.),.UNSPECIFIED.)
CURVE()
GEOMETRIC_REPRESENTATION_ITEM()
RATIONAL_B_SPLINE_CURVE((1.,0.866025403784439,1.,0.866025403784439,1.,0.866025403784439,
1.,0.866025403784439,1.,0.866025403784439,1.,0.866025403784439,1.,0.866025403784439,
1.,0.866025403784439,1.,0.866025403784439,1.,0.866025403784439,1.,0.866025403784439,
1.,0.866025403784439,1.,0.866025403784439,1.,0.866025403784439,1.,0.866025403784439,
1.,0.866025403784439,1.,0.866025403784439,1.,0.866025403784439,1.,0.866025403784439,
1.,0.866025403784439,1.,0.866025403784439,1.,0.866025403784439,1.,0.866025403784439,
1.,0.866025403784439,1.,0.866025403784439,1.,0.866025403784439,1.,0.866025403784439,
1.,0.866025403784439,1.,0.866025403784439,1.,0.866025403784439,1.,0.866025403784439,
1.,0.866025403784439,1.,0.866025403784439,1.,0.866025403784439,1.,0.866025403784439,
1.,0.866025403784439,1.,0.866025403784439,1.,0.866025403784439,1.,0.866025403784439,
1.,0.866025403784439,1.,0.866025403784439,1.,0.866025403784439,1.,0.866025403784439,
1.,0.866025403784439,1.,0.866025403784439,1.,0.866025403784439,1.,0.866025403784439,
1.,0.866025403784439,1.,0.866025403784439,1.,0.866025403784439,1.,0.866025403784439,
1.,0.866025403784439,1.,0.866025403784439,1.,0.866025403784439,1.,0.866025403784439,
1.,0.866025403784439,1.,0.866025403784439,1.,0.866025403784439,1.,0.866025403784439,
1.,0.866025403784439,1.,0.866025403784439,1.,0.866025403784439,1.,0.866025403784439,
1.,0.866025403784439,1.,0.866025403784439,1.,0.866025403784439,1.,0.866025403784439,
1.,0.866025403784439,1.,0.866025403784439,1.,0.866025403784439,1.,0.866025403784439,
1.,0.866025403784439,1.))
REPRESENTATION_ITEM('')
);
#62=(
BOUNDED_CURVE()
B_SPLINE_CURVE(2,(#1263,#1264,#1265,#1266,#1267,#1268,#1269,#1270,#1271,
#1272,#1273,#1274,#1275,#1276,#1277,#1278,#1279,#1280,#1281,#1282,#1283,
#1284,#1285,#1286,#1287,#1288,#1289,#1290,#1291,#1292,#1293,#1294,#1295,
#1296,#1297,#1298,#1299,#1300,#1301,#1302,#1303,#1304,#1305,#1306,#1307,
#1308,#1309,#1310,#1311,#1312,#1313,#1314,#1315,#1316,#1317,#1318,#1319,
#1320,#1321,#1322,#1323,#1324,#1325,#1326,#1327,#1328,#1329,#1330,#1331,
#1332,#1333,#1334,#1335,#1336,#1337,#1338,#1339,#1340,#1341,#1342,#1343,
#1344,#1345,#1346,#1347,#1348,#1349,#1350,#1351,#1352,#1353,#1354,#1355,
#1356,#1357,#1358,#1359,#1360,#1361,#1362,#1363,#1364,#1365,#1366,#1367,
#1368,#1369,#1370,#1371,#1372,#1373,#1374,#1375,#1376,#1377,#1378,#1379,
#1380,#1381,#1382,#1383,#1384,#1385,#1386,#1387,#1388,#1389,#1390,#1391,
#1392,#1393,#1394,#1395,#1396,#1397,#1398,#1399,#1400,#1401,#1402,#1403,
#1404,#1405,#1406,#1407),.UNSPECIFIED.,.F.,.F.)
B_SPLINE_CURVE_WITH_KNOTS((3,2,2,2,2,2,2,2,2,2,2,2,2,2,2,2,2,2,2,2,2,2,
2,2,2,2,2,2,2,2,2,2,2,2,2,2,2,2,2,2,2,2,2,2,2,2,2,2,2,2,2,2,2,2,2,2,2,2,
2,2,2,2,2,2,2,2,2,2,2,2,2,2,3),(0.,0.0138888888888889,0.0277777777777778,
0.0416666666666667,0.0555555555555556,0.0694444444444444,0.0833333333333333,
0.0972222222222222,0.111111111111111,0.125,0.138888888888889,0.152777777777778,
0.166666666666667,0.180555555555556,0.194444444444444,0.208333333333333,
0.222222222222222,0.236111111111111,0.25,0.263888888888889,0.277777777777778,
0.291666666666667,0.305555555555556,0.319444444444444,0.333333333333333,
0.347222222222222,0.361111111111111,0.375,0.388888888888889,0.402777777777778,
0.416666666666667,0.430555555555556,0.444444444444444,0.458333333333333,
0.472222222222222,0.486111111111111,0.5,0.513888888888889,0.527777777777778,
0.541666666666667,0.555555555555556,0.569444444444444,0.583333333333333,
0.597222222222222,0.611111111111111,0.625,0.638888888888889,0.652777777777778,
0.666666666666667,0.680555555555556,0.694444444444444,0.708333333333333,
0.722222222222222,0.736111111111111,0.75,0.763888888888889,0.777777777777778,
0.791666666666667,0.805555555555556,0.819444444444444,0.833333333333333,
0.847222222222222,0.861111111111111,0.875,0.888888888888889,0.902777777777778,
0.916666666666667,0.930555555555556,0.944444444444444,0.958333333333333,
0.972222222222222,0.986111111111111,1.),.UNSPECIFIED.)
CURVE()
GEOMETRIC_REPRESENTATION_ITEM()
RATIONAL_B_SPLINE_CURVE((1.,0.866025403784439,1.,0.866025403784439,1.,0.866025403784439,
1.,0.866025403784439,1.,0.866025403784439,1.,0.866025403784439,1.,0.866025403784439,
1.,0.866025403784439,1.,0.866025403784439,1.,0.866025403784439,1.,0.866025403784439,
1.,0.866025403784439,1.,0.866025403784439,1.,0.866025403784439,1.,0.866025403784439,
1.,0.866025403784439,1.,0.866025403784439,1.,0.866025403784439,1.,0.866025403784439,
1.,0.866025403784439,1.,0.866025403784439,1.,0.866025403784439,1.,0.866025403784439,
1.,0.866025403784439,1.,0.866025403784439,1.,0.866025403784439,1.,0.866025403784439,
1.,0.866025403784439,1.,0.866025403784439,1.,0.866025403784439,1.,0.866025403784439,
1.,0.866025403784439,1.,0.866025403784439,1.,0.866025403784439,1.,0.866025403784439,
1.,0.866025403784439,1.,0.866025403784439,1.,0.866025403784439,1.,0.866025403784439,
1.,0.866025403784439,1.,0.866025403784439,1.,0.866025403784439,1.,0.866025403784439,
1.,0.866025403784439,1.,0.866025403784439,1.,0.866025403784439,1.,0.866025403784439,
1.,0.866025403784439,1.,0.866025403784439,1.,0.866025403784439,1.,0.866025403784439,
1.,0.866025403784439,1.,0.866025403784439,1.,0.866025403784439,1.,0.866025403784439,
1.,0.866025403784439,1.,0.866025403784439,1.,0.866025403784439,1.,0.866025403784439,
1.,0.866025403784439,1.,0.866025403784439,1.,0.866025403784439,1.,0.866025403784439,
1.,0.866025403784439,1.,0.866025403784439,1.,0.866025403784439,1.,0.866025403784439,
1.,0.866025403784439,1.,0.866025403784439,1.,0.866025403784439,1.,0.866025403784439,
1.,0.866025403784439,1.))
REPRESENTATION_ITEM('')
);
#63=(
BOUNDED_CURVE()
B_SPLINE_CURVE(2,(#1700,#1701,#1702,#1703,#1704,#1705,#1706,#1707,#1708,
#1709,#1710,#1711,#1712,#1713,#1714,#1715,#1716,#1717,#1718,#1719,#1720,
#1721,#1722,#1723,#1724,#1725,#1726,#1727,#1728,#1729,#1730,#1731,#1732,
#1733,#1734,#1735,#1736,#1737,#1738,#1739,#1740,#1741,#1742,#1743,#1744,
#1745,#1746,#1747,#1748,#1749,#1750,#1751,#1752,#1753,#1754,#1755,#1756,
#1757,#1758,#1759,#1760,#1761,#1762,#1763,#1764,#1765,#1766,#1767,#1768,
#1769,#1770,#1771,#1772,#1773,#1774,#1775,#1776,#1777,#1778,#1779,#1780,
#1781,#1782,#1783,#1784,#1785,#1786,#1787,#1788,#1789,#1790,#1791,#1792,
#1793,#1794,#1795,#1796,#1797,#1798,#1799,#1800,#1801,#1802,#1803,#1804,
#1805,#1806,#1807,#1808,#1809,#1810,#1811,#1812,#1813,#1814,#1815,#1816,
#1817,#1818,#1819,#1820,#1821,#1822,#1823,#1824,#1825,#1826,#1827,#1828,
#1829,#1830,#1831,#1832,#1833,#1834,#1835,#1836,#1837,#1838,#1839,#1840,
#1841,#1842,#1843,#1844),.UNSPECIFIED.,.F.,.F.)
B_SPLINE_CURVE_WITH_KNOTS((3,2,2,2,2,2,2,2,2,2,2,2,2,2,2,2,2,2,2,2,2,2,
2,2,2,2,2,2,2,2,2,2,2,2,2,2,2,2,2,2,2,2,2,2,2,2,2,2,2,2,2,2,2,2,2,2,2,2,
2,2,2,2,2,2,2,2,2,2,2,2,2,2,3),(0.,0.0138888888888889,0.0277777777777778,
0.0416666666666667,0.0555555555555556,0.0694444444444444,0.0833333333333333,
0.0972222222222222,0.111111111111111,0.125,0.138888888888889,0.152777777777778,
0.166666666666667,0.180555555555556,0.194444444444444,0.208333333333333,
0.222222222222222,0.236111111111111,0.25,0.263888888888889,0.277777777777778,
0.291666666666667,0.305555555555556,0.319444444444444,0.333333333333333,
0.347222222222222,0.361111111111111,0.375,0.388888888888889,0.402777777777778,
0.416666666666667,0.430555555555556,0.444444444444444,0.458333333333333,
0.472222222222222,0.486111111111111,0.5,0.513888888888889,0.527777777777778,
0.541666666666667,0.555555555555556,0.569444444444444,0.583333333333333,
0.597222222222222,0.611111111111111,0.625,0.638888888888889,0.652777777777778,
0.666666666666667,0.680555555555556,0.694444444444444,0.708333333333333,
0.722222222222222,0.736111111111111,0.75,0.763888888888889,0.777777777777778,
0.791666666666667,0.805555555555556,0.819444444444444,0.833333333333333,
0.847222222222222,0.861111111111111,0.875,0.888888888888889,0.902777777777778,
0.916666666666667,0.930555555555556,0.944444444444444,0.958333333333333,
0.972222222222222,0.986111111111111,1.),.UNSPECIFIED.)
CURVE()
GEOMETRIC_REPRESENTATION_ITEM()
RATIONAL_B_SPLINE_CURVE((1.,0.866025403784439,1.,0.866025403784439,1.,0.866025403784439,
1.,0.866025403784439,1.,0.866025403784439,1.,0.866025403784439,1.,0.866025403784439,
1.,0.866025403784439,1.,0.866025403784439,1.,0.866025403784439,1.,0.866025403784439,
1.,0.866025403784439,1.,0.866025403784439,1.,0.866025403784439,1.,0.866025403784439,
1.,0.866025403784439,1.,0.866025403784439,1.,0.866025403784439,1.,0.866025403784439,
1.,0.866025403784439,1.,0.866025403784439,1.,0.866025403784439,1.,0.866025403784439,
1.,0.866025403784439,1.,0.866025403784439,1.,0.866025403784439,1.,0.866025403784439,
1.,0.866025403784439,1.,0.866025403784439,1.,0.866025403784439,1.,0.866025403784439,
1.,0.866025403784439,1.,0.866025403784439,1.,0.866025403784439,1.,0.866025403784439,
1.,0.866025403784439,1.,0.866025403784439,1.,0.866025403784439,1.,0.866025403784439,
1.,0.866025403784439,1.,0.866025403784439,1.,0.866025403784439,1.,0.866025403784439,
1.,0.866025403784439,1.,0.866025403784439,1.,0.866025403784439,1.,0.866025403784439,
1.,0.866025403784439,1.,0.866025403784439,1.,0.866025403784439,1.,0.866025403784439,
1.,0.866025403784439,1.,0.866025403784439,1.,0.866025403784439,1.,0.866025403784439,
1.,0.866025403784439,1.,0.866025403784439,1.,0.866025403784439,1.,0.866025403784439,
1.,0.866025403784439,1.,0.866025403784439,1.,0.866025403784439,1.,0.866025403784439,
1.,0.866025403784439,1.,0.866025403784439,1.,0.866025403784439,1.,0.866025403784439,
1.,0.866025403784439,1.,0.866025403784439,1.,0.866025403784439,1.,0.866025403784439,
1.,0.866025403784439,1.))
REPRESENTATION_ITEM('')
);
#64=ORIENTED_EDGE('',*,*,#172,.T.);
#65=ORIENTED_EDGE('',*,*,#173,.T.);
#66=ORIENTED_EDGE('',*,*,#174,.F.);
#67=ORIENTED_EDGE('',*,*,#175,.F.);
#68=ORIENTED_EDGE('',*,*,#176,.F.);
#69=ORIENTED_EDGE('',*,*,#177,.T.);
#70=ORIENTED_EDGE('',*,*,#178,.T.);
#71=ORIENTED_EDGE('',*,*,#179,.F.);
#72=ORIENTED_EDGE('',*,*,#174,.T.);
#73=ORIENTED_EDGE('',*,*,#180,.T.);
#74=ORIENTED_EDGE('',*,*,#179,.T.);
#75=ORIENTED_EDGE('',*,*,#181,.F.);
#76=ORIENTED_EDGE('',*,*,#182,.T.);
#77=ORIENTED_EDGE('',*,*,#177,.F.);
#78=ORIENTED_EDGE('',*,*,#183,.F.);
#79=ORIENTED_EDGE('',*,*,#184,.T.);
#80=ORIENTED_EDGE('',*,*,#185,.T.);
#81=ORIENTED_EDGE('',*,*,#186,.T.);
#82=ORIENTED_EDGE('',*,*,#187,.T.);
#83=ORIENTED_EDGE('',*,*,#188,.T.);
#84=ORIENTED_EDGE('',*,*,#189,.T.);
#85=ORIENTED_EDGE('',*,*,#190,.T.);
#86=ORIENTED_EDGE('',*,*,#191,.T.);
#87=ORIENTED_EDGE('',*,*,#192,.T.);
#88=ORIENTED_EDGE('',*,*,#193,.T.);
#89=ORIENTED_EDGE('',*,*,#194,.T.);
#90=ORIENTED_EDGE('',*,*,#195,.T.);
#91=ORIENTED_EDGE('',*,*,#178,.F.);
#92=ORIENTED_EDGE('',*,*,#183,.T.);
#93=ORIENTED_EDGE('',*,*,#196,.F.);
#94=ORIENTED_EDGE('',*,*,#197,.F.);
#95=ORIENTED_EDGE('',*,*,#198,.F.);
#96=ORIENTED_EDGE('',*,*,#199,.F.);
#97=ORIENTED_EDGE('',*,*,#200,.F.);
#98=ORIENTED_EDGE('',*,*,#201,.F.);
#99=ORIENTED_EDGE('',*,*,#202,.F.);
#100=ORIENTED_EDGE('',*,*,#203,.F.);
#101=ORIENTED_EDGE('',*,*,#204,.F.);
#102=ORIENTED_EDGE('',*,*,#205,.F.);
#103=ORIENTED_EDGE('',*,*,#206,.F.);
#104=ORIENTED_EDGE('',*,*,#207,.F.);
#105=ORIENTED_EDGE('',*,*,#195,.F.);
#106=ORIENTED_EDGE('',*,*,#208,.F.);
#107=ORIENTED_EDGE('',*,*,#197,.T.);
#108=ORIENTED_EDGE('',*,*,#209,.T.);
#109=ORIENTED_EDGE('',*,*,#194,.F.);
#110=ORIENTED_EDGE('',*,*,#210,.F.);
#111=ORIENTED_EDGE('',*,*,#198,.T.);
#112=ORIENTED_EDGE('',*,*,#208,.T.);
#113=ORIENTED_EDGE('',*,*,#193,.F.);
#114=ORIENTED_EDGE('',*,*,#211,.F.);
#115=ORIENTED_EDGE('',*,*,#199,.T.);
#116=ORIENTED_EDGE('',*,*,#210,.T.);
#117=ORIENTED_EDGE('',*,*,#192,.F.);
#118=ORIENTED_EDGE('',*,*,#212,.F.);
#119=ORIENTED_EDGE('',*,*,#200,.T.);
#120=ORIENTED_EDGE('',*,*,#211,.T.);
#121=ORIENTED_EDGE('',*,*,#191,.F.);
#122=ORIENTED_EDGE('',*,*,#213,.F.);
#123=ORIENTED_EDGE('',*,*,#201,.T.);
#124=ORIENTED_EDGE('',*,*,#212,.T.);
#125=ORIENTED_EDGE('',*,*,#190,.F.);
#126=ORIENTED_EDGE('',*,*,#214,.F.);
#127=ORIENTED_EDGE('',*,*,#202,.T.);
#128=ORIENTED_EDGE('',*,*,#213,.T.);
#129=ORIENTED_EDGE('',*,*,#189,.F.);
#130=ORIENTED_EDGE('',*,*,#215,.F.);
#131=ORIENTED_EDGE('',*,*,#203,.T.);
#132=ORIENTED_EDGE('',*,*,#214,.T.);
#133=ORIENTED_EDGE('',*,*,#188,.F.);
#134=ORIENTED_EDGE('',*,*,#216,.F.);
#135=ORIENTED_EDGE('',*,*,#204,.T.);
#136=ORIENTED_EDGE('',*,*,#215,.T.);
#137=ORIENTED_EDGE('',*,*,#187,.F.);
#138=ORIENTED_EDGE('',*,*,#217,.F.);
#139=ORIENTED_EDGE('',*,*,#205,.T.);
#140=ORIENTED_EDGE('',*,*,#216,.T.);
#141=ORIENTED_EDGE('',*,*,#186,.F.);
#142=ORIENTED_EDGE('',*,*,#218,.F.);
#143=ORIENTED_EDGE('',*,*,#206,.T.);
#144=ORIENTED_EDGE('',*,*,#217,.T.);
#145=ORIENTED_EDGE('',*,*,#185,.F.);
#146=ORIENTED_EDGE('',*,*,#219,.F.);
#147=ORIENTED_EDGE('',*,*,#207,.T.);
#148=ORIENTED_EDGE('',*,*,#218,.T.);
#149=ORIENTED_EDGE('',*,*,#184,.F.);
#150=ORIENTED_EDGE('',*,*,#209,.F.);
#151=ORIENTED_EDGE('',*,*,#196,.T.);
#152=ORIENTED_EDGE('',*,*,#219,.T.);
#153=ORIENTED_EDGE('',*,*,#220,.F.);
#154=ORIENTED_EDGE('',*,*,#172,.F.);
#155=ORIENTED_EDGE('',*,*,#182,.F.);
#156=ORIENTED_EDGE('',*,*,#181,.T.);
#157=ORIENTED_EDGE('',*,*,#176,.T.);
#158=ORIENTED_EDGE('',*,*,#221,.F.);
#159=ORIENTED_EDGE('',*,*,#222,.F.);
#160=ORIENTED_EDGE('',*,*,#222,.T.);
#161=ORIENTED_EDGE('',*,*,#223,.F.);
#162=ORIENTED_EDGE('',*,*,#224,.F.);
#163=ORIENTED_EDGE('',*,*,#173,.F.);
#164=ORIENTED_EDGE('',*,*,#220,.T.);
#165=ORIENTED_EDGE('',*,*,#224,.T.);
#166=ORIENTED_EDGE('',*,*,#225,.F.);
#167=ORIENTED_EDGE('',*,*,#180,.F.);
#168=ORIENTED_EDGE('',*,*,#175,.T.);
#169=ORIENTED_EDGE('',*,*,#225,.T.);
#170=ORIENTED_EDGE('',*,*,#223,.T.);
#171=ORIENTED_EDGE('',*,*,#221,.T.);
#172=EDGE_CURVE('',#226,#227,#262,.T.);
#173=EDGE_CURVE('',#227,#228,#60,.T.);
#174=EDGE_CURVE('',#229,#228,#54,.T.);
#175=EDGE_CURVE('',#230,#229,#263,.T.);
#176=EDGE_CURVE('',#231,#230,#61,.T.);
#177=EDGE_CURVE('',#231,#226,#55,.T.);
#178=EDGE_CURVE('',#232,#232,#56,.T.);
#179=EDGE_CURVE('',#233,#233,#57,.T.);
#180=EDGE_CURVE('',#228,#229,#58,.T.);
#181=EDGE_CURVE('',#234,#231,#24,.T.);
#182=EDGE_CURVE('',#234,#226,#264,.T.);
#183=EDGE_CURVE('',#235,#235,#59,.T.);
#184=EDGE_CURVE('',#236,#237,#25,.T.);
#185=EDGE_CURVE('',#237,#238,#26,.T.);
#186=EDGE_CURVE('',#238,#239,#27,.T.);
#187=EDGE_CURVE('',#239,#240,#28,.T.);
#188=EDGE_CURVE('',#240,#241,#29,.T.);
#189=EDGE_CURVE('',#241,#242,#30,.T.);
#190=EDGE_CURVE('',#242,#243,#31,.T.);
#191=EDGE_CURVE('',#243,#244,#32,.T.);
#192=EDGE_CURVE('',#244,#245,#33,.T.);
#193=EDGE_CURVE('',#245,#246,#34,.T.);
#194=EDGE_CURVE('',#246,#247,#35,.T.);
#195=EDGE_CURVE('',#247,#236,#36,.T.);
#196=EDGE_CURVE('',#248,#249,#265,.T.);
#197=EDGE_CURVE('',#250,#248,#266,.T.);
#198=EDGE_CURVE('',#251,#250,#267,.T.);
#199=EDGE_CURVE('',#252,#251,#268,.T.);
#200=EDGE_CURVE('',#253,#252,#269,.T.);
#201=EDGE_CURVE('',#254,#253,#270,.T.);
#202=EDGE_CURVE('',#255,#254,#271,.T.);
#203=EDGE_CURVE('',#256,#255,#272,.T.);
#204=EDGE_CURVE('',#257,#256,#273,.T.);
#205=EDGE_CURVE('',#258,#257,#274,.T.);
#206=EDGE_CURVE('',#259,#258,#275,.T.);
#207=EDGE_CURVE('',#249,#259,#276,.T.);
#208=EDGE_CURVE('',#250,#247,#277,.T.);
#209=EDGE_CURVE('',#248,#236,#278,.T.);
#210=EDGE_CURVE('',#251,#246,#279,.T.);
#211=EDGE_CURVE('',#252,#245,#280,.T.);
#212=EDGE_CURVE('',#253,#244,#281,.T.);
#213=EDGE_CURVE('',#254,#243,#282,.T.);
#214=EDGE_CURVE('',#255,#242,#283,.T.);
#215=EDGE_CURVE('',#256,#241,#284,.T.);
#216=EDGE_CURVE('',#257,#240,#285,.T.);
#217=EDGE_CURVE('',#258,#239,#286,.T.);
#218=EDGE_CURVE('',#259,#238,#287,.T.);
#219=EDGE_CURVE('',#249,#237,#288,.T.);
#220=EDGE_CURVE('',#227,#234,#289,.T.);
#221=EDGE_CURVE('',#260,#230,#290,.T.);
#222=EDGE_CURVE('',#234,#260,#62,.T.);
#223=EDGE_CURVE('',#261,#260,#291,.T.);
#224=EDGE_CURVE('',#228,#261,#63,.T.);
#225=EDGE_CURVE('',#229,#261,#292,.T.);
#226=VERTEX_POINT('',#540);
#227=VERTEX_POINT('',#541);
#228=VERTEX_POINT('',#687);
#229=VERTEX_POINT('',#689);
#230=VERTEX_POINT('',#691);
#231=VERTEX_POINT('',#837);
#232=VERTEX_POINT('',#841);
#233=VERTEX_POINT('',#843);
#234=VERTEX_POINT('',#854);
#235=VERTEX_POINT('',#858);
#236=VERTEX_POINT('',#863);
#237=VERTEX_POINT('',#864);
#238=VERTEX_POINT('',#869);
#239=VERTEX_POINT('',#874);
#240=VERTEX_POINT('',#879);
#241=VERTEX_POINT('',#884);
#242=VERTEX_POINT('',#889);
#243=VERTEX_POINT('',#894);
#244=VERTEX_POINT('',#899);
#245=VERTEX_POINT('',#904);
#246=VERTEX_POINT('',#909);
#247=VERTEX_POINT('',#914);
#248=VERTEX_POINT('',#922);
#249=VERTEX_POINT('',#923);
#250=VERTEX_POINT('',#925);
#251=VERTEX_POINT('',#927);
#252=VERTEX_POINT('',#929);
#253=VERTEX_POINT('',#931);
#254=VERTEX_POINT('',#933);
#255=VERTEX_POINT('',#935);
#256=VERTEX_POINT('',#937);
#257=VERTEX_POINT('',#939);
#258=VERTEX_POINT('',#941);
#259=VERTEX_POINT('',#943);
#260=VERTEX_POINT('',#1262);
#261=VERTEX_POINT('',#1699);
#262=LINE('',#539,#293);
#263=LINE('',#690,#294);
#264=LINE('',#855,#295);
#265=LINE('',#921,#296);
#266=LINE('',#924,#297);
#267=LINE('',#926,#298);
#268=LINE('',#928,#299);
#269=LINE('',#930,#300);
#270=LINE('',#932,#301);
#271=LINE('',#934,#302);
#272=LINE('',#936,#303);
#273=LINE('',#938,#304);
#274=LINE('',#940,#305);
#275=LINE('',#942,#306);
#276=LINE('',#944,#307);
#277=LINE('',#946,#308);
#278=LINE('',#947,#309);
#279=LINE('',#949,#310);
#280=LINE('',#951,#311);
#281=LINE('',#953,#312);
#282=LINE('',#955,#313);
#283=LINE('',#957,#314);
#284=LINE('',#959,#315);
#285=LINE('',#961,#316);
#286=LINE('',#963,#317);
#287=LINE('',#965,#318);
#288=LINE('',#967,#319);
#289=LINE('',#970,#320);
#290=LINE('',#1261,#321);
#291=LINE('',#1698,#322);
#292=LINE('',#1846,#323);
#293=VECTOR('',#452,1000.);
#294=VECTOR('',#455,1000.);
#295=VECTOR('',#470,1000.);
#296=VECTOR('',#479,1000.);
#297=VECTOR('',#480,1000.);
#298=VECTOR('',#481,1000.);
#299=VECTOR('',#482,1000.);
#300=VECTOR('',#483,1000.);
#301=VECTOR('',#484,1000.);
#302=VECTOR('',#485,1000.);
#303=VECTOR('',#486,1000.);
#304=VECTOR('',#487,1000.);
#305=VECTOR('',#488,1000.);
#306=VECTOR('',#489,1000.);
#307=VECTOR('',#490,1000.);
#308=VECTOR('',#493,1000.);
#309=VECTOR('',#494,1000.);
#310=VECTOR('',#497,1000.);
#311=VECTOR('',#500,1000.);
#312=VECTOR('',#503,1000.);
#313=VECTOR('',#506,1000.);
#314=VECTOR('',#509,1000.);
#315=VECTOR('',#512,1000.);
#316=VECTOR('',#515,1000.);
#317=VECTOR('',#518,1000.);
#318=VECTOR('',#521,1000.);
#319=VECTOR('',#524,1000.);
#320=VECTOR('',#529,1000.);
#321=VECTOR('',#530,1000.);
#322=VECTOR('',#531,1000.);
#323=VECTOR('',#534,1000.);
#324=EDGE_LOOP('',(#64,#65,#66,#67,#68,#69));
#325=EDGE_LOOP('',(#70));
#326=EDGE_LOOP('',(#71));
#327=EDGE_LOOP('',(#72,#73));
#328=EDGE_LOOP('',(#74));
#329=EDGE_LOOP('',(#75,#76,#77));
#330=EDGE_LOOP('',(#78));
#331=EDGE_LOOP('',(#79,#80,#81,#82,#83,#84,#85,#86,#87,#88,#89,#90));
#332=EDGE_LOOP('',(#91));
#333=EDGE_LOOP('',(#92));
#334=EDGE_LOOP('',(#93,#94,#95,#96,#97,#98,#99,#100,#101,#102,#103,#104));
#335=EDGE_LOOP('',(#105,#106,#107,#108));
#336=EDGE_LOOP('',(#109,#110,#111,#112));
#337=EDGE_LOOP('',(#113,#114,#115,#116));
#338=EDGE_LOOP('',(#117,#118,#119,#120));
#339=EDGE_LOOP('',(#121,#122,#123,#124));
#340=EDGE_LOOP('',(#125,#126,#127,#128));
#341=EDGE_LOOP('',(#129,#130,#131,#132));
#342=EDGE_LOOP('',(#133,#134,#135,#136));
#343=EDGE_LOOP('',(#137,#138,#139,#140));
#344=EDGE_LOOP('',(#141,#142,#143,#144));
#345=EDGE_LOOP('',(#145,#146,#147,#148));
#346=EDGE_LOOP('',(#149,#150,#151,#152));
#347=EDGE_LOOP('',(#153,#154,#155));
#348=EDGE_LOOP('',(#156,#157,#158,#159));
#349=EDGE_LOOP('',(#160,#161,#162,#163,#164));
#350=EDGE_LOOP('',(#165,#166,#167));
#351=EDGE_LOOP('',(#168,#169,#170,#171));
#352=FACE_BOUND('',#324,.T.);
#353=FACE_BOUND('',#325,.T.);
#354=FACE_BOUND('',#326,.T.);
#355=FACE_BOUND('',#327,.T.);
#356=FACE_BOUND('',#328,.T.);
#357=FACE_BOUND('',#329,.T.);
#358=FACE_BOUND('',#330,.T.);
#359=FACE_BOUND('',#331,.T.);
#360=FACE_BOUND('',#332,.T.);
#361=FACE_BOUND('',#333,.T.);
#362=FACE_BOUND('',#334,.T.);
#363=FACE_BOUND('',#335,.T.);
#364=FACE_BOUND('',#336,.T.);
#365=FACE_BOUND('',#337,.T.);
#366=FACE_BOUND('',#338,.T.);
#367=FACE_BOUND('',#339,.T.);
#368=FACE_BOUND('',#340,.T.);
#369=FACE_BOUND('',#341,.T.);
#370=FACE_BOUND('',#342,.T.);
#371=FACE_BOUND('',#343,.T.);
#372=FACE_BOUND('',#344,.T.);
#373=FACE_BOUND('',#345,.T.);
#374=FACE_BOUND('',#346,.T.);
#375=FACE_BOUND('',#347,.T.);
#376=FACE_BOUND('',#348,.T.);
#377=FACE_BOUND('',#349,.T.);
#378=FACE_BOUND('',#350,.T.);
#379=FACE_BOUND('',#351,.T.);
#380=CYLINDRICAL_SURFACE('',#420,1.5);
#381=CYLINDRICAL_SURFACE('',#423,2.75);
#382=CYLINDRICAL_SURFACE('',#446,1.5);
#383=ADVANCED_FACE('',(#352),#380,.T.);
#384=ADVANCED_FACE('',(#353,#354),#381,.T.);
#385=ADVANCED_FACE('',(#355,#356),#37,.T.);
#386=ADVANCED_FACE('',(#357),#38,.F.);
#387=ADVANCED_FACE('',(#358,#359),#23,.F.);
#388=ADVANCED_FACE('',(#360,#361),#22,.T.);
#389=ADVANCED_FACE('',(#362),#39,.F.);
#390=ADVANCED_FACE('',(#363),#40,.T.);
#391=ADVANCED_FACE('',(#364),#41,.T.);
#392=ADVANCED_FACE('',(#365),#42,.T.);
#393=ADVANCED_FACE('',(#366),#43,.T.);
#394=ADVANCED_FACE('',(#367),#44,.T.);
#395=ADVANCED_FACE('',(#368),#45,.T.);
#396=ADVANCED_FACE('',(#369),#46,.T.);
#397=ADVANCED_FACE('',(#370),#47,.T.);
#398=ADVANCED_FACE('',(#371),#48,.T.);
#399=ADVANCED_FACE('',(#372),#49,.T.);
#400=ADVANCED_FACE('',(#373),#50,.T.);
#401=ADVANCED_FACE('',(#374),#51,.T.);
#402=ADVANCED_FACE('',(#375),#52,.F.);
#403=ADVANCED_FACE('',(#376),#20,.T.);
#404=ADVANCED_FACE('',(#377),#21,.T.);
#405=ADVANCED_FACE('',(#378),#382,.F.);
#406=ADVANCED_FACE('',(#379),#53,.T.);
#407=CLOSED_SHELL('',(#383,#384,#385,#386,#387,#388,#389,#390,#391,#392,
#393,#394,#395,#396,#397,#398,#399,#400,#401,#402,#403,#404,#405,#406));
#408=STYLED_ITEM('',(#409),#416);
#409=PRESENTATION_STYLE_ASSIGNMENT((#410));
#410=SURFACE_STYLE_USAGE(.BOTH.,#411);
#411=SURFACE_SIDE_STYLE('',(#412));
#412=SURFACE_STYLE_FILL_AREA(#413);
#413=FILL_AREA_STYLE('',(#414));
#414=FILL_AREA_STYLE_COLOUR('',#415);
#415=COLOUR_RGB('',0.506983280181885,0.531564235687256,0.550000011920929);
#416=MANIFOLD_SOLID_BREP('',#407);
#417=SHAPE_DEFINITION_REPRESENTATION(#1854,#418);
#418=SHAPE_REPRESENTATION('97790603111',(#419),#1849);
#419=AXIS2_PLACEMENT_3D('',#537,#448,#449);
#420=AXIS2_PLACEMENT_3D('',#538,#450,#451);
#421=AXIS2_PLACEMENT_3D('',#688,#453,#454);
#422=AXIS2_PLACEMENT_3D('',#838,#456,#457);
#423=AXIS2_PLACEMENT_3D('',#839,#458,#459);
#424=AXIS2_PLACEMENT_3D('',#840,#460,#461);
#425=AXIS2_PLACEMENT_3D('',#842,#462,#463);
#426=AXIS2_PLACEMENT_3D('',#844,#464,#465);
#427=AXIS2_PLACEMENT_3D('',#845,#466,#467);
#428=AXIS2_PLACEMENT_3D('',#846,#468,#469);
#429=AXIS2_PLACEMENT_3D('',#856,#471,#472);
#430=AXIS2_PLACEMENT_3D('',#857,#473,#474);
#431=AXIS2_PLACEMENT_3D('',#919,#475,#476);
#432=AXIS2_PLACEMENT_3D('',#920,#477,#478);
#433=AXIS2_PLACEMENT_3D('',#945,#491,#492);
#434=AXIS2_PLACEMENT_3D('',#948,#495,#496);
#435=AXIS2_PLACEMENT_3D('',#950,#498,#499);
#436=AXIS2_PLACEMENT_3D('',#952,#501,#502);
#437=AXIS2_PLACEMENT_3D('',#954,#504,#505);
#438=AXIS2_PLACEMENT_3D('',#956,#507,#508);
#439=AXIS2_PLACEMENT_3D('',#958,#510,#511);
#440=AXIS2_PLACEMENT_3D('',#960,#513,#514);
#441=AXIS2_PLACEMENT_3D('',#962,#516,#517);
#442=AXIS2_PLACEMENT_3D('',#964,#519,#520);
#443=AXIS2_PLACEMENT_3D('',#966,#522,#523);
#444=AXIS2_PLACEMENT_3D('',#968,#525,#526);
#445=AXIS2_PLACEMENT_3D('',#969,#527,#528);
#446=AXIS2_PLACEMENT_3D('',#1845,#532,#533);
#447=AXIS2_PLACEMENT_3D('',#1847,#535,#536);
#448=DIRECTION('',(0.,0.,1.));
#449=DIRECTION('',(1.,0.,0.));
#450=DIRECTION('',(0.,0.,1.));
#451=DIRECTION('',(1.,0.,0.));
#452=DIRECTION('',(0.,0.,1.));
#453=DIRECTION('',(0.,0.,1.));
#454=DIRECTION('',(1.,0.,0.));
#455=DIRECTION('',(1.13338381461956E-30,-6.93974510351281E-47,1.));
#456=DIRECTION('',(0.,0.,1.));
#457=DIRECTION('',(1.,0.,0.));
#458=DIRECTION('',(0.,0.,-1.));
#459=DIRECTION('',(-1.,0.,0.));
#460=DIRECTION('',(0.,0.,-1.));
#461=DIRECTION('',(-1.,0.,0.));
#462=DIRECTION('',(0.,0.,-1.));
#463=DIRECTION('',(1.,0.,0.));
#464=DIRECTION('',(0.,0.,-1.));
#465=DIRECTION('',(-1.,0.,0.));
#466=DIRECTION('',(0.,0.,1.));
#467=DIRECTION('',(1.,0.,0.));
#468=DIRECTION('',(0.,0.,1.));
#469=DIRECTION('',(1.,0.,0.));
#470=DIRECTION('',(6.12303176911189E-17,1.,0.));
#471=DIRECTION('',(0.,0.,-1.));
#472=DIRECTION('',(-1.,0.,0.));
#473=DIRECTION('',(0.,0.,-1.));
#474=DIRECTION('',(-1.,0.,0.));
#475=DIRECTION('',(0.,0.,-1.));
#476=DIRECTION('',(-1.,0.,0.));
#477=DIRECTION('',(0.,0.,-1.));
#478=DIRECTION('',(-1.,0.,0.));
#479=DIRECTION('',(0.,1.,0.));
#480=DIRECTION('',(-1.,-1.12937726300573E-16,0.));
#481=DIRECTION('',(-1.12937726300573E-16,1.,0.));
#482=DIRECTION('',(-1.,0.,0.));
#483=DIRECTION('',(-7.52918175337156E-17,-1.,0.));
#484=DIRECTION('',(-1.,-3.76459087668578E-17,0.));
#485=DIRECTION('',(0.,-1.,0.));
#486=DIRECTION('',(1.,-1.12937726300573E-16,0.));
#487=DIRECTION('',(2.25875452601147E-16,-1.,0.));
#488=DIRECTION('',(1.,0.,0.));
#489=DIRECTION('',(-3.76459087668578E-17,1.,0.));
#490=DIRECTION('',(1.,2.63521361368004E-16,0.));
#491=DIRECTION('',(-1.12937726300573E-16,1.,0.));
#492=DIRECTION('',(-1.,-1.12937726300573E-16,0.));
#493=DIRECTION('',(0.,0.,1.));
#494=DIRECTION('',(0.,0.,1.));
#495=DIRECTION('',(1.,1.12937726300573E-16,0.));
#496=DIRECTION('',(-1.12937726300573E-16,1.,0.));
#497=DIRECTION('',(0.,0.,1.));
#498=DIRECTION('',(0.,1.,0.));
#499=DIRECTION('',(0.,0.,1.));
#500=DIRECTION('',(0.,0.,1.));
#501=DIRECTION('',(-1.,7.52918175337156E-17,0.));
#502=DIRECTION('',(-7.52918175337156E-17,-1.,0.));
#503=DIRECTION('',(0.,0.,1.));
#504=DIRECTION('',(-3.76459087668578E-17,1.,0.));
#505=DIRECTION('',(-1.,-3.76459087668578E-17,0.));
#506=DIRECTION('',(0.,0.,1.));
#507=DIRECTION('',(-1.,0.,0.));
#508=DIRECTION('',(0.,0.,1.));
#509=DIRECTION('',(0.,0.,1.));
#510=DIRECTION('',(-1.12937726300573E-16,-1.,0.));
#511=DIRECTION('',(1.,-1.12937726300573E-16,0.));
#512=DIRECTION('',(0.,0.,1.));
#513=DIRECTION('',(-1.,-2.25875452601147E-16,0.));
#514=DIRECTION('',(2.25875452601147E-16,-1.,0.));
#515=DIRECTION('',(0.,0.,1.));
#516=DIRECTION('',(0.,-1.,0.));
#517=DIRECTION('',(0.,0.,-1.));
#518=DIRECTION('',(0.,0.,1.));
#519=DIRECTION('',(1.,3.76459087668578E-17,0.));
#520=DIRECTION('',(-3.76459087668578E-17,1.,0.));
#521=DIRECTION('',(0.,0.,1.));
#522=DIRECTION('',(2.63521361368005E-16,-1.,0.));
#523=DIRECTION('',(1.,2.63521361368005E-16,0.));
#524=DIRECTION('',(0.,0.,1.));
#525=DIRECTION('',(1.,0.,0.));
#526=DIRECTION('',(0.,0.,-1.));
#527=DIRECTION('',(1.,-6.12303176911189E-17,0.));
#528=DIRECTION('',(6.12303176911189E-17,1.,0.));
#529=DIRECTION('',(-4.77722886294397E-17,-0.780206447244496,-0.625522101670374));
#530=DIRECTION('',(2.45157188158414E-14,0.780206447244496,-0.625522101670374));
#531=DIRECTION('',(-2.45157188158414E-14,-0.780206447244496,-0.625522101670374));
#532=DIRECTION('',(-2.21286811542296E-33,-3.61400724161835E-17,1.));
#533=DIRECTION('',(0.,-1.,-3.61400724161835E-17));
#534=DIRECTION('',(1.13338381461956E-30,-6.93974510351281E-47,1.));
#535=DIRECTION('',(1.,-3.14220920660488E-14,-1.13338381461956E-30));
#536=DIRECTION('',(3.14220920660488E-14,1.,0.));
#537=CARTESIAN_POINT('',(0.,0.,0.));
#538=CARTESIAN_POINT('',(0.,0.,-6.));
#539=CARTESIAN_POINT('',(9.18454765366783E-17,1.5,-6.24853915550514));
#540=CARTESIAN_POINT('',(9.18454765366783E-17,1.5,-6.));
#541=CARTESIAN_POINT('',(9.18454765366783E-17,1.5,-5.75146084449486));
#542=CARTESIAN_POINT('',(9.18454765366783E-17,1.5,-5.75146084449486));
#543=CARTESIAN_POINT('',(-0.866025403784438,1.5,-5.70979417782819));
#544=CARTESIAN_POINT('',(-1.29903810567666,0.75,-5.66812751116152));
#545=CARTESIAN_POINT('',(-1.73205080756888,4.15452247443957E-16,-5.62646084449486));
#546=CARTESIAN_POINT('',(-1.29903810567666,-0.749999999999999,-5.58479417782819));
#547=CARTESIAN_POINT('',(-0.866025403784439,-1.5,-5.54312751116152));
#548=CARTESIAN_POINT('',(-2.75542496408781E-16,-1.5,-5.50146084449486));
#549=CARTESIAN_POINT('',(0.866025403784438,-1.5,-5.45979417782819));
#550=CARTESIAN_POINT('',(1.29903810567666,-0.75,-5.41812751116152));
#551=CARTESIAN_POINT('',(1.73205080756888,-2.29920908559254E-16,-5.37646084449485));
#552=CARTESIAN_POINT('',(1.29903810567666,0.749999999999999,-5.33479417782819));
#553=CARTESIAN_POINT('',(0.866025403784439,1.5,-5.29312751116152));
#554=CARTESIAN_POINT('',(4.59239516280884E-16,1.5,-5.25146084449485));
#555=CARTESIAN_POINT('',(-0.866025403784437,1.5,-5.20979417782819));
#556=CARTESIAN_POINT('',(-1.29903810567666,0.750000000000001,-5.16812751116152));
#557=CARTESIAN_POINT('',(-1.73205080756888,2.35998245583268E-15,-5.12646084449485));
#558=CARTESIAN_POINT('',(-1.29903810567666,-0.749999999999998,-5.08479417782819));
#559=CARTESIAN_POINT('',(-0.866025403784441,-1.5,-5.04312751116152));
#560=CARTESIAN_POINT('',(-6.42936536152987E-16,-1.5,-5.00146084449486));
#561=CARTESIAN_POINT('',(0.866025403784437,-1.5,-4.95979417782819));
#562=CARTESIAN_POINT('',(1.29903810567666,-0.750000000000002,-4.91812751116152));
#563=CARTESIAN_POINT('',(1.73205080756888,-6.72221040257309E-16,-4.87646084449486));
#564=CARTESIAN_POINT('',(1.29903810567666,0.749999999999999,-4.83479417782819));
#565=CARTESIAN_POINT('',(0.866025403784441,1.5,-4.79312751116152));
#566=CARTESIAN_POINT('',(8.2663355602509E-16,1.5,-4.75146084449486));
#567=CARTESIAN_POINT('',(-0.866025403784437,1.5,-4.70979417782819));
#568=CARTESIAN_POINT('',(-1.29903810567666,0.750000000000002,-4.66812751116152));
#569=CARTESIAN_POINT('',(-1.73205080756888,4.3045126642214E-15,-4.62646084449486));
#570=CARTESIAN_POINT('',(-1.29903810567666,-0.749999999999998,-4.58479417782819));
#571=CARTESIAN_POINT('',(-0.866025403784441,-1.5,-4.54312751116152));
#572=CARTESIAN_POINT('',(-3.67486583499757E-15,-1.5,-4.50146084449486));
#573=CARTESIAN_POINT('',(0.866025403784436,-1.5,-4.45979417782819));
#574=CARTESIAN_POINT('',(1.29903810567666,-0.750000000000002,-4.41812751116152));
#575=CARTESIAN_POINT('',(1.73205080756888,-4.19126147016906E-15,-4.37646084449485));
#576=CARTESIAN_POINT('',(1.29903810567666,0.749999999999996,-4.33479417782819));
#577=CARTESIAN_POINT('',(0.866025403784444,1.5,-4.29312751116152));
#578=CARTESIAN_POINT('',(1.1940275957693E-15,1.5,-4.25146084449485));
#579=CARTESIAN_POINT('',(-0.866025403784436,1.5,-4.20979417782819));
#580=CARTESIAN_POINT('',(-1.29903810567666,0.750000000000003,-4.16812751116152));
#581=CARTESIAN_POINT('',(-1.73205080756888,4.71067272350327E-15,-4.12646084449485));
#582=CARTESIAN_POINT('',(-1.29903810567666,-0.749999999999996,-4.08479417782819));
#583=CARTESIAN_POINT('',(-0.866025403784444,-1.5,-4.04312751116152));
#584=CARTESIAN_POINT('',(-1.3777246156414E-15,-1.5,-4.00146084449485));
#585=CARTESIAN_POINT('',(0.866025403784436,-1.5,-3.95979417782819));
#586=CARTESIAN_POINT('',(1.29903810567666,-0.750000000000003,-3.91812751116152));
#587=CARTESIAN_POINT('',(1.73205080756888,-4.63356160186712E-15,-3.87646084449485));
#588=CARTESIAN_POINT('',(1.29903810567666,0.749999999999996,-3.83479417782819));
#589=CARTESIAN_POINT('',(0.866025403784444,1.5,-3.79312751116152));
#590=CARTESIAN_POINT('',(1.5614216355135E-15,1.5,-3.75146084449485));
#591=CARTESIAN_POINT('',(-0.866025403784436,1.5,-3.70979417782819));
#592=CARTESIAN_POINT('',(-1.29903810567666,0.750000000000003,-3.66812751116152));
#593=CARTESIAN_POINT('',(-1.73205080756888,5.11683278278514E-15,-3.62646084449485));
#594=CARTESIAN_POINT('',(-1.29903810567666,-0.749999999999995,-3.58479417782819));
#595=CARTESIAN_POINT('',(-0.866025403784444,-1.5,-3.54312751116152));
#596=CARTESIAN_POINT('',(-7.07418917358636E-15,-1.5,-3.50146084449485));
#597=CARTESIAN_POINT('',(0.866025403784436,-1.5,-3.45979417782819));
#598=CARTESIAN_POINT('',(1.29903810567666,-0.750000000000003,-3.41812751116152));
#599=CARTESIAN_POINT('',(1.73205080756888,-5.07586173356517E-15,-3.37646084449485));
#600=CARTESIAN_POINT('',(1.29903810567666,0.749999999999995,-3.33479417782819));
#601=CARTESIAN_POINT('',(0.866025403784445,1.5,-3.29312751116152));
#602=CARTESIAN_POINT('',(7.25788619345846E-15,1.5,-3.25146084449485));
#603=CARTESIAN_POINT('',(-0.866025403784436,1.5,-3.20979417782819));
#604=CARTESIAN_POINT('',(-1.29903810567666,0.750000000000003,-3.16812751116152));
#605=CARTESIAN_POINT('',(-1.73205080756888,1.16764734384944E-14,-3.12646084449485));
#606=CARTESIAN_POINT('',(-1.29903810567666,-0.749999999999995,-3.08479417782819));
#607=CARTESIAN_POINT('',(-0.86602540378444,-1.5,-3.04312751116152));
#608=CARTESIAN_POINT('',(-7.44158321333056E-15,-1.5,-3.00146084449485));
#609=CARTESIAN_POINT('',(0.866025403784435,-1.5,-2.95979417782819));
#610=CARTESIAN_POINT('',(1.29903810567665,-0.750000000000008,-2.91812751116152));
#611=CARTESIAN_POINT('',(1.73205080756888,-5.51816186526323E-15,-2.87646084449485));
#612=CARTESIAN_POINT('',(1.29903810567666,0.74999999999999,-2.83479417782819));
#613=CARTESIAN_POINT('',(0.866025403784445,1.5,-2.79312751116152));
#614=CARTESIAN_POINT('',(2.29620971500191E-15,1.5,-2.75146084449485));
#615=CARTESIAN_POINT('',(-0.86602540378443,1.5,-2.70979417782819));
#616=CARTESIAN_POINT('',(-1.29903810567666,0.750000000000004,-2.66812751116152));
#617=CARTESIAN_POINT('',(-1.73205080756888,1.20826334977763E-14,-2.62646084449485));
#618=CARTESIAN_POINT('',(-1.29903810567666,-0.749999999999995,-2.58479417782819));
#619=CARTESIAN_POINT('',(-0.86602540378444,-1.5,-2.54312751116152));
#620=CARTESIAN_POINT('',(-7.80897725307477E-15,-1.5,-2.50146084449485));
#621=CARTESIAN_POINT('',(0.866025403784435,-1.5,-2.45979417782819));
#622=CARTESIAN_POINT('',(1.29903810567665,-0.750000000000008,-2.41812751116152));
#623=CARTESIAN_POINT('',(1.73205080756888,-5.96046199696128E-15,-2.37646084449485));
#624=CARTESIAN_POINT('',(1.29903810567666,0.74999999999999,-2.33479417782819));
#625=CARTESIAN_POINT('',(0.866025403784446,1.5,-2.29312751116152));
#626=CARTESIAN_POINT('',(2.66360375474612E-15,1.5,-2.25146084449485));
#627=CARTESIAN_POINT('',(-0.86602540378443,1.5,-2.20979417782819));
#628=CARTESIAN_POINT('',(-1.29903810567666,0.750000000000004,-2.16812751116152));
#629=CARTESIAN_POINT('',(-1.73205080756888,1.24887935570582E-14,-2.12646084449485));
#630=CARTESIAN_POINT('',(-1.29903810567666,-0.749999999999994,-2.08479417782819));
#631=CARTESIAN_POINT('',(-0.866025403784451,-1.49999999999999,-2.04312751116152));
#632=CARTESIAN_POINT('',(-8.17637129281897E-15,-1.5,-2.00146084449485));
#633=CARTESIAN_POINT('',(0.866025403784435,-1.5,-1.95979417782819));
#634=CARTESIAN_POINT('',(1.29903810567665,-0.750000000000009,-1.91812751116152));
#635=CARTESIAN_POINT('',(1.73205080756888,-6.40276212865934E-15,-1.87646084449485));
#636=CARTESIAN_POINT('',(1.29903810567666,0.74999999999999,-1.83479417782819));
#637=CARTESIAN_POINT('',(0.866025403784446,1.5,-1.79312751116152));
#638=CARTESIAN_POINT('',(3.03099779449033E-15,1.5,-1.75146084449485));
#639=CARTESIAN_POINT('',(-0.866025403784429,1.50000000000001,-1.70979417782819));
#640=CARTESIAN_POINT('',(-1.29903810567666,0.750000000000004,-1.66812751116152));
#641=CARTESIAN_POINT('',(-1.73205080756888,1.289495361634E-14,-1.62646084449485));
#642=CARTESIAN_POINT('',(-1.29903810567666,-0.749999999999994,-1.58479417782819));
#643=CARTESIAN_POINT('',(-0.866025403784451,-1.49999999999999,-1.54312751116152));
#644=CARTESIAN_POINT('',(-8.54376533256318E-15,-1.5,-1.50146084449485));
#645=CARTESIAN_POINT('',(0.866025403784434,-1.5,-1.45979417782819));
#646=CARTESIAN_POINT('',(1.29903810567665,-0.750000000000009,-1.41812751116152));
#647=CARTESIAN_POINT('',(1.73205080756888,-6.84506226035739E-15,-1.37646084449485));
#648=CARTESIAN_POINT('',(1.29903810567666,0.749999999999989,-1.33479417782819));
#649=CARTESIAN_POINT('',(0.866025403784446,1.5,-1.29312751116152));
#650=CARTESIAN_POINT('',(1.4056532870636E-14,1.5,-1.25146084449485));
#651=CARTESIAN_POINT('',(-0.866025403784429,1.50000000000001,-1.20979417782819));
#652=CARTESIAN_POINT('',(-1.29903810567666,0.750000000000004,-1.16812751116152));
#653=CARTESIAN_POINT('',(-1.73205080756888,1.33011136756219E-14,-1.12646084449485));
#654=CARTESIAN_POINT('',(-1.29903810567666,-0.749999999999994,-1.08479417782819));
#655=CARTESIAN_POINT('',(-0.866025403784452,-1.49999999999999,-1.04312751116152));
#656=CARTESIAN_POINT('',(-8.91115937230739E-15,-1.5,-1.00146084449485));
#657=CARTESIAN_POINT('',(0.866025403784423,-1.50000000000001,-0.959794177828187));
#658=CARTESIAN_POINT('',(1.29903810567665,-0.750000000000009,-0.918127511161521));
#659=CARTESIAN_POINT('',(1.73205080756888,-7.28736239205544E-15,-0.876460844494853));
#660=CARTESIAN_POINT('',(1.29903810567666,0.749999999999989,-0.834794177828187));
#661=CARTESIAN_POINT('',(0.866025403784447,1.5,-0.79312751116152));
#662=CARTESIAN_POINT('',(1.44239269103802E-14,1.5,-0.751460844494853));
#663=CARTESIAN_POINT('',(-0.866025403784428,1.50000000000001,-0.709794177828187));
#664=CARTESIAN_POINT('',(-1.29903810567666,0.750000000000005,-0.66812751116152));
#665=CARTESIAN_POINT('',(-1.73205080756888,1.37072737349038E-14,-0.626460844494854));
#666=CARTESIAN_POINT('',(-1.29903810567666,-0.749999999999993,-0.584794177828187));
#667=CARTESIAN_POINT('',(-0.866025403784441,-1.5,-0.54312751116152));
#668=CARTESIAN_POINT('',(-1.99366944484531E-14,-1.5,-0.501460844494854));
#669=CARTESIAN_POINT('',(0.866025403784423,-1.50000000000001,-0.459794177828187));
#670=CARTESIAN_POINT('',(1.29903810567665,-0.75000000000001,-0.41812751116152));
#671=CARTESIAN_POINT('',(1.73205080756888,-7.7296625237535E-15,-0.376460844494854));
#672=CARTESIAN_POINT('',(1.29903810567666,0.749999999999998,-0.334794177828186));
#673=CARTESIAN_POINT('',(0.866025403784458,1.49999999999999,-0.29312751116152));
#674=CARTESIAN_POINT('',(1.47913209501244E-14,1.5,-0.251460844494854));
#675=CARTESIAN_POINT('',(-0.866025403784428,1.50000000000001,-0.209794177828186));
#676=CARTESIAN_POINT('',(-1.29903810567665,0.750000000000005,-0.16812751116152));
#677=CARTESIAN_POINT('',(-1.73205080756888,1.80647260133084E-15,-0.126460844494854));
#678=CARTESIAN_POINT('',(-1.29903810567667,-0.749999999999984,-0.0847941778281871));
#679=CARTESIAN_POINT('',(-0.866025403784453,-1.49999999999999,-0.0431275111615198));
#680=CARTESIAN_POINT('',(-9.6459474517958E-15,-1.5,-0.00146084449485339));
#681=CARTESIAN_POINT('',(0.866025403784433,-1.5,0.040205822171813));
#682=CARTESIAN_POINT('',(1.29903810567665,-0.750000000000019,0.0818724888384803));
#683=CARTESIAN_POINT('',(1.73205080756888,-2.04789238483064E-14,0.123539155505147));
#684=CARTESIAN_POINT('',(1.29903810567666,0.749999999999988,0.165205822171813));
#685=CARTESIAN_POINT('',(0.866025403784447,1.49999999999999,0.20687248883848));
#686=CARTESIAN_POINT('',(4.50057395346715E-15,1.5,0.248539155505147));
#687=CARTESIAN_POINT('',(0.0301876858185399,-1.49969620377759,2.31659684535704E-13));
#688=CARTESIAN_POINT('',(0.,0.,0.));
#689=CARTESIAN_POINT('',(4.71331380990732E-14,1.5,0.));
#690=CARTESIAN_POINT('',(4.71331380990732E-14,1.5,-0.248539155505145));
#691=CARTESIAN_POINT('',(2.58168560262702E-14,1.5,-0.248539155505143));
#692=CARTESIAN_POINT('',(9.18454765366783E-17,1.5,-6.24853915550514));
#693=CARTESIAN_POINT('',(-0.866025403784438,1.5,-6.20687248883848));
#694=CARTESIAN_POINT('',(-1.29903810567666,0.75,-6.16520582217181));
#695=CARTESIAN_POINT('',(-1.73205080756888,4.33416693600383E-16,-6.12353915550514));
#696=CARTESIAN_POINT('',(-1.29903810567666,-0.749999999999999,-6.08187248883848));
#697=CARTESIAN_POINT('',(-0.866025403784439,-1.5,-6.04020582217181));
#698=CARTESIAN_POINT('',(-2.75542496408781E-16,-1.5,-5.99853915550514));
#699=CARTESIAN_POINT('',(0.866025403784438,-1.5,-5.95687248883848));
#700=CARTESIAN_POINT('',(1.29903810567666,-0.75,-5.91520582217181));
#701=CARTESIAN_POINT('',(1.73205080756888,-2.11956462402828E-16,-5.87353915550514));
#702=CARTESIAN_POINT('',(1.29903810567666,0.749999999999999,-5.83187248883848));
#703=CARTESIAN_POINT('',(0.866025403784439,1.5,-5.79020582217181));
#704=CARTESIAN_POINT('',(4.59239516280884E-16,1.5,-5.74853915550514));
#705=CARTESIAN_POINT('',(-0.866025403784437,1.5,-5.70687248883848));
#706=CARTESIAN_POINT('',(-1.29903810567666,0.750000000000001,-5.66520582217181));
#707=CARTESIAN_POINT('',(-1.73205080756888,2.3779469019891E-15,-5.62353915550514));
#708=CARTESIAN_POINT('',(-1.29903810567666,-0.749999999999998,-5.58187248883848));
#709=CARTESIAN_POINT('',(-0.866025403784441,-1.5,-5.54020582217181));
#710=CARTESIAN_POINT('',(-6.42936536152987E-16,-1.5,-5.49853915550514));
#711=CARTESIAN_POINT('',(0.866025403784437,-1.5,-5.45687248883848));
#712=CARTESIAN_POINT('',(1.29903810567666,-0.750000000000002,-5.41520582217181));
#713=CARTESIAN_POINT('',(1.73205080756888,-6.54256594100883E-16,-5.37353915550514));
#714=CARTESIAN_POINT('',(1.29903810567666,0.749999999999999,-5.33187248883848));
#715=CARTESIAN_POINT('',(0.866025403784441,1.5,-5.29020582217181));
#716=CARTESIAN_POINT('',(8.2663355602509E-16,1.5,-5.24853915550514));
#717=CARTESIAN_POINT('',(-0.866025403784437,1.5,-5.20687248883848));
#718=CARTESIAN_POINT('',(-1.29903810567666,0.750000000000002,-5.16520582217181));
#719=CARTESIAN_POINT('',(-1.73205080756888,4.32247711037783E-15,-5.12353915550514));
#720=CARTESIAN_POINT('',(-1.29903810567666,-0.749999999999998,-5.08187248883848));
#721=CARTESIAN_POINT('',(-0.866025403784441,-1.5,-5.04020582217181));
#722=CARTESIAN_POINT('',(-3.67486583499757E-15,-1.5,-4.99853915550514));
#723=CARTESIAN_POINT('',(0.866025403784436,-1.5,-4.95687248883848));
#724=CARTESIAN_POINT('',(1.29903810567666,-0.750000000000002,-4.91520582217181));
#725=CARTESIAN_POINT('',(1.73205080756888,-4.17329702401264E-15,-4.87353915550514));
#726=CARTESIAN_POINT('',(1.29903810567666,0.749999999999996,-4.83187248883848));
#727=CARTESIAN_POINT('',(0.866025403784444,1.5,-4.79020582217181));
#728=CARTESIAN_POINT('',(1.1940275957693E-15,1.5,-4.74853915550514));
#729=CARTESIAN_POINT('',(-0.866025403784436,1.5,-4.70687248883848));
#730=CARTESIAN_POINT('',(-1.29903810567666,0.750000000000003,-4.66520582217181));
#731=CARTESIAN_POINT('',(-1.73205080756888,4.7286371696597E-15,-4.62353915550514));
#732=CARTESIAN_POINT('',(-1.29903810567666,-0.749999999999996,-4.58187248883848));
#733=CARTESIAN_POINT('',(-0.866025403784444,-1.5,-4.54020582217181));
#734=CARTESIAN_POINT('',(-1.3777246156414E-15,-1.5,-4.49853915550514));
#735=CARTESIAN_POINT('',(0.866025403784436,-1.5,-4.45687248883848));
#736=CARTESIAN_POINT('',(1.29903810567666,-0.750000000000003,-4.41520582217181));
#737=CARTESIAN_POINT('',(1.73205080756888,-4.61559715571069E-15,-4.37353915550514));
#738=CARTESIAN_POINT('',(1.29903810567666,0.749999999999996,-4.33187248883848));
#739=CARTESIAN_POINT('',(0.866025403784444,1.5,-4.29020582217181));
#740=CARTESIAN_POINT('',(1.5614216355135E-15,1.5,-4.24853915550514));
#741=CARTESIAN_POINT('',(-0.866025403784436,1.5,-4.20687248883848));
#742=CARTESIAN_POINT('',(-1.29903810567666,0.750000000000003,-4.16520582217181));
#743=CARTESIAN_POINT('',(-1.73205080756888,5.13479722894157E-15,-4.12353915550514));
#744=CARTESIAN_POINT('',(-1.29903810567666,-0.749999999999995,-4.08187248883848));
#745=CARTESIAN_POINT('',(-0.866025403784444,-1.5,-4.04020582217181));
#746=CARTESIAN_POINT('',(-7.07418917358636E-15,-1.5,-3.99853915550514));
#747=CARTESIAN_POINT('',(0.866025403784436,-1.5,-3.95687248883848));
#748=CARTESIAN_POINT('',(1.29903810567666,-0.750000000000003,-3.91520582217181));
#749=CARTESIAN_POINT('',(1.73205080756888,-5.05789728740875E-15,-3.87353915550514));
#750=CARTESIAN_POINT('',(1.29903810567666,0.749999999999995,-3.83187248883848));
#751=CARTESIAN_POINT('',(0.866025403784445,1.5,-3.79020582217181));
#752=CARTESIAN_POINT('',(7.25788619345846E-15,1.5,-3.74853915550514));
#753=CARTESIAN_POINT('',(-0.866025403784436,1.5,-3.70687248883848));
#754=CARTESIAN_POINT('',(-1.29903810567666,0.750000000000003,-3.66520582217181));
#755=CARTESIAN_POINT('',(-1.73205080756888,1.16944378846508E-14,-3.62353915550514));
#756=CARTESIAN_POINT('',(-1.29903810567666,-0.749999999999995,-3.58187248883848));
#757=CARTESIAN_POINT('',(-0.86602540378444,-1.5,-3.54020582217181));
#758=CARTESIAN_POINT('',(-7.44158321333056E-15,-1.5,-3.49853915550514));
#759=CARTESIAN_POINT('',(0.866025403784435,-1.5,-3.45687248883848));
#760=CARTESIAN_POINT('',(1.29903810567665,-0.750000000000008,-3.41520582217181));
#761=CARTESIAN_POINT('',(1.73205080756888,-5.5001974191068E-15,-3.37353915550514));
#762=CARTESIAN_POINT('',(1.29903810567666,0.74999999999999,-3.33187248883848));
#763=CARTESIAN_POINT('',(0.866025403784445,1.5,-3.29020582217181));
#764=CARTESIAN_POINT('',(2.29620971500191E-15,1.5,-3.24853915550514));
#765=CARTESIAN_POINT('',(-0.86602540378443,1.5,-3.20687248883848));
#766=CARTESIAN_POINT('',(-1.29903810567666,0.750000000000004,-3.16520582217181));
#767=CARTESIAN_POINT('',(-1.73205080756888,1.21005979439327E-14,-3.12353915550514));
#768=CARTESIAN_POINT('',(-1.29903810567666,-0.749999999999995,-3.08187248883848));
#769=CARTESIAN_POINT('',(-0.86602540378444,-1.5,-3.04020582217181));
#770=CARTESIAN_POINT('',(-7.80897725307477E-15,-1.5,-2.99853915550514));
#771=CARTESIAN_POINT('',(0.866025403784435,-1.5,-2.95687248883848));
#772=CARTESIAN_POINT('',(1.29903810567665,-0.750000000000008,-2.91520582217181));
#773=CARTESIAN_POINT('',(1.73205080756888,-5.94249755080486E-15,-2.87353915550514));
#774=CARTESIAN_POINT('',(1.29903810567666,0.74999999999999,-2.83187248883848));
#775=CARTESIAN_POINT('',(0.866025403784446,1.5,-2.79020582217181));
#776=CARTESIAN_POINT('',(2.66360375474612E-15,1.5,-2.74853915550514));
#777=CARTESIAN_POINT('',(-0.86602540378443,1.5,-2.70687248883848));
#778=CARTESIAN_POINT('',(-1.29903810567666,0.750000000000004,-2.66520582217181));
#779=CARTESIAN_POINT('',(-1.73205080756888,1.25067580032146E-14,-2.62353915550514));
#780=CARTESIAN_POINT('',(-1.29903810567666,-0.749999999999994,-2.58187248883848));
#781=CARTESIAN_POINT('',(-0.866025403784451,-1.49999999999999,-2.54020582217181));
#782=CARTESIAN_POINT('',(-8.17637129281897E-15,-1.5,-2.49853915550514));
#783=CARTESIAN_POINT('',(0.866025403784435,-1.5,-2.45687248883848));
#784=CARTESIAN_POINT('',(1.29903810567665,-0.750000000000009,-2.41520582217181));
#785=CARTESIAN_POINT('',(1.73205080756888,-6.38479768250291E-15,-2.37353915550514));
#786=CARTESIAN_POINT('',(1.29903810567666,0.74999999999999,-2.33187248883848));
#787=CARTESIAN_POINT('',(0.866025403784446,1.5,-2.29020582217181));
#788=CARTESIAN_POINT('',(3.03099779449033E-15,1.5,-2.24853915550514));
#789=CARTESIAN_POINT('',(-0.866025403784429,1.50000000000001,-2.20687248883848));
#790=CARTESIAN_POINT('',(-1.29903810567666,0.750000000000004,-2.16520582217181));
#791=CARTESIAN_POINT('',(-1.73205080756888,1.29129180624965E-14,-2.12353915550514));
#792=CARTESIAN_POINT('',(-1.29903810567666,-0.749999999999994,-2.08187248883848));
#793=CARTESIAN_POINT('',(-0.866025403784451,-1.49999999999999,-2.04020582217181));
#794=CARTESIAN_POINT('',(-8.54376533256318E-15,-1.5,-1.99853915550514));
#795=CARTESIAN_POINT('',(0.866025403784434,-1.5,-1.95687248883848));
#796=CARTESIAN_POINT('',(1.29903810567665,-0.750000000000009,-1.91520582217181));
#797=CARTESIAN_POINT('',(1.73205080756888,-6.82709781420097E-15,-1.87353915550514));
#798=CARTESIAN_POINT('',(1.29903810567666,0.749999999999989,-1.83187248883848));
#799=CARTESIAN_POINT('',(0.866025403784446,1.5,-1.79020582217181));
#800=CARTESIAN_POINT('',(1.4056532870636E-14,1.5,-1.74853915550514));
#801=CARTESIAN_POINT('',(-0.866025403784429,1.50000000000001,-1.70687248883848));
#802=CARTESIAN_POINT('',(-1.29903810567666,0.750000000000004,-1.66520582217181));
#803=CARTESIAN_POINT('',(-1.73205080756888,1.33190781217783E-14,-1.62353915550514));
#804=CARTESIAN_POINT('',(-1.29903810567666,-0.749999999999994,-1.58187248883848));
#805=CARTESIAN_POINT('',(-0.866025403784452,-1.49999999999999,-1.54020582217181));
#806=CARTESIAN_POINT('',(-8.91115937230739E-15,-1.5,-1.49853915550514));
#807=CARTESIAN_POINT('',(0.866025403784423,-1.50000000000001,-1.45687248883848));
#808=CARTESIAN_POINT('',(1.29903810567665,-0.750000000000009,-1.41520582217181));
#809=CARTESIAN_POINT('',(1.73205080756888,-7.26939794589902E-15,-1.37353915550514));
#810=CARTESIAN_POINT('',(1.29903810567666,0.749999999999989,-1.33187248883848));
#811=CARTESIAN_POINT('',(0.866025403784447,1.5,-1.29020582217181));
#812=CARTESIAN_POINT('',(1.44239269103802E-14,1.5,-1.24853915550514));
#813=CARTESIAN_POINT('',(-0.866025403784428,1.50000000000001,-1.20687248883848));
#814=CARTESIAN_POINT('',(-1.29903810567666,0.750000000000005,-1.16520582217181));
#815=CARTESIAN_POINT('',(-1.73205080756888,1.37252381810602E-14,-1.12353915550514));
#816=CARTESIAN_POINT('',(-1.29903810567666,-0.749999999999993,-1.08187248883848));
#817=CARTESIAN_POINT('',(-0.866025403784441,-1.5,-1.04020582217181));
#818=CARTESIAN_POINT('',(-1.99366944484531E-14,-1.5,-0.998539155505142));
#819=CARTESIAN_POINT('',(0.866025403784423,-1.50000000000001,-0.956872488838475));
#820=CARTESIAN_POINT('',(1.29903810567665,-0.75000000000001,-0.915205822171809));
#821=CARTESIAN_POINT('',(1.73205080756888,-7.71169807759708E-15,-0.873539155505142));
#822=CARTESIAN_POINT('',(1.29903810567666,0.749999999999998,-0.831872488838475));
#823=CARTESIAN_POINT('',(0.866025403784458,1.49999999999999,-0.790205822171808));
#824=CARTESIAN_POINT('',(1.47913209501244E-14,1.5,-0.748539155505142));
#825=CARTESIAN_POINT('',(-0.866025403784428,1.50000000000001,-0.706872488838475));
#826=CARTESIAN_POINT('',(-1.29903810567665,0.750000000000005,-0.665205822171808));
#827=CARTESIAN_POINT('',(-1.73205080756888,1.82443704748726E-15,-0.623539155505142));
#828=CARTESIAN_POINT('',(-1.29903810567667,-0.749999999999984,-0.581872488838476));
#829=CARTESIAN_POINT('',(-0.866025403784453,-1.49999999999999,-0.540205822171808));
#830=CARTESIAN_POINT('',(-9.6459474517958E-15,-1.5,-0.498539155505142));
#831=CARTESIAN_POINT('',(0.866025403784433,-1.5,-0.456872488838475));
#832=CARTESIAN_POINT('',(1.29903810567665,-0.750000000000019,-0.415205822171808));
#833=CARTESIAN_POINT('',(1.73205080756888,-2.04609594021499E-14,-0.373539155505142));
#834=CARTESIAN_POINT('',(1.29903810567666,0.749999999999988,-0.331872488838475));
#835=CARTESIAN_POINT('',(0.866025403784447,1.49999999999999,-0.290205822171808));
#836=CARTESIAN_POINT('',(4.50057395346715E-15,1.5,-0.248539155505142));
#837=CARTESIAN_POINT('',(-0.0301876856957742,-1.49969620378006,-5.99999999999425));
#838=CARTESIAN_POINT('',(0.,0.,-6.));
#839=CARTESIAN_POINT('',(0.,0.,2.1));
#840=CARTESIAN_POINT('',(0.,0.,0.900000000000001));
#841=CARTESIAN_POINT('',(-2.75,0.,0.900000000000001));
#842=CARTESIAN_POINT('',(0.,0.,0.));
#843=CARTESIAN_POINT('',(2.75,0.,0.));
#844=CARTESIAN_POINT('',(0.,0.,0.));
#845=CARTESIAN_POINT('',(0.,0.,0.));
#846=CARTESIAN_POINT('',(0.,0.,-6.));
#847=CARTESIAN_POINT('',(7.28640780524314E-17,1.19,-6.));
#848=CARTESIAN_POINT('',(-0.35311184255697,1.21671047324827,-6.));
#849=CARTESIAN_POINT('',(-1.06590278664712,0.951295891753059,-6.00000000000002));
#850=CARTESIAN_POINT('',(-1.49488411594014,-0.110973841997238,-6.));
#851=CARTESIAN_POINT('',(-1.05389904594099,-1.15032100083322,-6.));
#852=CARTESIAN_POINT('',(-0.382697101863536,-1.47116995108567,-6.));
#853=CARTESIAN_POINT('',(-0.03018768581807,-1.49969620377734,-6.));
#854=CARTESIAN_POINT('',(7.28640780524314E-17,1.19,-6.));
#855=CARTESIAN_POINT('',(0.,0.,-6.));
#856=CARTESIAN_POINT('',(0.,0.,-6.866332328609));
#857=CARTESIAN_POINT('',(0.,0.,1.70857898749166));
#858=CARTESIAN_POINT('',(-2.16210688847677,0.,1.70857898749166));
#859=CARTESIAN_POINT('',(-1.75,-0.31,1.82392230969543));
#860=CARTESIAN_POINT('',(-1.75,-0.103333333333334,1.83385608194255));
#861=CARTESIAN_POINT('',(-1.75,0.103333333333333,1.83385608194255));
#862=CARTESIAN_POINT('',(-1.75,0.309999999999999,1.82392230969543));
#863=CARTESIAN_POINT('',(-1.75,-0.31,1.82392230969543));
#864=CARTESIAN_POINT('',(-1.75,0.309999999999999,1.82392230969543));
#865=CARTESIAN_POINT('',(-1.75,0.309999999999999,1.82392230969543));
#866=CARTESIAN_POINT('',(-1.28115150539087,0.31,1.95114150511804));
#867=CARTESIAN_POINT('',(-0.798065894777932,0.31,2.0450794406776));
#868=CARTESIAN_POINT('',(-0.31,0.31,2.08578641950137));
#869=CARTESIAN_POINT('',(-0.31,0.309999999999995,2.08578641950137));
#870=CARTESIAN_POINT('',(-0.31,0.310000000000004,2.08578641950141));
#871=CARTESIAN_POINT('',(-0.31,0.798126607097353,2.0450743769862));
#872=CARTESIAN_POINT('',(-0.31,1.27715635948544,1.95222556372873));
#873=CARTESIAN_POINT('',(-0.31,1.75,1.82392230969543));
#874=CARTESIAN_POINT('',(-0.31,1.75,1.82392230969543));
#875=CARTESIAN_POINT('',(-0.31,1.75,1.82392230969543));
#876=CARTESIAN_POINT('',(-0.103333333333333,1.75,1.83385608194255));
#877=CARTESIAN_POINT('',(0.103333333333333,1.75,1.83385608194255));
#878=CARTESIAN_POINT('',(0.309999999999999,1.75,1.82392230969543));
#879=CARTESIAN_POINT('',(0.31,1.75,1.82392230969543));
#880=CARTESIAN_POINT('',(0.31,1.75,1.82392230969543));
#881=CARTESIAN_POINT('',(0.31,1.28115150539087,1.95114150511804));
#882=CARTESIAN_POINT('',(0.31,0.798065894777932,2.0450794406776));
#883=CARTESIAN_POINT('',(0.31,0.31,2.08578641950137));
#884=CARTESIAN_POINT('',(0.309999999999995,0.31,2.08578641950137));
#885=CARTESIAN_POINT('',(0.310000000000004,0.31,2.08578641950141));
#886=CARTESIAN_POINT('',(0.798126607097353,0.31,2.0450743769862));
#887=CARTESIAN_POINT('',(1.27715635948544,0.31,1.95222556372873));
#888=CARTESIAN_POINT('',(1.75,0.31,1.82392230969543));
#889=CARTESIAN_POINT('',(1.75,0.31,1.82392230969543));
#890=CARTESIAN_POINT('',(1.75,0.31,1.82392230969543));
#891=CARTESIAN_POINT('',(1.75,0.103333333333333,1.83385608194255));
#892=CARTESIAN_POINT('',(1.75,-0.103333333333333,1.83385608194255));
#893=CARTESIAN_POINT('',(1.75,-0.309999999999999,1.82392230969543));
#894=CARTESIAN_POINT('',(1.75,-0.31,1.82392230969543));
#895=CARTESIAN_POINT('',(1.75,-0.31,1.82392230969543));
#896=CARTESIAN_POINT('',(1.28115150539087,-0.31,1.95114150511805));
#897=CARTESIAN_POINT('',(0.798065894777932,-0.31,2.04507944067761));
#898=CARTESIAN_POINT('',(0.310000000000001,-0.31,2.08578641950137));
#899=CARTESIAN_POINT('',(0.31,-0.309999999999995,2.08578641950137));
#900=CARTESIAN_POINT('',(0.31,-0.310000000000004,2.08578641950141));
#901=CARTESIAN_POINT('',(0.31,-0.798126607097352,2.0450743769862));
#902=CARTESIAN_POINT('',(0.31,-1.27715635948544,1.95222556372872));
#903=CARTESIAN_POINT('',(0.31,-1.75,1.82392230969543));
#904=CARTESIAN_POINT('',(0.31,-1.75,1.82392230969543));
#905=CARTESIAN_POINT('',(0.31,-1.75,1.82392230969543));
#906=CARTESIAN_POINT('',(0.103333333333334,-1.75,1.83385608194255));
#907=CARTESIAN_POINT('',(-0.103333333333333,-1.75,1.83385608194255));
#908=CARTESIAN_POINT('',(-0.309999999999999,-1.75,1.82392230969543));
#909=CARTESIAN_POINT('',(-0.309999999999999,-1.75,1.82392230969543));
#910=CARTESIAN_POINT('',(-0.309999999999999,-1.75,1.82392230969543));
#911=CARTESIAN_POINT('',(-0.309999999999999,-1.28115150539087,1.95114150511804));
#912=CARTESIAN_POINT('',(-0.31,-0.798065894777932,2.0450794406776));
#913=CARTESIAN_POINT('',(-0.31,-0.31,2.08578641950137));
#914=CARTESIAN_POINT('',(-0.31,-0.309999999999999,2.08578641950137));
#915=CARTESIAN_POINT('',(-0.310000000000008,-0.31,2.08578641950141));
#916=CARTESIAN_POINT('',(-0.798126607097356,-0.31,2.0450743769862));
#917=CARTESIAN_POINT('',(-1.27715635948544,-0.31,1.95222556372873));
#918=CARTESIAN_POINT('',(-1.75,-0.31,1.82392230969543));
#919=CARTESIAN_POINT('',(0.,0.,0.900000000000001));
#920=CARTESIAN_POINT('',(0.,0.,1.32));
#921=CARTESIAN_POINT('',(-1.75,-0.31,1.32));
#922=CARTESIAN_POINT('',(-1.75,-0.31,1.32));
#923=CARTESIAN_POINT('',(-1.75,0.309999999999999,1.32));
#924=CARTESIAN_POINT('',(-0.309999999999999,-0.31,1.32));
#925=CARTESIAN_POINT('',(-0.31,-0.309999999999999,1.32));
#926=CARTESIAN_POINT('',(-0.31,-0.309999999999999,1.32));
#927=CARTESIAN_POINT('',(-0.309999999999999,-1.75,1.32));
#928=CARTESIAN_POINT('',(-0.309999999999999,-1.75,1.32));
#929=CARTESIAN_POINT('',(0.31,-1.75,1.32));
#930=CARTESIAN_POINT('',(0.31,-1.75,1.32));
#931=CARTESIAN_POINT('',(0.31,-0.31,1.32));
#932=CARTESIAN_POINT('',(1.75,-0.31,1.32));
#933=CARTESIAN_POINT('',(1.75,-0.31,1.32));
#934=CARTESIAN_POINT('',(1.75,0.31,1.32));
#935=CARTESIAN_POINT('',(1.75,0.31,1.32));
#936=CARTESIAN_POINT('',(0.31,0.31,1.32));
#937=CARTESIAN_POINT('',(0.31,0.31,1.32));
#938=CARTESIAN_POINT('',(0.31,0.31,1.32));
#939=CARTESIAN_POINT('',(0.31,1.75,1.32));
#940=CARTESIAN_POINT('',(0.31,1.75,1.32));
#941=CARTESIAN_POINT('',(-0.31,1.75,1.32));
#942=CARTESIAN_POINT('',(-0.31,1.75,1.32));
#943=CARTESIAN_POINT('',(-0.309999999999999,0.31,1.32));
#944=CARTESIAN_POINT('',(-1.75,0.309999999999999,1.32));
#945=CARTESIAN_POINT('',(-0.309999999999999,-0.31,1.32));
#946=CARTESIAN_POINT('',(-0.31,-0.309999999999999,1.32));
#947=CARTESIAN_POINT('',(-1.75,-0.31,1.32));
#948=CARTESIAN_POINT('',(-0.31,-0.309999999999999,1.32));
#949=CARTESIAN_POINT('',(-0.309999999999999,-1.75,1.32));
#950=CARTESIAN_POINT('',(-0.309999999999999,-1.75,1.32));
#951=CARTESIAN_POINT('',(0.31,-1.75,1.32));
#952=CARTESIAN_POINT('',(0.31,-1.75,1.32));
#953=CARTESIAN_POINT('',(0.31,-0.31,1.32));
#954=CARTESIAN_POINT('',(1.75,-0.31,1.32));
#955=CARTESIAN_POINT('',(1.75,-0.31,1.32));
#956=CARTESIAN_POINT('',(1.75,0.31,1.32));
#957=CARTESIAN_POINT('',(1.75,0.31,1.32));
#958=CARTESIAN_POINT('',(0.31,0.31,1.32));
#959=CARTESIAN_POINT('',(0.31,0.31,1.32));
#960=CARTESIAN_POINT('',(0.31,0.31,1.32));
#961=CARTESIAN_POINT('',(0.31,1.75,1.32));
#962=CARTESIAN_POINT('',(0.31,1.75,1.32));
#963=CARTESIAN_POINT('',(-0.31,1.75,1.32));
#964=CARTESIAN_POINT('',(-0.31,1.75,1.32));
#965=CARTESIAN_POINT('',(-0.309999999999999,0.31,1.32));
#966=CARTESIAN_POINT('',(-1.75,0.309999999999999,1.32));
#967=CARTESIAN_POINT('',(-1.75,0.309999999999999,1.32));
#968=CARTESIAN_POINT('',(-1.75,-0.31,1.32));
#969=CARTESIAN_POINT('',(0.,0.,0.));
#970=CARTESIAN_POINT('',(9.18454765366783E-17,1.5,-5.75146084449486));
#971=CARTESIAN_POINT('',(7.28640780524314E-17,1.19,-6.));
#972=CARTESIAN_POINT('',(-0.687046820335654,1.19,-5.95833333333333));
#973=CARTESIAN_POINT('',(-1.03057023050348,0.595,-5.91666666666667));
#974=CARTESIAN_POINT('',(-1.37409364067131,3.80598084539571E-16,-5.875));
#975=CARTESIAN_POINT('',(-1.03057023050348,-0.594999999999999,-5.83333333333333));
#976=CARTESIAN_POINT('',(-0.687046820335655,-1.19,-5.79166666666667));
#977=CARTESIAN_POINT('',(-2.18597047150966E-16,-1.19,-5.75));
#978=CARTESIAN_POINT('',(0.687046820335654,-1.19,-5.70833333333333));
#979=CARTESIAN_POINT('',(1.03057023050348,-0.595,-5.66666666666667));
#980=CARTESIAN_POINT('',(1.37409364067131,-1.33265189631146E-16,-5.625));
#981=CARTESIAN_POINT('',(1.03057023050348,0.594999999999999,-5.58333333333333));
#982=CARTESIAN_POINT('',(0.687046820335655,1.19,-5.54166666666667));
#983=CARTESIAN_POINT('',(7.28640780524314E-17,1.19,-5.5));
#984=CARTESIAN_POINT('',(-0.687046820335654,1.19,-5.45833333333333));
#985=CARTESIAN_POINT('',(-1.03057023050348,0.595,-5.41666666666667));
#986=CARTESIAN_POINT('',(-1.37409364067131,3.62528048331479E-16,-5.375));
#987=CARTESIAN_POINT('',(-1.03057023050348,-0.594999999999999,-5.33333333333333));
#988=CARTESIAN_POINT('',(-0.687046820335655,-1.19,-5.29166666666667));
#989=CARTESIAN_POINT('',(-2.18597047150966E-16,-1.19,-5.25));
#990=CARTESIAN_POINT('',(0.687046820335654,-1.19,-5.20833333333333));
#991=CARTESIAN_POINT('',(1.03057023050348,-0.595,-5.16666666666667));
#992=CARTESIAN_POINT('',(1.37409364067131,-1.51335225839238E-16,-5.125));
#993=CARTESIAN_POINT('',(1.03057023050348,0.594999999999999,-5.08333333333333));
#994=CARTESIAN_POINT('',(0.687046820335655,1.19,-5.04166666666667));
#995=CARTESIAN_POINT('',(7.28640780524314E-17,1.19,-5.));
#996=CARTESIAN_POINT('',(-0.687046820335654,1.19,-4.95833333333333));
#997=CARTESIAN_POINT('',(-1.03057023050348,0.595,-4.91666666666667));
#998=CARTESIAN_POINT('',(-1.37409364067131,3.44458012123387E-16,-4.875));
#999=CARTESIAN_POINT('',(-1.03057023050348,-0.594999999999999,-4.83333333333333));
#1000=CARTESIAN_POINT('',(-0.687046820335655,-1.19,-4.79166666666667));
#1001=CARTESIAN_POINT('',(-2.18597047150966E-16,-1.19,-4.75));
#1002=CARTESIAN_POINT('',(0.687046820335654,-1.19,-4.70833333333333));
#1003=CARTESIAN_POINT('',(1.03057023050348,-0.595,-4.66666666666667));
#1004=CARTESIAN_POINT('',(1.37409364067131,-1.6940526204733E-16,-4.625));
#1005=CARTESIAN_POINT('',(1.03057023050348,0.594999999999999,-4.58333333333333));
#1006=CARTESIAN_POINT('',(0.687046820335655,1.19,-4.54166666666667));
#1007=CARTESIAN_POINT('',(7.28640780524314E-17,1.19,-4.5));
#1008=CARTESIAN_POINT('',(-0.687046820335654,1.19,-4.45833333333333));
#1009=CARTESIAN_POINT('',(-1.03057023050348,0.595,-4.41666666666667));
#1010=CARTESIAN_POINT('',(-1.37409364067131,3.26387975915296E-16,-4.375));
#1011=CARTESIAN_POINT('',(-1.03057023050348,-0.595,-4.33333333333333));
#1012=CARTESIAN_POINT('',(-0.687046820335655,-1.19,-4.29166666666667));
#1013=CARTESIAN_POINT('',(-2.18597047150966E-16,-1.19,-4.25));
#1014=CARTESIAN_POINT('',(0.687046820335654,-1.19,-4.20833333333333));
#1015=CARTESIAN_POINT('',(1.03057023050348,-0.595000000000001,-4.16666666666667));
#1016=CARTESIAN_POINT('',(1.37409364067131,-1.87475298255421E-16,-4.125));
#1017=CARTESIAN_POINT('',(1.03057023050348,0.594999999999999,-4.08333333333333));
#1018=CARTESIAN_POINT('',(0.687046820335655,1.19,-4.04166666666667));
#1019=CARTESIAN_POINT('',(7.28640780524314E-17,1.19,-4.));
#1020=CARTESIAN_POINT('',(-0.687046820335654,1.19,-3.95833333333333));
#1021=CARTESIAN_POINT('',(-1.03057023050348,0.595,-3.91666666666667));
#1022=CARTESIAN_POINT('',(-1.37409364067131,3.08317939707204E-16,-3.875));
#1023=CARTESIAN_POINT('',(-1.03057023050348,-0.595,-3.83333333333333));
#1024=CARTESIAN_POINT('',(-0.687046820335655,-1.19,-3.79166666666667));
#1025=CARTESIAN_POINT('',(-2.18597047150966E-16,-1.19,-3.75));
#1026=CARTESIAN_POINT('',(0.687046820335654,-1.19,-3.70833333333333));
#1027=CARTESIAN_POINT('',(1.03057023050348,-0.595000000000001,-3.66666666666667));
#1028=CARTESIAN_POINT('',(1.37409364067131,-2.05545334463513E-16,-3.625));
#1029=CARTESIAN_POINT('',(1.03057023050348,0.594999999999999,-3.58333333333333));
#1030=CARTESIAN_POINT('',(0.687046820335655,1.19,-3.54166666666667));
#1031=CARTESIAN_POINT('',(7.28640780524314E-17,1.19,-3.5));
#1032=CARTESIAN_POINT('',(-0.687046820335654,1.19,-3.45833333333333));
#1033=CARTESIAN_POINT('',(-1.03057023050348,0.595,-3.41666666666667));
#1034=CARTESIAN_POINT('',(-1.37409364067131,2.90247903499112E-16,-3.375));
#1035=CARTESIAN_POINT('',(-1.03057023050348,-0.595,-3.33333333333333));
#1036=CARTESIAN_POINT('',(-0.687046820335655,-1.19,-3.29166666666667));
#1037=CARTESIAN_POINT('',(-2.18597047150966E-16,-1.19,-3.25));
#1038=CARTESIAN_POINT('',(0.687046820335654,-1.19,-3.20833333333333));
#1039=CARTESIAN_POINT('',(1.03057023050348,-0.595000000000001,-3.16666666666667));
#1040=CARTESIAN_POINT('',(1.37409364067131,-2.23615370671605E-16,-3.125));
#1041=CARTESIAN_POINT('',(1.03057023050348,0.594999999999999,-3.08333333333333));
#1042=CARTESIAN_POINT('',(0.687046820335655,1.19,-3.04166666666667));
#1043=CARTESIAN_POINT('',(7.28640780524314E-17,1.19,-3.));
#1044=CARTESIAN_POINT('',(-0.687046820335654,1.19,-2.95833333333333));
#1045=CARTESIAN_POINT('',(-1.03057023050348,0.595,-2.91666666666667));
#1046=CARTESIAN_POINT('',(-1.37409364067131,2.7217786729102E-16,-2.875));
#1047=CARTESIAN_POINT('',(-1.03057023050348,-0.595,-2.83333333333333));
#1048=CARTESIAN_POINT('',(-0.687046820335655,-1.19,-2.79166666666666));
#1049=CARTESIAN_POINT('',(-2.18597047150966E-16,-1.19,-2.75));
#1050=CARTESIAN_POINT('',(0.687046820335654,-1.19,-2.70833333333333));
#1051=CARTESIAN_POINT('',(1.03057023050348,-0.595000000000001,-2.66666666666666));
#1052=CARTESIAN_POINT('',(1.37409364067131,-2.41685406879697E-16,-2.625));
#1053=CARTESIAN_POINT('',(1.03057023050348,0.594999999999999,-2.58333333333333));
#1054=CARTESIAN_POINT('',(0.687046820335655,1.19,-2.54166666666666));
#1055=CARTESIAN_POINT('',(7.28640780524314E-17,1.19,-2.5));
#1056=CARTESIAN_POINT('',(-0.687046820335654,1.19,-2.45833333333333));
#1057=CARTESIAN_POINT('',(-1.03057023050348,0.595,-2.41666666666667));
#1058=CARTESIAN_POINT('',(-1.37409364067131,2.54107831082929E-16,-2.375));
#1059=CARTESIAN_POINT('',(-1.03057023050348,-0.595,-2.33333333333333));
#1060=CARTESIAN_POINT('',(-0.687046820335655,-1.19,-2.29166666666666));
#1061=CARTESIAN_POINT('',(-2.18597047150966E-16,-1.19,-2.25));
#1062=CARTESIAN_POINT('',(0.687046820335654,-1.19,-2.20833333333333));
#1063=CARTESIAN_POINT('',(1.03057023050348,-0.595000000000001,-2.16666666666666));
#1064=CARTESIAN_POINT('',(1.37409364067131,-2.59755443087788E-16,-2.125));
#1065=CARTESIAN_POINT('',(1.03057023050348,0.594999999999999,-2.08333333333333));
#1066=CARTESIAN_POINT('',(0.687046820335655,1.19,-2.04166666666666));
#1067=CARTESIAN_POINT('',(7.28640780524314E-17,1.19,-2.));
#1068=CARTESIAN_POINT('',(-0.687046820335654,1.19,-1.95833333333333));
#1069=CARTESIAN_POINT('',(-1.03057023050348,0.595,-1.91666666666666));
#1070=CARTESIAN_POINT('',(-1.37409364067131,2.36037794874837E-16,-1.875));
#1071=CARTESIAN_POINT('',(-1.03057023050348,-0.595,-1.83333333333333));
#1072=CARTESIAN_POINT('',(-0.687046820335655,-1.19,-1.79166666666666));
#1073=CARTESIAN_POINT('',(-2.18597047150966E-16,-1.19,-1.75));
#1074=CARTESIAN_POINT('',(0.687046820335654,-1.19,-1.70833333333333));
#1075=CARTESIAN_POINT('',(1.03057023050348,-0.595000000000001,-1.66666666666666));
#1076=CARTESIAN_POINT('',(1.37409364067131,-2.7782547929588E-16,-1.625));
#1077=CARTESIAN_POINT('',(1.03057023050348,0.594999999999999,-1.58333333333333));
#1078=CARTESIAN_POINT('',(0.687046820335655,1.19,-1.54166666666666));
#1079=CARTESIAN_POINT('',(7.28640780524314E-17,1.19,-1.5));
#1080=CARTESIAN_POINT('',(-0.687046820335654,1.19,-1.45833333333333));
#1081=CARTESIAN_POINT('',(-1.03057023050348,0.595,-1.41666666666666));
#1082=CARTESIAN_POINT('',(-1.37409364067131,2.17967758666745E-16,-1.375));
#1083=CARTESIAN_POINT('',(-1.03057023050348,-0.595,-1.33333333333333));
#1084=CARTESIAN_POINT('',(-0.687046820335655,-1.19,-1.29166666666666));
#1085=CARTESIAN_POINT('',(-2.18597047150966E-16,-1.19,-1.25));
#1086=CARTESIAN_POINT('',(0.687046820335654,-1.19,-1.20833333333333));
#1087=CARTESIAN_POINT('',(1.03057023050348,-0.595000000000001,-1.16666666666666));
#1088=CARTESIAN_POINT('',(1.37409364067131,-2.95895515503972E-16,-1.125));
#1089=CARTESIAN_POINT('',(1.03057023050348,0.594999999999999,-1.08333333333333));
#1090=CARTESIAN_POINT('',(0.687046820335655,1.19,-1.04166666666666));
#1091=CARTESIAN_POINT('',(7.28640780524314E-17,1.19,-0.999999999999997));
#1092=CARTESIAN_POINT('',(-0.687046820335654,1.19,-0.958333333333331));
#1093=CARTESIAN_POINT('',(-1.03057023050348,0.595,-0.916666666666665));
#1094=CARTESIAN_POINT('',(-1.37409364067131,1.99897722458653E-16,-0.874999999999998));
#1095=CARTESIAN_POINT('',(-1.03057023050348,-0.595,-0.833333333333331));
#1096=CARTESIAN_POINT('',(-0.687046820335655,-1.19,-0.791666666666665));
#1097=CARTESIAN_POINT('',(-2.18597047150966E-16,-1.19,-0.749999999999998));
#1098=CARTESIAN_POINT('',(0.687046820335654,-1.19,-0.708333333333331));
#1099=CARTESIAN_POINT('',(1.03057023050348,-0.595000000000001,-0.666666666666664));
#1100=CARTESIAN_POINT('',(1.37409364067131,-3.13965551712064E-16,-0.624999999999998));
#1101=CARTESIAN_POINT('',(1.03057023050348,0.594999999999999,-0.583333333333331));
#1102=CARTESIAN_POINT('',(0.687046820335655,1.19,-0.541666666666664));
#1103=CARTESIAN_POINT('',(7.28640780524314E-17,1.19,-0.499999999999998));
#1104=CARTESIAN_POINT('',(-0.687046820335654,1.19,-0.458333333333331));
#1105=CARTESIAN_POINT('',(-1.03057023050348,0.595,-0.416666666666664));
#1106=CARTESIAN_POINT('',(-1.37409364067131,1.81827686250562E-16,-0.374999999999998));
#1107=CARTESIAN_POINT('',(-1.03057023050348,-0.595,-0.333333333333331));
#1108=CARTESIAN_POINT('',(-0.687046820335655,-1.19,-0.291666666666664));
#1109=CARTESIAN_POINT('',(-2.18597047150966E-16,-1.19,-0.249999999999998));
#1110=CARTESIAN_POINT('',(0.687046820335654,-1.19,-0.208333333333331));
#1111=CARTESIAN_POINT('',(1.03057023050348,-0.595000000000001,-0.166666666666664));
#1112=CARTESIAN_POINT('',(1.37409364067131,-3.32035587920155E-16,-0.124999999999998));
#1113=CARTESIAN_POINT('',(1.03057023050348,0.594999999999999,-0.0833333333333311));
#1114=CARTESIAN_POINT('',(0.687046820335655,1.19,-0.0416666666666638));
#1115=CARTESIAN_POINT('',(7.28640780524314E-17,1.19,2.60208521396521E-15));
#1116=CARTESIAN_POINT('',(9.18454765366783E-17,1.5,-6.24853915550514));
#1117=CARTESIAN_POINT('',(-0.866025403784438,1.5,-6.20687248883848));
#1118=CARTESIAN_POINT('',(-1.29903810567666,0.75,-6.16520582217181));
#1119=CARTESIAN_POINT('',(-1.73205080756888,4.33416693600383E-16,-6.12353915550514));
#1120=CARTESIAN_POINT('',(-1.29903810567666,-0.749999999999999,-6.08187248883848));
#1121=CARTESIAN_POINT('',(-0.866025403784439,-1.5,-6.04020582217181));
#1122=CARTESIAN_POINT('',(-2.75542496408781E-16,-1.5,-5.99853915550514));
#1123=CARTESIAN_POINT('',(0.866025403784438,-1.5,-5.95687248883848));
#1124=CARTESIAN_POINT('',(1.29903810567666,-0.75,-5.91520582217181));
#1125=CARTESIAN_POINT('',(1.73205080756888,-2.11956462402828E-16,-5.87353915550514));
#1126=CARTESIAN_POINT('',(1.29903810567666,0.749999999999999,-5.83187248883848));
#1127=CARTESIAN_POINT('',(0.866025403784439,1.5,-5.79020582217181));
#1128=CARTESIAN_POINT('',(9.18454765366783E-17,1.5,-5.74853915550514));
#1129=CARTESIAN_POINT('',(-0.866025403784438,1.5,-5.70687248883848));
#1130=CARTESIAN_POINT('',(-1.29903810567666,0.75,-5.66520582217181));
#1131=CARTESIAN_POINT('',(-1.73205080756888,4.15346657392291E-16,-5.62353915550514));
#1132=CARTESIAN_POINT('',(-1.29903810567666,-0.749999999999999,-5.58187248883848));
#1133=CARTESIAN_POINT('',(-0.866025403784439,-1.5,-5.54020582217181));
#1134=CARTESIAN_POINT('',(-2.75542496408781E-16,-1.5,-5.49853915550514));
#1135=CARTESIAN_POINT('',(0.866025403784438,-1.5,-5.45687248883848));
#1136=CARTESIAN_POINT('',(1.29903810567666,-0.75,-5.41520582217181));
#1137=CARTESIAN_POINT('',(1.73205080756888,-2.3002649861092E-16,-5.37353915550514));
#1138=CARTESIAN_POINT('',(1.29903810567666,0.749999999999999,-5.33187248883848));
#1139=CARTESIAN_POINT('',(0.866025403784439,1.5,-5.29020582217181));
#1140=CARTESIAN_POINT('',(9.18454765366783E-17,1.5,-5.24853915550514));
#1141=CARTESIAN_POINT('',(-0.866025403784438,1.5,-5.20687248883848));
#1142=CARTESIAN_POINT('',(-1.29903810567666,0.75,-5.16520582217181));
#1143=CARTESIAN_POINT('',(-1.73205080756888,3.97276621184199E-16,-5.12353915550514));
#1144=CARTESIAN_POINT('',(-1.29903810567666,-0.749999999999999,-5.08187248883848));
#1145=CARTESIAN_POINT('',(-0.866025403784439,-1.5,-5.04020582217181));
#1146=CARTESIAN_POINT('',(-2.75542496408781E-16,-1.5,-4.99853915550514));
#1147=CARTESIAN_POINT('',(0.866025403784438,-1.5,-4.95687248883848));
#1148=CARTESIAN_POINT('',(1.29903810567666,-0.75,-4.91520582217181));
#1149=CARTESIAN_POINT('',(1.73205080756888,-2.48096534819012E-16,-4.87353915550514));
#1150=CARTESIAN_POINT('',(1.29903810567666,0.749999999999999,-4.83187248883848));
#1151=CARTESIAN_POINT('',(0.866025403784439,1.5,-4.79020582217181));
#1152=CARTESIAN_POINT('',(9.18454765366783E-17,1.5,-4.74853915550514));
#1153=CARTESIAN_POINT('',(-0.866025403784438,1.5,-4.70687248883848));
#1154=CARTESIAN_POINT('',(-1.29903810567666,0.75,-4.66520582217181));
#1155=CARTESIAN_POINT('',(-1.73205080756888,3.79206584976108E-16,-4.62353915550514));
#1156=CARTESIAN_POINT('',(-1.29903810567666,-0.749999999999999,-4.58187248883848));
#1157=CARTESIAN_POINT('',(-0.866025403784439,-1.5,-4.54020582217181));
#1158=CARTESIAN_POINT('',(-2.75542496408781E-16,-1.5,-4.49853915550514));
#1159=CARTESIAN_POINT('',(0.866025403784438,-1.5,-4.45687248883848));
#1160=CARTESIAN_POINT('',(1.29903810567666,-0.750000000000001,-4.41520582217181));
#1161=CARTESIAN_POINT('',(1.73205080756888,-2.66166571027103E-16,-4.37353915550514));
#1162=CARTESIAN_POINT('',(1.29903810567666,0.749999999999999,-4.33187248883848));
#1163=CARTESIAN_POINT('',(0.866025403784439,1.5,-4.29020582217181));
#1164=CARTESIAN_POINT('',(9.18454765366783E-17,1.5,-4.24853915550514));
#1165=CARTESIAN_POINT('',(-0.866025403784438,1.5,-4.20687248883848));
#1166=CARTESIAN_POINT('',(-1.29903810567666,0.75,-4.16520582217181));
#1167=CARTESIAN_POINT('',(-1.73205080756888,3.61136548768016E-16,-4.12353915550514));
#1168=CARTESIAN_POINT('',(-1.29903810567666,-0.749999999999999,-4.08187248883848));
#1169=CARTESIAN_POINT('',(-0.866025403784439,-1.5,-4.04020582217181));
#1170=CARTESIAN_POINT('',(-2.75542496408781E-16,-1.5,-3.99853915550514));
#1171=CARTESIAN_POINT('',(0.866025403784438,-1.5,-3.95687248883848));
#1172=CARTESIAN_POINT('',(1.29903810567666,-0.750000000000001,-3.91520582217181));
#1173=CARTESIAN_POINT('',(1.73205080756888,-2.84236607235195E-16,-3.87353915550514));
#1174=CARTESIAN_POINT('',(1.29903810567666,0.749999999999999,-3.83187248883848));
#1175=CARTESIAN_POINT('',(0.866025403784439,1.5,-3.79020582217181));
#1176=CARTESIAN_POINT('',(9.18454765366783E-17,1.5,-3.74853915550514));
#1177=CARTESIAN_POINT('',(-0.866025403784438,1.5,-3.70687248883848));
#1178=CARTESIAN_POINT('',(-1.29903810567666,0.75,-3.66520582217181));
#1179=CARTESIAN_POINT('',(-1.73205080756888,3.43066512559924E-16,-3.62353915550514));
#1180=CARTESIAN_POINT('',(-1.29903810567666,-0.749999999999999,-3.58187248883848));
#1181=CARTESIAN_POINT('',(-0.866025403784439,-1.5,-3.54020582217181));
#1182=CARTESIAN_POINT('',(-2.75542496408781E-16,-1.5,-3.49853915550514));
#1183=CARTESIAN_POINT('',(0.866025403784438,-1.5,-3.45687248883848));
#1184=CARTESIAN_POINT('',(1.29903810567666,-0.750000000000001,-3.41520582217181));
#1185=CARTESIAN_POINT('',(1.73205080756888,-3.02306643443287E-16,-3.37353915550514));
#1186=CARTESIAN_POINT('',(1.29903810567666,0.749999999999999,-3.33187248883848));
#1187=CARTESIAN_POINT('',(0.866025403784439,1.5,-3.29020582217181));
#1188=CARTESIAN_POINT('',(9.18454765366783E-17,1.5,-3.24853915550514));
#1189=CARTESIAN_POINT('',(-0.866025403784438,1.5,-3.20687248883848));
#1190=CARTESIAN_POINT('',(-1.29903810567666,0.75,-3.16520582217181));
#1191=CARTESIAN_POINT('',(-1.73205080756888,3.24996476351832E-16,-3.12353915550514));
#1192=CARTESIAN_POINT('',(-1.29903810567666,-0.749999999999999,-3.08187248883848));
#1193=CARTESIAN_POINT('',(-0.866025403784439,-1.5,-3.04020582217181));
#1194=CARTESIAN_POINT('',(-2.75542496408781E-16,-1.5,-2.99853915550514));
#1195=CARTESIAN_POINT('',(0.866025403784438,-1.5,-2.95687248883848));
#1196=CARTESIAN_POINT('',(1.29903810567666,-0.750000000000001,-2.91520582217181));
#1197=CARTESIAN_POINT('',(1.73205080756888,-3.20376679651379E-16,-2.87353915550514));
#1198=CARTESIAN_POINT('',(1.29903810567666,0.749999999999999,-2.83187248883848));
#1199=CARTESIAN_POINT('',(0.866025403784439,1.5,-2.79020582217181));
#1200=CARTESIAN_POINT('',(9.18454765366783E-17,1.5,-2.74853915550514));
#1201=CARTESIAN_POINT('',(-0.866025403784438,1.5,-2.70687248883848));
#1202=CARTESIAN_POINT('',(-1.29903810567666,0.75,-2.66520582217181));
#1203=CARTESIAN_POINT('',(-1.73205080756888,3.06926440143741E-16,-2.62353915550514));
#1204=CARTESIAN_POINT('',(-1.29903810567666,-0.749999999999999,-2.58187248883848));
#1205=CARTESIAN_POINT('',(-0.866025403784439,-1.5,-2.54020582217181));
#1206=CARTESIAN_POINT('',(-2.75542496408781E-16,-1.5,-2.49853915550514));
#1207=CARTESIAN_POINT('',(0.866025403784438,-1.5,-2.45687248883848));
#1208=CARTESIAN_POINT('',(1.29903810567666,-0.750000000000001,-2.41520582217181));
#1209=CARTESIAN_POINT('',(1.73205080756888,-3.3844671585947E-16,-2.37353915550514));
#1210=CARTESIAN_POINT('',(1.29903810567666,0.749999999999999,-2.33187248883848));
#1211=CARTESIAN_POINT('',(0.866025403784439,1.5,-2.29020582217181));
#1212=CARTESIAN_POINT('',(9.18454765366783E-17,1.5,-2.24853915550514));
#1213=CARTESIAN_POINT('',(-0.866025403784438,1.5,-2.20687248883848));
#1214=CARTESIAN_POINT('',(-1.29903810567666,0.75,-2.16520582217181));
#1215=CARTESIAN_POINT('',(-1.73205080756888,2.88856403935649E-16,-2.12353915550514));
#1216=CARTESIAN_POINT('',(-1.29903810567666,-0.749999999999999,-2.08187248883848));
#1217=CARTESIAN_POINT('',(-0.866025403784439,-1.5,-2.04020582217181));
#1218=CARTESIAN_POINT('',(-2.75542496408781E-16,-1.5,-1.99853915550514));
#1219=CARTESIAN_POINT('',(0.866025403784438,-1.5,-1.95687248883848));
#1220=CARTESIAN_POINT('',(1.29903810567666,-0.750000000000001,-1.91520582217181));
#1221=CARTESIAN_POINT('',(1.73205080756888,-3.56516752067562E-16,-1.87353915550514));
#1222=CARTESIAN_POINT('',(1.29903810567666,0.749999999999999,-1.83187248883848));
#1223=CARTESIAN_POINT('',(0.866025403784439,1.5,-1.79020582217181));
#1224=CARTESIAN_POINT('',(9.18454765366783E-17,1.5,-1.74853915550514));
#1225=CARTESIAN_POINT('',(-0.866025403784438,1.5,-1.70687248883848));
#1226=CARTESIAN_POINT('',(-1.29903810567666,0.75,-1.66520582217181));
#1227=CARTESIAN_POINT('',(-1.73205080756888,2.70786367727557E-16,-1.62353915550514));
#1228=CARTESIAN_POINT('',(-1.29903810567666,-0.749999999999999,-1.58187248883848));
#1229=CARTESIAN_POINT('',(-0.866025403784439,-1.5,-1.54020582217181));
#1230=CARTESIAN_POINT('',(-2.75542496408781E-16,-1.5,-1.49853915550514));
#1231=CARTESIAN_POINT('',(0.866025403784438,-1.5,-1.45687248883848));
#1232=CARTESIAN_POINT('',(1.29903810567666,-0.750000000000001,-1.41520582217181));
#1233=CARTESIAN_POINT('',(1.73205080756888,-3.74586788275654E-16,-1.37353915550514));
#1234=CARTESIAN_POINT('',(1.29903810567666,0.749999999999999,-1.33187248883848));
#1235=CARTESIAN_POINT('',(0.866025403784439,1.5,-1.29020582217181));
#1236=CARTESIAN_POINT('',(9.18454765366783E-17,1.5,-1.24853915550514));
#1237=CARTESIAN_POINT('',(-0.866025403784438,1.5,-1.20687248883848));
#1238=CARTESIAN_POINT('',(-1.29903810567666,0.75,-1.16520582217181));
#1239=CARTESIAN_POINT('',(-1.73205080756888,2.52716331519465E-16,-1.12353915550514));
#1240=CARTESIAN_POINT('',(-1.29903810567666,-0.749999999999999,-1.08187248883848));
#1241=CARTESIAN_POINT('',(-0.866025403784439,-1.5,-1.04020582217181));
#1242=CARTESIAN_POINT('',(-2.75542496408781E-16,-1.5,-0.998539155505142));
#1243=CARTESIAN_POINT('',(0.866025403784438,-1.5,-0.956872488838475));
#1244=CARTESIAN_POINT('',(1.29903810567666,-0.750000000000001,-0.915205822171809));
#1245=CARTESIAN_POINT('',(1.73205080756888,-3.92656824483746E-16,-0.873539155505142));
#1246=CARTESIAN_POINT('',(1.29903810567666,0.749999999999999,-0.831872488838475));
#1247=CARTESIAN_POINT('',(0.866025403784439,1.5,-0.790205822171808));
#1248=CARTESIAN_POINT('',(9.18454765366783E-17,1.5,-0.748539155505142));
#1249=CARTESIAN_POINT('',(-0.866025403784438,1.5,-0.706872488838475));
#1250=CARTESIAN_POINT('',(-1.29903810567666,0.75,-0.665205822171808));
#1251=CARTESIAN_POINT('',(-1.73205080756888,2.34646295311374E-16,-0.623539155505142));
#1252=CARTESIAN_POINT('',(-1.29903810567666,-0.749999999999999,-0.581872488838476));
#1253=CARTESIAN_POINT('',(-0.866025403784439,-1.5,-0.540205822171808));
#1254=CARTESIAN_POINT('',(-2.75542496408781E-16,-1.5,-0.498539155505142));
#1255=CARTESIAN_POINT('',(0.866025403784438,-1.5,-0.456872488838475));
#1256=CARTESIAN_POINT('',(1.29903810567666,-0.750000000000001,-0.415205822171808));
#1257=CARTESIAN_POINT('',(1.73205080756888,-4.10726860691837E-16,-0.373539155505142));
#1258=CARTESIAN_POINT('',(1.29903810567666,0.749999999999999,-0.331872488838475));
#1259=CARTESIAN_POINT('',(0.866025403784439,1.5,-0.290205822171808));
#1260=CARTESIAN_POINT('',(9.18454765366783E-17,1.5,-0.248539155505142));
#1261=CARTESIAN_POINT('',(3.7392289558598E-14,1.19,-8.67361737988404E-16));
#1262=CARTESIAN_POINT('',(2.04813724475077E-14,1.19,8.67361737988404E-16));
#1263=CARTESIAN_POINT('',(7.28640780524314E-17,1.19,-6.));
#1264=CARTESIAN_POINT('',(-0.687046820335654,1.19,-5.95833333333333));
#1265=CARTESIAN_POINT('',(-1.03057023050348,0.595,-5.91666666666667));
#1266=CARTESIAN_POINT('',(-1.37409364067131,3.80598084539571E-16,-5.875));
#1267=CARTESIAN_POINT('',(-1.03057023050348,-0.594999999999999,-5.83333333333333));
#1268=CARTESIAN_POINT('',(-0.687046820335655,-1.19,-5.79166666666667));
#1269=CARTESIAN_POINT('',(-2.18597047150966E-16,-1.19,-5.75));
#1270=CARTESIAN_POINT('',(0.687046820335654,-1.19,-5.70833333333333));
#1271=CARTESIAN_POINT('',(1.03057023050348,-0.595,-5.66666666666667));
#1272=CARTESIAN_POINT('',(1.37409364067131,-1.33265189631146E-16,-5.625));
#1273=CARTESIAN_POINT('',(1.03057023050348,0.594999999999999,-5.58333333333333));
#1274=CARTESIAN_POINT('',(0.687046820335655,1.19,-5.54166666666667));
#1275=CARTESIAN_POINT('',(3.64330016249501E-16,1.19,-5.5));
#1276=CARTESIAN_POINT('',(-0.687046820335653,1.19,-5.45833333333333));
#1277=CARTESIAN_POINT('',(-1.03057023050348,0.595000000000001,-5.41666666666667));
#1278=CARTESIAN_POINT('',(-1.37409364067131,1.91952424237828E-15,-5.375));
#1279=CARTESIAN_POINT('',(-1.03057023050348,-0.594999999999999,-5.33333333333333));
#1280=CARTESIAN_POINT('',(-0.687046820335656,-1.19,-5.29166666666667));
#1281=CARTESIAN_POINT('',(-5.10062985348036E-16,-1.19,-5.25));
#1282=CARTESIAN_POINT('',(0.687046820335653,-1.19,-5.20833333333333));
#1283=CARTESIAN_POINT('',(1.03057023050348,-0.595000000000001,-5.16666666666667));
#1284=CARTESIAN_POINT('',(1.37409364067131,-4.87891101594608E-16,-5.125));
#1285=CARTESIAN_POINT('',(1.03057023050348,0.594999999999999,-5.08333333333333));
#1286=CARTESIAN_POINT('',(0.687046820335657,1.19,-5.04166666666667));
#1287=CARTESIAN_POINT('',(6.55795954446572E-16,1.19,-5.));
#1288=CARTESIAN_POINT('',(-0.687046820335653,1.19,-4.95833333333333));
#1289=CARTESIAN_POINT('',(-1.03057023050348,0.595000000000002,-4.91666666666667));
#1290=CARTESIAN_POINT('',(-1.37409364067131,3.458450400217E-15,-4.875));
#1291=CARTESIAN_POINT('',(-1.03057023050348,-0.594999999999998,-4.83333333333333));
#1292=CARTESIAN_POINT('',(-0.687046820335657,-1.19,-4.79166666666667));
#1293=CARTESIAN_POINT('',(-2.9153935624314E-15,-1.19,-4.75));
#1294=CARTESIAN_POINT('',(0.687046820335653,-1.19,-4.70833333333333));
#1295=CARTESIAN_POINT('',(1.03057023050348,-0.595000000000002,-4.66666666666667));
#1296=CARTESIAN_POINT('',(1.37409364067131,-3.28339765014094E-15,-4.625));
#1297=CARTESIAN_POINT('',(1.03057023050348,0.594999999999997,-4.58333333333333));
#1298=CARTESIAN_POINT('',(0.687046820335659,1.19,-4.54166666666667));
#1299=CARTESIAN_POINT('',(9.47261892643642E-16,1.19,-4.5));
#1300=CARTESIAN_POINT('',(-0.687046820335653,1.19,-4.45833333333333));
#1301=CARTESIAN_POINT('',(-1.03057023050348,0.595000000000002,-4.41666666666667));
#1302=CARTESIAN_POINT('',(-1.37409364067131,3.77693623976428E-15,-4.375));
#1303=CARTESIAN_POINT('',(-1.03057023050348,-0.594999999999996,-4.33333333333333));
#1304=CARTESIAN_POINT('',(-0.687046820335659,-1.19,-4.29166666666667));
#1305=CARTESIAN_POINT('',(-1.09299486174218E-15,-1.19,-4.25));
#1306=CARTESIAN_POINT('',(0.687046820335653,-1.19,-4.20833333333333));
#1307=CARTESIAN_POINT('',(1.03057023050348,-0.595000000000002,-4.16666666666667));
#1308=CARTESIAN_POINT('',(1.37409364067131,-3.6380235621044E-15,-4.125));
#1309=CARTESIAN_POINT('',(1.03057023050348,0.594999999999996,-4.08333333333333));
#1310=CARTESIAN_POINT('',(0.687046820335659,1.19,-4.04166666666667));
#1311=CARTESIAN_POINT('',(1.23872783084071E-15,1.19,-4.));
#1312=CARTESIAN_POINT('',(-0.687046820335653,1.19,-3.95833333333333));
#1313=CARTESIAN_POINT('',(-1.03057023050348,0.595000000000002,-3.91666666666667));
#1314=CARTESIAN_POINT('',(-1.37409364067131,4.09542207931155E-15,-3.875));
#1315=CARTESIAN_POINT('',(-1.03057023050348,-0.594999999999996,-3.83333333333333));
#1316=CARTESIAN_POINT('',(-0.687046820335659,-1.19,-3.79166666666667));
#1317=CARTESIAN_POINT('',(-5.61219007771184E-15,-1.19,-3.75));
#1318=CARTESIAN_POINT('',(0.687046820335652,-1.19,-3.70833333333333));
#1319=CARTESIAN_POINT('',(1.03057023050348,-0.595000000000002,-3.66666666666667));
#1320=CARTESIAN_POINT('',(1.37409364067131,-3.99264947406786E-15,-3.625));
#1321=CARTESIAN_POINT('',(1.03057023050348,0.594999999999996,-3.58333333333333));
#1322=CARTESIAN_POINT('',(0.68704682033566,1.19,-3.54166666666667));
#1323=CARTESIAN_POINT('',(5.75792304681038E-15,1.19,-3.5));
#1324=CARTESIAN_POINT('',(-0.687046820335652,1.19,-3.45833333333333));
#1325=CARTESIAN_POINT('',(-1.03057023050348,0.595000000000003,-3.41666666666667));
#1326=CARTESIAN_POINT('',(-1.37409364067131,9.29566919202457E-15,-3.375));
#1327=CARTESIAN_POINT('',(-1.03057023050348,-0.594999999999996,-3.33333333333333));
#1328=CARTESIAN_POINT('',(-0.687046820335656,-1.19,-3.29166666666667));
#1329=CARTESIAN_POINT('',(-5.90365601590891E-15,-1.19,-3.25));
#1330=CARTESIAN_POINT('',(0.687046820335652,-1.19,-3.20833333333333));
#1331=CARTESIAN_POINT('',(1.03057023050348,-0.595000000000006,-3.16666666666667));
#1332=CARTESIAN_POINT('',(1.37409364067131,-4.34727538603133E-15,-3.125));
#1333=CARTESIAN_POINT('',(1.03057023050349,0.594999999999992,-3.08333333333333));
#1334=CARTESIAN_POINT('',(0.68704682033566,1.19,-3.04166666666667));
#1335=CARTESIAN_POINT('',(1.82165970723485E-15,1.19,-3.));
#1336=CARTESIAN_POINT('',(-0.687046820335648,1.19,-2.95833333333333));
#1337=CARTESIAN_POINT('',(-1.03057023050348,0.595000000000003,-2.91666666666667));
#1338=CARTESIAN_POINT('',(-1.37409364067131,9.61415503157185E-15,-2.875));
#1339=CARTESIAN_POINT('',(-1.03057023050348,-0.594999999999996,-2.83333333333333));
#1340=CARTESIAN_POINT('',(-0.687046820335656,-1.19,-2.79166666666666));
#1341=CARTESIAN_POINT('',(-6.19512195410598E-15,-1.19,-2.75));
#1342=CARTESIAN_POINT('',(0.687046820335652,-1.19,-2.70833333333333));
#1343=CARTESIAN_POINT('',(1.03057023050348,-0.595000000000007,-2.66666666666666));
#1344=CARTESIAN_POINT('',(1.37409364067131,-4.70190129799479E-15,-2.625));
#1345=CARTESIAN_POINT('',(1.03057023050349,0.594999999999992,-2.58333333333333));
#1346=CARTESIAN_POINT('',(0.68704682033566,1.19,-2.54166666666666));
#1347=CARTESIAN_POINT('',(2.11312564543192E-15,1.19,-2.5));
#1348=CARTESIAN_POINT('',(-0.687046820335648,1.19,-2.45833333333333));
#1349=CARTESIAN_POINT('',(-1.03057023050348,0.595000000000003,-2.41666666666667));
#1350=CARTESIAN_POINT('',(-1.37409364067131,9.93264087111913E-15,-2.375));
#1351=CARTESIAN_POINT('',(-1.03057023050348,-0.594999999999995,-2.33333333333333));
#1352=CARTESIAN_POINT('',(-0.687046820335665,-1.18999999999999,-2.29166666666666));
#1353=CARTESIAN_POINT('',(-6.48658789230305E-15,-1.19,-2.25));
#1354=CARTESIAN_POINT('',(0.687046820335651,-1.19,-2.20833333333333));
#1355=CARTESIAN_POINT('',(1.03057023050348,-0.595000000000007,-2.16666666666666));
#1356=CARTESIAN_POINT('',(1.37409364067131,-5.05652720995825E-15,-2.125));
#1357=CARTESIAN_POINT('',(1.03057023050349,0.594999999999992,-2.08333333333333));
#1358=CARTESIAN_POINT('',(0.68704682033566,1.19,-2.04166666666666));
#1359=CARTESIAN_POINT('',(2.40459158362899E-15,1.19,-2.));
#1360=CARTESIAN_POINT('',(-0.687046820335647,1.19,-1.95833333333333));
#1361=CARTESIAN_POINT('',(-1.03057023050348,0.595000000000003,-1.91666666666666));
#1362=CARTESIAN_POINT('',(-1.37409364067131,1.02511267106664E-14,-1.875));
#1363=CARTESIAN_POINT('',(-1.03057023050348,-0.594999999999995,-1.83333333333333));
#1364=CARTESIAN_POINT('',(-0.687046820335665,-1.18999999999999,-1.79166666666666));
#1365=CARTESIAN_POINT('',(-6.77805383050012E-15,-1.19,-1.75));
#1366=CARTESIAN_POINT('',(0.687046820335651,-1.19,-1.70833333333333));
#1367=CARTESIAN_POINT('',(1.03057023050348,-0.595000000000007,-1.66666666666666));
#1368=CARTESIAN_POINT('',(1.37409364067131,-5.41115312192171E-15,-1.625));
#1369=CARTESIAN_POINT('',(1.03057023050349,0.594999999999992,-1.58333333333333));
#1370=CARTESIAN_POINT('',(0.687046820335661,1.19,-1.54166666666666));
#1371=CARTESIAN_POINT('',(1.11515160773713E-14,1.19,-1.5));
#1372=CARTESIAN_POINT('',(-0.687046820335647,1.19,-1.45833333333333));
#1373=CARTESIAN_POINT('',(-1.03057023050348,0.595000000000004,-1.41666666666666));
#1374=CARTESIAN_POINT('',(-1.37409364067131,1.05696125502137E-14,-1.375));
#1375=CARTESIAN_POINT('',(-1.03057023050348,-0.594999999999995,-1.33333333333333));
#1376=CARTESIAN_POINT('',(-0.687046820335665,-1.18999999999999,-1.29166666666666));
#1377=CARTESIAN_POINT('',(-7.06951976869719E-15,-1.19,-1.25));
#1378=CARTESIAN_POINT('',(0.687046820335642,-1.19000000000001,-1.20833333333333));
#1379=CARTESIAN_POINT('',(1.03057023050348,-0.595000000000007,-1.16666666666666));
#1380=CARTESIAN_POINT('',(1.37409364067131,-5.76577903388518E-15,-1.125));
#1381=CARTESIAN_POINT('',(1.03057023050349,0.594999999999991,-1.08333333333333));
#1382=CARTESIAN_POINT('',(0.687046820335661,1.19,-1.04166666666666));
#1383=CARTESIAN_POINT('',(1.14429820155683E-14,1.19,-0.999999999999997));
#1384=CARTESIAN_POINT('',(-0.687046820335646,1.19,-0.958333333333331));
#1385=CARTESIAN_POINT('',(-1.03057023050348,0.595000000000004,-0.916666666666665));
#1386=CARTESIAN_POINT('',(-1.37409364067131,1.0888098389761E-14,-0.874999999999998));
#1387=CARTESIAN_POINT('',(-1.03057023050348,-0.594999999999995,-0.833333333333331));
#1388=CARTESIAN_POINT('',(-0.687046820335657,-1.19,-0.791666666666665));
#1389=CARTESIAN_POINT('',(-1.58164442624395E-14,-1.19,-0.749999999999998));
#1390=CARTESIAN_POINT('',(0.687046820335642,-1.19000000000001,-0.708333333333331));
#1391=CARTESIAN_POINT('',(1.03057023050348,-0.595000000000008,-0.666666666666664));
#1392=CARTESIAN_POINT('',(1.37409364067131,-6.12040494584864E-15,-0.624999999999998));
#1393=CARTESIAN_POINT('',(1.03057023050348,0.594999999999998,-0.583333333333331));
#1394=CARTESIAN_POINT('',(0.68704682033567,1.18999999999999,-0.541666666666664));
#1395=CARTESIAN_POINT('',(1.17344479537654E-14,1.19,-0.499999999999998));
#1396=CARTESIAN_POINT('',(-0.687046820335646,1.19,-0.458333333333331));
#1397=CARTESIAN_POINT('',(-1.03057023050348,0.595000000000004,-0.416666666666664));
#1398=CARTESIAN_POINT('',(-1.37409364067131,1.44306168297677E-15,-0.374999999999998));
#1399=CARTESIAN_POINT('',(-1.03057023050349,-0.594999999999987,-0.333333333333331));
#1400=CARTESIAN_POINT('',(-0.687046820335666,-1.18999999999999,-0.291666666666664));
#1401=CARTESIAN_POINT('',(-7.65245164509133E-15,-1.19,-0.249999999999998));
#1402=CARTESIAN_POINT('',(0.68704682033565,-1.19,-0.208333333333331));
#1403=CARTESIAN_POINT('',(1.03057023050347,-0.595000000000015,-0.166666666666664));
#1404=CARTESIAN_POINT('',(1.37409364067131,-1.62385534041436E-14,-0.124999999999998));
#1405=CARTESIAN_POINT('',(1.03057023050349,0.594999999999991,-0.0833333333333311));
#1406=CARTESIAN_POINT('',(0.687046820335662,1.19,-0.0416666666666638));
#1407=CARTESIAN_POINT('',(3.57045533641727E-15,1.19,2.60208521396521E-15));
#1408=CARTESIAN_POINT('',(9.18454765366783E-17,1.5,-5.75146084449486));
#1409=CARTESIAN_POINT('',(-0.866025403784438,1.5,-5.70979417782819));
#1410=CARTESIAN_POINT('',(-1.29903810567666,0.75,-5.66812751116152));
#1411=CARTESIAN_POINT('',(-1.73205080756888,4.15452247443957E-16,-5.62646084449486));
#1412=CARTESIAN_POINT('',(-1.29903810567666,-0.749999999999999,-5.58479417782819));
#1413=CARTESIAN_POINT('',(-0.866025403784439,-1.5,-5.54312751116152));
#1414=CARTESIAN_POINT('',(-2.75542496408781E-16,-1.5,-5.50146084449486));
#1415=CARTESIAN_POINT('',(0.866025403784438,-1.5,-5.45979417782819));
#1416=CARTESIAN_POINT('',(1.29903810567666,-0.75,-5.41812751116152));
#1417=CARTESIAN_POINT('',(1.73205080756888,-2.29920908559254E-16,-5.37646084449485));
#1418=CARTESIAN_POINT('',(1.29903810567666,0.749999999999999,-5.33479417782819));
#1419=CARTESIAN_POINT('',(0.866025403784439,1.5,-5.29312751116152));
#1420=CARTESIAN_POINT('',(9.18454765366783E-17,1.5,-5.25146084449485));
#1421=CARTESIAN_POINT('',(-0.866025403784438,1.5,-5.20979417782819));
#1422=CARTESIAN_POINT('',(-1.29903810567666,0.75,-5.16812751116152));
#1423=CARTESIAN_POINT('',(-1.73205080756888,3.97382211235865E-16,-5.12646084449485));
#1424=CARTESIAN_POINT('',(-1.29903810567666,-0.749999999999999,-5.08479417782819));
#1425=CARTESIAN_POINT('',(-0.866025403784439,-1.5,-5.04312751116152));
#1426=CARTESIAN_POINT('',(-2.75542496408781E-16,-1.5,-5.00146084449486));
#1427=CARTESIAN_POINT('',(0.866025403784438,-1.5,-4.95979417782819));
#1428=CARTESIAN_POINT('',(1.29903810567666,-0.75,-4.91812751116152));
#1429=CARTESIAN_POINT('',(1.73205080756888,-2.47990944767346E-16,-4.87646084449486));
#1430=CARTESIAN_POINT('',(1.29903810567666,0.749999999999999,-4.83479417782819));
#1431=CARTESIAN_POINT('',(0.866025403784439,1.5,-4.79312751116152));
#1432=CARTESIAN_POINT('',(9.18454765366783E-17,1.5,-4.75146084449486));
#1433=CARTESIAN_POINT('',(-0.866025403784438,1.5,-4.70979417782819));
#1434=CARTESIAN_POINT('',(-1.29903810567666,0.75,-4.66812751116152));
#1435=CARTESIAN_POINT('',(-1.73205080756888,3.79312175027773E-16,-4.62646084449486));
#1436=CARTESIAN_POINT('',(-1.29903810567666,-0.749999999999999,-4.58479417782819));
#1437=CARTESIAN_POINT('',(-0.866025403784439,-1.5,-4.54312751116152));
#1438=CARTESIAN_POINT('',(-2.75542496408781E-16,-1.5,-4.50146084449486));
#1439=CARTESIAN_POINT('',(0.866025403784438,-1.5,-4.45979417782819));
#1440=CARTESIAN_POINT('',(1.29903810567666,-0.75,-4.41812751116152));
#1441=CARTESIAN_POINT('',(1.73205080756888,-2.66060980975438E-16,-4.37646084449485));
#1442=CARTESIAN_POINT('',(1.29903810567666,0.749999999999999,-4.33479417782819));
#1443=CARTESIAN_POINT('',(0.866025403784439,1.5,-4.29312751116152));
#1444=CARTESIAN_POINT('',(9.18454765366783E-17,1.5,-4.25146084449485));
#1445=CARTESIAN_POINT('',(-0.866025403784438,1.5,-4.20979417782819));
#1446=CARTESIAN_POINT('',(-1.29903810567666,0.75,-4.16812751116152));
#1447=CARTESIAN_POINT('',(-1.73205080756888,3.61242138819682E-16,-4.12646084449485));
#1448=CARTESIAN_POINT('',(-1.29903810567666,-0.749999999999999,-4.08479417782819));
#1449=CARTESIAN_POINT('',(-0.866025403784439,-1.5,-4.04312751116152));
#1450=CARTESIAN_POINT('',(-2.75542496408781E-16,-1.5,-4.00146084449485));
#1451=CARTESIAN_POINT('',(0.866025403784438,-1.5,-3.95979417782819));
#1452=CARTESIAN_POINT('',(1.29903810567666,-0.750000000000001,-3.91812751116152));
#1453=CARTESIAN_POINT('',(1.73205080756888,-2.84131017183529E-16,-3.87646084449485));
#1454=CARTESIAN_POINT('',(1.29903810567666,0.749999999999999,-3.83479417782819));
#1455=CARTESIAN_POINT('',(0.866025403784439,1.5,-3.79312751116152));
#1456=CARTESIAN_POINT('',(9.18454765366783E-17,1.5,-3.75146084449485));
#1457=CARTESIAN_POINT('',(-0.866025403784438,1.5,-3.70979417782819));
#1458=CARTESIAN_POINT('',(-1.29903810567666,0.75,-3.66812751116152));
#1459=CARTESIAN_POINT('',(-1.73205080756888,3.4317210261159E-16,-3.62646084449485));
#1460=CARTESIAN_POINT('',(-1.29903810567666,-0.749999999999999,-3.58479417782819));
#1461=CARTESIAN_POINT('',(-0.866025403784439,-1.5,-3.54312751116152));
#1462=CARTESIAN_POINT('',(-2.75542496408781E-16,-1.5,-3.50146084449485));
#1463=CARTESIAN_POINT('',(0.866025403784438,-1.5,-3.45979417782819));
#1464=CARTESIAN_POINT('',(1.29903810567666,-0.750000000000001,-3.41812751116152));
#1465=CARTESIAN_POINT('',(1.73205080756888,-3.02201053391621E-16,-3.37646084449485));
#1466=CARTESIAN_POINT('',(1.29903810567666,0.749999999999999,-3.33479417782819));
#1467=CARTESIAN_POINT('',(0.866025403784439,1.5,-3.29312751116152));
#1468=CARTESIAN_POINT('',(9.18454765366783E-17,1.5,-3.25146084449485));
#1469=CARTESIAN_POINT('',(-0.866025403784438,1.5,-3.20979417782819));
#1470=CARTESIAN_POINT('',(-1.29903810567666,0.75,-3.16812751116152));
#1471=CARTESIAN_POINT('',(-1.73205080756888,3.25102066403498E-16,-3.12646084449485));
#1472=CARTESIAN_POINT('',(-1.29903810567666,-0.749999999999999,-3.08479417782819));
#1473=CARTESIAN_POINT('',(-0.866025403784439,-1.5,-3.04312751116152));
#1474=CARTESIAN_POINT('',(-2.75542496408781E-16,-1.5,-3.00146084449485));
#1475=CARTESIAN_POINT('',(0.866025403784438,-1.5,-2.95979417782819));
#1476=CARTESIAN_POINT('',(1.29903810567666,-0.750000000000001,-2.91812751116152));
#1477=CARTESIAN_POINT('',(1.73205080756888,-3.20271089599713E-16,-2.87646084449485));
#1478=CARTESIAN_POINT('',(1.29903810567666,0.749999999999999,-2.83479417782819));
#1479=CARTESIAN_POINT('',(0.866025403784439,1.5,-2.79312751116152));
#1480=CARTESIAN_POINT('',(9.18454765366783E-17,1.5,-2.75146084449485));
#1481=CARTESIAN_POINT('',(-0.866025403784438,1.5,-2.70979417782819));
#1482=CARTESIAN_POINT('',(-1.29903810567666,0.75,-2.66812751116152));
#1483=CARTESIAN_POINT('',(-1.73205080756888,3.07032030195406E-16,-2.62646084449485));
#1484=CARTESIAN_POINT('',(-1.29903810567666,-0.749999999999999,-2.58479417782819));
#1485=CARTESIAN_POINT('',(-0.866025403784439,-1.5,-2.54312751116152));
#1486=CARTESIAN_POINT('',(-2.75542496408781E-16,-1.5,-2.50146084449485));
#1487=CARTESIAN_POINT('',(0.866025403784438,-1.5,-2.45979417782819));
#1488=CARTESIAN_POINT('',(1.29903810567666,-0.750000000000001,-2.41812751116152));
#1489=CARTESIAN_POINT('',(1.73205080756888,-3.38341125807805E-16,-2.37646084449485));
#1490=CARTESIAN_POINT('',(1.29903810567666,0.749999999999999,-2.33479417782819));
#1491=CARTESIAN_POINT('',(0.866025403784439,1.5,-2.29312751116152));
#1492=CARTESIAN_POINT('',(9.18454765366783E-17,1.5,-2.25146084449485));
#1493=CARTESIAN_POINT('',(-0.866025403784438,1.5,-2.20979417782819));
#1494=CARTESIAN_POINT('',(-1.29903810567666,0.75,-2.16812751116152));
#1495=CARTESIAN_POINT('',(-1.73205080756888,2.88961993987315E-16,-2.12646084449485));
#1496=CARTESIAN_POINT('',(-1.29903810567666,-0.749999999999999,-2.08479417782819));
#1497=CARTESIAN_POINT('',(-0.866025403784439,-1.5,-2.04312751116152));
#1498=CARTESIAN_POINT('',(-2.75542496408781E-16,-1.5,-2.00146084449485));
#1499=CARTESIAN_POINT('',(0.866025403784438,-1.5,-1.95979417782819));
#1500=CARTESIAN_POINT('',(1.29903810567666,-0.750000000000001,-1.91812751116152));
#1501=CARTESIAN_POINT('',(1.73205080756888,-3.56411162015896E-16,-1.87646084449485));
#1502=CARTESIAN_POINT('',(1.29903810567666,0.749999999999999,-1.83479417782819));
#1503=CARTESIAN_POINT('',(0.866025403784439,1.5,-1.79312751116152));
#1504=CARTESIAN_POINT('',(9.18454765366783E-17,1.5,-1.75146084449485));
#1505=CARTESIAN_POINT('',(-0.866025403784438,1.5,-1.70979417782819));
#1506=CARTESIAN_POINT('',(-1.29903810567666,0.75,-1.66812751116152));
#1507=CARTESIAN_POINT('',(-1.73205080756888,2.70891957779223E-16,-1.62646084449485));
#1508=CARTESIAN_POINT('',(-1.29903810567666,-0.749999999999999,-1.58479417782819));
#1509=CARTESIAN_POINT('',(-0.866025403784439,-1.5,-1.54312751116152));
#1510=CARTESIAN_POINT('',(-2.75542496408781E-16,-1.5,-1.50146084449485));
#1511=CARTESIAN_POINT('',(0.866025403784438,-1.5,-1.45979417782819));
#1512=CARTESIAN_POINT('',(1.29903810567666,-0.750000000000001,-1.41812751116152));
#1513=CARTESIAN_POINT('',(1.73205080756888,-3.74481198223988E-16,-1.37646084449485));
#1514=CARTESIAN_POINT('',(1.29903810567666,0.749999999999999,-1.33479417782819));
#1515=CARTESIAN_POINT('',(0.866025403784439,1.5,-1.29312751116152));
#1516=CARTESIAN_POINT('',(9.18454765366783E-17,1.5,-1.25146084449485));
#1517=CARTESIAN_POINT('',(-0.866025403784438,1.5,-1.20979417782819));
#1518=CARTESIAN_POINT('',(-1.29903810567666,0.75,-1.16812751116152));
#1519=CARTESIAN_POINT('',(-1.73205080756888,2.52821921571131E-16,-1.12646084449485));
#1520=CARTESIAN_POINT('',(-1.29903810567666,-0.749999999999999,-1.08479417782819));
#1521=CARTESIAN_POINT('',(-0.866025403784439,-1.5,-1.04312751116152));
#1522=CARTESIAN_POINT('',(-2.75542496408781E-16,-1.5,-1.00146084449485));
#1523=CARTESIAN_POINT('',(0.866025403784438,-1.5,-0.959794177828187));
#1524=CARTESIAN_POINT('',(1.29903810567666,-0.750000000000001,-0.918127511161521));
#1525=CARTESIAN_POINT('',(1.73205080756888,-3.9255123443208E-16,-0.876460844494853));
#1526=CARTESIAN_POINT('',(1.29903810567666,0.749999999999999,-0.834794177828187));
#1527=CARTESIAN_POINT('',(0.866025403784439,1.5,-0.79312751116152));
#1528=CARTESIAN_POINT('',(9.18454765366783E-17,1.5,-0.751460844494853));
#1529=CARTESIAN_POINT('',(-0.866025403784438,1.5,-0.709794177828187));
#1530=CARTESIAN_POINT('',(-1.29903810567666,0.75,-0.66812751116152));
#1531=CARTESIAN_POINT('',(-1.73205080756888,2.34751885363039E-16,-0.626460844494854));
#1532=CARTESIAN_POINT('',(-1.29903810567666,-0.749999999999999,-0.584794177828187));
#1533=CARTESIAN_POINT('',(-0.866025403784439,-1.5,-0.54312751116152));
#1534=CARTESIAN_POINT('',(-2.75542496408781E-16,-1.5,-0.501460844494854));
#1535=CARTESIAN_POINT('',(0.866025403784438,-1.5,-0.459794177828187));
#1536=CARTESIAN_POINT('',(1.29903810567666,-0.750000000000001,-0.41812751116152));
#1537=CARTESIAN_POINT('',(1.73205080756888,-4.10621270640172E-16,-0.376460844494854));
#1538=CARTESIAN_POINT('',(1.29903810567666,0.749999999999999,-0.334794177828186));
#1539=CARTESIAN_POINT('',(0.866025403784439,1.5,-0.29312751116152));
#1540=CARTESIAN_POINT('',(9.18454765366783E-17,1.5,-0.251460844494854));
#1541=CARTESIAN_POINT('',(-0.866025403784438,1.5,-0.209794177828186));
#1542=CARTESIAN_POINT('',(-1.29903810567666,0.75,-0.16812751116152));
#1543=CARTESIAN_POINT('',(-1.73205080756888,2.16681849154948E-16,-0.126460844494854));
#1544=CARTESIAN_POINT('',(-1.29903810567666,-0.749999999999999,-0.0847941778281871));
#1545=CARTESIAN_POINT('',(-0.866025403784439,-1.5,-0.0431275111615198));
#1546=CARTESIAN_POINT('',(-2.75542496408781E-16,-1.5,-0.00146084449485339));
#1547=CARTESIAN_POINT('',(0.866025403784438,-1.5,0.040205822171813));
#1548=CARTESIAN_POINT('',(1.29903810567666,-0.750000000000001,0.0818724888384803));
#1549=CARTESIAN_POINT('',(1.73205080756888,-4.28691306848263E-16,0.123539155505147));
#1550=CARTESIAN_POINT('',(1.29903810567666,0.749999999999999,0.165205822171813));
#1551=CARTESIAN_POINT('',(0.866025403784439,1.5,0.20687248883848));
#1552=CARTESIAN_POINT('',(9.18454765366783E-17,1.5,0.248539155505147));
#1553=CARTESIAN_POINT('',(7.28640780524314E-17,1.19,-6.));
#1554=CARTESIAN_POINT('',(-0.687046820335654,1.19,-5.95833333333333));
#1555=CARTESIAN_POINT('',(-1.03057023050348,0.595,-5.91666666666667));
#1556=CARTESIAN_POINT('',(-1.37409364067131,3.80598084539571E-16,-5.875));
#1557=CARTESIAN_POINT('',(-1.03057023050348,-0.594999999999999,-5.83333333333333));
#1558=CARTESIAN_POINT('',(-0.687046820335655,-1.19,-5.79166666666667));
#1559=CARTESIAN_POINT('',(-2.18597047150966E-16,-1.19,-5.75));
#1560=CARTESIAN_POINT('',(0.687046820335654,-1.19,-5.70833333333333));
#1561=CARTESIAN_POINT('',(1.03057023050348,-0.595,-5.66666666666667));
#1562=CARTESIAN_POINT('',(1.37409364067131,-1.33265189631146E-16,-5.625));
#1563=CARTESIAN_POINT('',(1.03057023050348,0.594999999999999,-5.58333333333333));
#1564=CARTESIAN_POINT('',(0.687046820335655,1.19,-5.54166666666667));
#1565=CARTESIAN_POINT('',(7.28640780524314E-17,1.19,-5.5));
#1566=CARTESIAN_POINT('',(-0.687046820335654,1.19,-5.45833333333333));
#1567=CARTESIAN_POINT('',(-1.03057023050348,0.595,-5.41666666666667));
#1568=CARTESIAN_POINT('',(-1.37409364067131,3.62528048331479E-16,-5.375));
#1569=CARTESIAN_POINT('',(-1.03057023050348,-0.594999999999999,-5.33333333333333));
#1570=CARTESIAN_POINT('',(-0.687046820335655,-1.19,-5.29166666666667));
#1571=CARTESIAN_POINT('',(-2.18597047150966E-16,-1.19,-5.25));
#1572=CARTESIAN_POINT('',(0.687046820335654,-1.19,-5.20833333333333));
#1573=CARTESIAN_POINT('',(1.03057023050348,-0.595,-5.16666666666667));
#1574=CARTESIAN_POINT('',(1.37409364067131,-1.51335225839238E-16,-5.125));
#1575=CARTESIAN_POINT('',(1.03057023050348,0.594999999999999,-5.08333333333333));
#1576=CARTESIAN_POINT('',(0.687046820335655,1.19,-5.04166666666667));
#1577=CARTESIAN_POINT('',(7.28640780524314E-17,1.19,-5.));
#1578=CARTESIAN_POINT('',(-0.687046820335654,1.19,-4.95833333333333));
#1579=CARTESIAN_POINT('',(-1.03057023050348,0.595,-4.91666666666667));
#1580=CARTESIAN_POINT('',(-1.37409364067131,3.44458012123387E-16,-4.875));
#1581=CARTESIAN_POINT('',(-1.03057023050348,-0.594999999999999,-4.83333333333333));
#1582=CARTESIAN_POINT('',(-0.687046820335655,-1.19,-4.79166666666667));
#1583=CARTESIAN_POINT('',(-2.18597047150966E-16,-1.19,-4.75));
#1584=CARTESIAN_POINT('',(0.687046820335654,-1.19,-4.70833333333333));
#1585=CARTESIAN_POINT('',(1.03057023050348,-0.595,-4.66666666666667));
#1586=CARTESIAN_POINT('',(1.37409364067131,-1.6940526204733E-16,-4.625));
#1587=CARTESIAN_POINT('',(1.03057023050348,0.594999999999999,-4.58333333333333));
#1588=CARTESIAN_POINT('',(0.687046820335655,1.19,-4.54166666666667));
#1589=CARTESIAN_POINT('',(7.28640780524314E-17,1.19,-4.5));
#1590=CARTESIAN_POINT('',(-0.687046820335654,1.19,-4.45833333333333));
#1591=CARTESIAN_POINT('',(-1.03057023050348,0.595,-4.41666666666667));
#1592=CARTESIAN_POINT('',(-1.37409364067131,3.26387975915296E-16,-4.375));
#1593=CARTESIAN_POINT('',(-1.03057023050348,-0.595,-4.33333333333333));
#1594=CARTESIAN_POINT('',(-0.687046820335655,-1.19,-4.29166666666667));
#1595=CARTESIAN_POINT('',(-2.18597047150966E-16,-1.19,-4.25));
#1596=CARTESIAN_POINT('',(0.687046820335654,-1.19,-4.20833333333333));
#1597=CARTESIAN_POINT('',(1.03057023050348,-0.595000000000001,-4.16666666666667));
#1598=CARTESIAN_POINT('',(1.37409364067131,-1.87475298255421E-16,-4.125));
#1599=CARTESIAN_POINT('',(1.03057023050348,0.594999999999999,-4.08333333333333));
#1600=CARTESIAN_POINT('',(0.687046820335655,1.19,-4.04166666666667));
#1601=CARTESIAN_POINT('',(7.28640780524314E-17,1.19,-4.));
#1602=CARTESIAN_POINT('',(-0.687046820335654,1.19,-3.95833333333333));
#1603=CARTESIAN_POINT('',(-1.03057023050348,0.595,-3.91666666666667));
#1604=CARTESIAN_POINT('',(-1.37409364067131,3.08317939707204E-16,-3.875));
#1605=CARTESIAN_POINT('',(-1.03057023050348,-0.595,-3.83333333333333));
#1606=CARTESIAN_POINT('',(-0.687046820335655,-1.19,-3.79166666666667));
#1607=CARTESIAN_POINT('',(-2.18597047150966E-16,-1.19,-3.75));
#1608=CARTESIAN_POINT('',(0.687046820335654,-1.19,-3.70833333333333));
#1609=CARTESIAN_POINT('',(1.03057023050348,-0.595000000000001,-3.66666666666667));
#1610=CARTESIAN_POINT('',(1.37409364067131,-2.05545334463513E-16,-3.625));
#1611=CARTESIAN_POINT('',(1.03057023050348,0.594999999999999,-3.58333333333333));
#1612=CARTESIAN_POINT('',(0.687046820335655,1.19,-3.54166666666667));
#1613=CARTESIAN_POINT('',(7.28640780524314E-17,1.19,-3.5));
#1614=CARTESIAN_POINT('',(-0.687046820335654,1.19,-3.45833333333333));
#1615=CARTESIAN_POINT('',(-1.03057023050348,0.595,-3.41666666666667));
#1616=CARTESIAN_POINT('',(-1.37409364067131,2.90247903499112E-16,-3.375));
#1617=CARTESIAN_POINT('',(-1.03057023050348,-0.595,-3.33333333333333));
#1618=CARTESIAN_POINT('',(-0.687046820335655,-1.19,-3.29166666666667));
#1619=CARTESIAN_POINT('',(-2.18597047150966E-16,-1.19,-3.25));
#1620=CARTESIAN_POINT('',(0.687046820335654,-1.19,-3.20833333333333));
#1621=CARTESIAN_POINT('',(1.03057023050348,-0.595000000000001,-3.16666666666667));
#1622=CARTESIAN_POINT('',(1.37409364067131,-2.23615370671605E-16,-3.125));
#1623=CARTESIAN_POINT('',(1.03057023050348,0.594999999999999,-3.08333333333333));
#1624=CARTESIAN_POINT('',(0.687046820335655,1.19,-3.04166666666667));
#1625=CARTESIAN_POINT('',(7.28640780524314E-17,1.19,-3.));
#1626=CARTESIAN_POINT('',(-0.687046820335654,1.19,-2.95833333333333));
#1627=CARTESIAN_POINT('',(-1.03057023050348,0.595,-2.91666666666667));
#1628=CARTESIAN_POINT('',(-1.37409364067131,2.7217786729102E-16,-2.875));
#1629=CARTESIAN_POINT('',(-1.03057023050348,-0.595,-2.83333333333333));
#1630=CARTESIAN_POINT('',(-0.687046820335655,-1.19,-2.79166666666666));
#1631=CARTESIAN_POINT('',(-2.18597047150966E-16,-1.19,-2.75));
#1632=CARTESIAN_POINT('',(0.687046820335654,-1.19,-2.70833333333333));
#1633=CARTESIAN_POINT('',(1.03057023050348,-0.595000000000001,-2.66666666666666));
#1634=CARTESIAN_POINT('',(1.37409364067131,-2.41685406879697E-16,-2.625));
#1635=CARTESIAN_POINT('',(1.03057023050348,0.594999999999999,-2.58333333333333));
#1636=CARTESIAN_POINT('',(0.687046820335655,1.19,-2.54166666666666));
#1637=CARTESIAN_POINT('',(7.28640780524314E-17,1.19,-2.5));
#1638=CARTESIAN_POINT('',(-0.687046820335654,1.19,-2.45833333333333));
#1639=CARTESIAN_POINT('',(-1.03057023050348,0.595,-2.41666666666667));
#1640=CARTESIAN_POINT('',(-1.37409364067131,2.54107831082929E-16,-2.375));
#1641=CARTESIAN_POINT('',(-1.03057023050348,-0.595,-2.33333333333333));
#1642=CARTESIAN_POINT('',(-0.687046820335655,-1.19,-2.29166666666666));
#1643=CARTESIAN_POINT('',(-2.18597047150966E-16,-1.19,-2.25));
#1644=CARTESIAN_POINT('',(0.687046820335654,-1.19,-2.20833333333333));
#1645=CARTESIAN_POINT('',(1.03057023050348,-0.595000000000001,-2.16666666666666));
#1646=CARTESIAN_POINT('',(1.37409364067131,-2.59755443087788E-16,-2.125));
#1647=CARTESIAN_POINT('',(1.03057023050348,0.594999999999999,-2.08333333333333));
#1648=CARTESIAN_POINT('',(0.687046820335655,1.19,-2.04166666666666));
#1649=CARTESIAN_POINT('',(7.28640780524314E-17,1.19,-2.));
#1650=CARTESIAN_POINT('',(-0.687046820335654,1.19,-1.95833333333333));
#1651=CARTESIAN_POINT('',(-1.03057023050348,0.595,-1.91666666666666));
#1652=CARTESIAN_POINT('',(-1.37409364067131,2.36037794874837E-16,-1.875));
#1653=CARTESIAN_POINT('',(-1.03057023050348,-0.595,-1.83333333333333));
#1654=CARTESIAN_POINT('',(-0.687046820335655,-1.19,-1.79166666666666));
#1655=CARTESIAN_POINT('',(-2.18597047150966E-16,-1.19,-1.75));
#1656=CARTESIAN_POINT('',(0.687046820335654,-1.19,-1.70833333333333));
#1657=CARTESIAN_POINT('',(1.03057023050348,-0.595000000000001,-1.66666666666666));
#1658=CARTESIAN_POINT('',(1.37409364067131,-2.7782547929588E-16,-1.625));
#1659=CARTESIAN_POINT('',(1.03057023050348,0.594999999999999,-1.58333333333333));
#1660=CARTESIAN_POINT('',(0.687046820335655,1.19,-1.54166666666666));
#1661=CARTESIAN_POINT('',(7.28640780524314E-17,1.19,-1.5));
#1662=CARTESIAN_POINT('',(-0.687046820335654,1.19,-1.45833333333333));
#1663=CARTESIAN_POINT('',(-1.03057023050348,0.595,-1.41666666666666));
#1664=CARTESIAN_POINT('',(-1.37409364067131,2.17967758666745E-16,-1.375));
#1665=CARTESIAN_POINT('',(-1.03057023050348,-0.595,-1.33333333333333));
#1666=CARTESIAN_POINT('',(-0.687046820335655,-1.19,-1.29166666666666));
#1667=CARTESIAN_POINT('',(-2.18597047150966E-16,-1.19,-1.25));
#1668=CARTESIAN_POINT('',(0.687046820335654,-1.19,-1.20833333333333));
#1669=CARTESIAN_POINT('',(1.03057023050348,-0.595000000000001,-1.16666666666666));
#1670=CARTESIAN_POINT('',(1.37409364067131,-2.95895515503972E-16,-1.125));
#1671=CARTESIAN_POINT('',(1.03057023050348,0.594999999999999,-1.08333333333333));
#1672=CARTESIAN_POINT('',(0.687046820335655,1.19,-1.04166666666666));
#1673=CARTESIAN_POINT('',(7.28640780524314E-17,1.19,-0.999999999999997));
#1674=CARTESIAN_POINT('',(-0.687046820335654,1.19,-0.958333333333331));
#1675=CARTESIAN_POINT('',(-1.03057023050348,0.595,-0.916666666666665));
#1676=CARTESIAN_POINT('',(-1.37409364067131,1.99897722458653E-16,-0.874999999999998));
#1677=CARTESIAN_POINT('',(-1.03057023050348,-0.595,-0.833333333333331));
#1678=CARTESIAN_POINT('',(-0.687046820335655,-1.19,-0.791666666666665));
#1679=CARTESIAN_POINT('',(-2.18597047150966E-16,-1.19,-0.749999999999998));
#1680=CARTESIAN_POINT('',(0.687046820335654,-1.19,-0.708333333333331));
#1681=CARTESIAN_POINT('',(1.03057023050348,-0.595000000000001,-0.666666666666664));
#1682=CARTESIAN_POINT('',(1.37409364067131,-3.13965551712064E-16,-0.624999999999998));
#1683=CARTESIAN_POINT('',(1.03057023050348,0.594999999999999,-0.583333333333331));
#1684=CARTESIAN_POINT('',(0.687046820335655,1.19,-0.541666666666664));
#1685=CARTESIAN_POINT('',(7.28640780524314E-17,1.19,-0.499999999999998));
#1686=CARTESIAN_POINT('',(-0.687046820335654,1.19,-0.458333333333331));
#1687=CARTESIAN_POINT('',(-1.03057023050348,0.595,-0.416666666666664));
#1688=CARTESIAN_POINT('',(-1.37409364067131,1.81827686250562E-16,-0.374999999999998));
#1689=CARTESIAN_POINT('',(-1.03057023050348,-0.595,-0.333333333333331));
#1690=CARTESIAN_POINT('',(-0.687046820335655,-1.19,-0.291666666666664));
#1691=CARTESIAN_POINT('',(-2.18597047150966E-16,-1.19,-0.249999999999998));
#1692=CARTESIAN_POINT('',(0.687046820335654,-1.19,-0.208333333333331));
#1693=CARTESIAN_POINT('',(1.03057023050348,-0.595000000000001,-0.166666666666664));
#1694=CARTESIAN_POINT('',(1.37409364067131,-3.32035587920155E-16,-0.124999999999998));
#1695=CARTESIAN_POINT('',(1.03057023050348,0.594999999999999,-0.0833333333333311));
#1696=CARTESIAN_POINT('',(0.687046820335655,1.19,-0.0416666666666638));
#1697=CARTESIAN_POINT('',(7.28640780524314E-17,1.19,2.60208521396521E-15));
#1698=CARTESIAN_POINT('',(4.71331380990732E-14,1.5,0.248539155505143));
#1699=CARTESIAN_POINT('',(2.58168560262702E-14,1.5,0.248539155505145));
#1700=CARTESIAN_POINT('',(9.18454765366783E-17,1.5,-5.75146084449486));
#1701=CARTESIAN_POINT('',(-0.866025403784438,1.5,-5.70979417782819));
#1702=CARTESIAN_POINT('',(-1.29903810567666,0.75,-5.66812751116152));
#1703=CARTESIAN_POINT('',(-1.73205080756888,4.15452247443957E-16,-5.62646084449486));
#1704=CARTESIAN_POINT('',(-1.29903810567666,-0.749999999999999,-5.58479417782819));
#1705=CARTESIAN_POINT('',(-0.866025403784439,-1.5,-5.54312751116152));
#1706=CARTESIAN_POINT('',(-2.75542496408781E-16,-1.5,-5.50146084449486));
#1707=CARTESIAN_POINT('',(0.866025403784438,-1.5,-5.45979417782819));
#1708=CARTESIAN_POINT('',(1.29903810567666,-0.75,-5.41812751116152));
#1709=CARTESIAN_POINT('',(1.73205080756888,-2.29920908559254E-16,-5.37646084449485));
#1710=CARTESIAN_POINT('',(1.29903810567666,0.749999999999999,-5.33479417782819));
#1711=CARTESIAN_POINT('',(0.866025403784439,1.5,-5.29312751116152));
#1712=CARTESIAN_POINT('',(4.59239516280884E-16,1.5,-5.25146084449485));
#1713=CARTESIAN_POINT('',(-0.866025403784437,1.5,-5.20979417782819));
#1714=CARTESIAN_POINT('',(-1.29903810567666,0.750000000000001,-5.16812751116152));
#1715=CARTESIAN_POINT('',(-1.73205080756888,2.35998245583268E-15,-5.12646084449485));
#1716=CARTESIAN_POINT('',(-1.29903810567666,-0.749999999999998,-5.08479417782819));
#1717=CARTESIAN_POINT('',(-0.866025403784441,-1.5,-5.04312751116152));
#1718=CARTESIAN_POINT('',(-6.42936536152987E-16,-1.5,-5.00146084449486));
#1719=CARTESIAN_POINT('',(0.866025403784437,-1.5,-4.95979417782819));
#1720=CARTESIAN_POINT('',(1.29903810567666,-0.750000000000002,-4.91812751116152));
#1721=CARTESIAN_POINT('',(1.73205080756888,-6.72221040257309E-16,-4.87646084449486));
#1722=CARTESIAN_POINT('',(1.29903810567666,0.749999999999999,-4.83479417782819));
#1723=CARTESIAN_POINT('',(0.866025403784441,1.5,-4.79312751116152));
#1724=CARTESIAN_POINT('',(8.2663355602509E-16,1.5,-4.75146084449486));
#1725=CARTESIAN_POINT('',(-0.866025403784437,1.5,-4.70979417782819));
#1726=CARTESIAN_POINT('',(-1.29903810567666,0.750000000000002,-4.66812751116152));
#1727=CARTESIAN_POINT('',(-1.73205080756888,4.3045126642214E-15,-4.62646084449486));
#1728=CARTESIAN_POINT('',(-1.29903810567666,-0.749999999999998,-4.58479417782819));
#1729=CARTESIAN_POINT('',(-0.866025403784441,-1.5,-4.54312751116152));
#1730=CARTESIAN_POINT('',(-3.67486583499757E-15,-1.5,-4.50146084449486));
#1731=CARTESIAN_POINT('',(0.866025403784436,-1.5,-4.45979417782819));
#1732=CARTESIAN_POINT('',(1.29903810567666,-0.750000000000002,-4.41812751116152));
#1733=CARTESIAN_POINT('',(1.73205080756888,-4.19126147016906E-15,-4.37646084449485));
#1734=CARTESIAN_POINT('',(1.29903810567666,0.749999999999996,-4.33479417782819));
#1735=CARTESIAN_POINT('',(0.866025403784444,1.5,-4.29312751116152));
#1736=CARTESIAN_POINT('',(1.1940275957693E-15,1.5,-4.25146084449485));
#1737=CARTESIAN_POINT('',(-0.866025403784436,1.5,-4.20979417782819));
#1738=CARTESIAN_POINT('',(-1.29903810567666,0.750000000000003,-4.16812751116152));
#1739=CARTESIAN_POINT('',(-1.73205080756888,4.71067272350327E-15,-4.12646084449485));
#1740=CARTESIAN_POINT('',(-1.29903810567666,-0.749999999999996,-4.08479417782819));
#1741=CARTESIAN_POINT('',(-0.866025403784444,-1.5,-4.04312751116152));
#1742=CARTESIAN_POINT('',(-1.3777246156414E-15,-1.5,-4.00146084449485));
#1743=CARTESIAN_POINT('',(0.866025403784436,-1.5,-3.95979417782819));
#1744=CARTESIAN_POINT('',(1.29903810567666,-0.750000000000003,-3.91812751116152));
#1745=CARTESIAN_POINT('',(1.73205080756888,-4.63356160186712E-15,-3.87646084449485));
#1746=CARTESIAN_POINT('',(1.29903810567666,0.749999999999996,-3.83479417782819));
#1747=CARTESIAN_POINT('',(0.866025403784444,1.5,-3.79312751116152));
#1748=CARTESIAN_POINT('',(1.5614216355135E-15,1.5,-3.75146084449485));
#1749=CARTESIAN_POINT('',(-0.866025403784436,1.5,-3.70979417782819));
#1750=CARTESIAN_POINT('',(-1.29903810567666,0.750000000000003,-3.66812751116152));
#1751=CARTESIAN_POINT('',(-1.73205080756888,5.11683278278514E-15,-3.62646084449485));
#1752=CARTESIAN_POINT('',(-1.29903810567666,-0.749999999999995,-3.58479417782819));
#1753=CARTESIAN_POINT('',(-0.866025403784444,-1.5,-3.54312751116152));
#1754=CARTESIAN_POINT('',(-7.07418917358636E-15,-1.5,-3.50146084449485));
#1755=CARTESIAN_POINT('',(0.866025403784436,-1.5,-3.45979417782819));
#1756=CARTESIAN_POINT('',(1.29903810567666,-0.750000000000003,-3.41812751116152));
#1757=CARTESIAN_POINT('',(1.73205080756888,-5.07586173356517E-15,-3.37646084449485));
#1758=CARTESIAN_POINT('',(1.29903810567666,0.749999999999995,-3.33479417782819));
#1759=CARTESIAN_POINT('',(0.866025403784445,1.5,-3.29312751116152));
#1760=CARTESIAN_POINT('',(7.25788619345846E-15,1.5,-3.25146084449485));
#1761=CARTESIAN_POINT('',(-0.866025403784436,1.5,-3.20979417782819));
#1762=CARTESIAN_POINT('',(-1.29903810567666,0.750000000000003,-3.16812751116152));
#1763=CARTESIAN_POINT('',(-1.73205080756888,1.16764734384944E-14,-3.12646084449485));
#1764=CARTESIAN_POINT('',(-1.29903810567666,-0.749999999999995,-3.08479417782819));
#1765=CARTESIAN_POINT('',(-0.86602540378444,-1.5,-3.04312751116152));
#1766=CARTESIAN_POINT('',(-7.44158321333056E-15,-1.5,-3.00146084449485));
#1767=CARTESIAN_POINT('',(0.866025403784435,-1.5,-2.95979417782819));
#1768=CARTESIAN_POINT('',(1.29903810567665,-0.750000000000008,-2.91812751116152));
#1769=CARTESIAN_POINT('',(1.73205080756888,-5.51816186526323E-15,-2.87646084449485));
#1770=CARTESIAN_POINT('',(1.29903810567666,0.74999999999999,-2.83479417782819));
#1771=CARTESIAN_POINT('',(0.866025403784445,1.5,-2.79312751116152));
#1772=CARTESIAN_POINT('',(2.29620971500191E-15,1.5,-2.75146084449485));
#1773=CARTESIAN_POINT('',(-0.86602540378443,1.5,-2.70979417782819));
#1774=CARTESIAN_POINT('',(-1.29903810567666,0.750000000000004,-2.66812751116152));
#1775=CARTESIAN_POINT('',(-1.73205080756888,1.20826334977763E-14,-2.62646084449485));
#1776=CARTESIAN_POINT('',(-1.29903810567666,-0.749999999999995,-2.58479417782819));
#1777=CARTESIAN_POINT('',(-0.86602540378444,-1.5,-2.54312751116152));
#1778=CARTESIAN_POINT('',(-7.80897725307477E-15,-1.5,-2.50146084449485));
#1779=CARTESIAN_POINT('',(0.866025403784435,-1.5,-2.45979417782819));
#1780=CARTESIAN_POINT('',(1.29903810567665,-0.750000000000008,-2.41812751116152));
#1781=CARTESIAN_POINT('',(1.73205080756888,-5.96046199696128E-15,-2.37646084449485));
#1782=CARTESIAN_POINT('',(1.29903810567666,0.74999999999999,-2.33479417782819));
#1783=CARTESIAN_POINT('',(0.866025403784446,1.5,-2.29312751116152));
#1784=CARTESIAN_POINT('',(2.66360375474612E-15,1.5,-2.25146084449485));
#1785=CARTESIAN_POINT('',(-0.86602540378443,1.5,-2.20979417782819));
#1786=CARTESIAN_POINT('',(-1.29903810567666,0.750000000000004,-2.16812751116152));
#1787=CARTESIAN_POINT('',(-1.73205080756888,1.24887935570582E-14,-2.12646084449485));
#1788=CARTESIAN_POINT('',(-1.29903810567666,-0.749999999999994,-2.08479417782819));
#1789=CARTESIAN_POINT('',(-0.866025403784451,-1.49999999999999,-2.04312751116152));
#1790=CARTESIAN_POINT('',(-8.17637129281897E-15,-1.5,-2.00146084449485));
#1791=CARTESIAN_POINT('',(0.866025403784435,-1.5,-1.95979417782819));
#1792=CARTESIAN_POINT('',(1.29903810567665,-0.750000000000009,-1.91812751116152));
#1793=CARTESIAN_POINT('',(1.73205080756888,-6.40276212865934E-15,-1.87646084449485));
#1794=CARTESIAN_POINT('',(1.29903810567666,0.74999999999999,-1.83479417782819));
#1795=CARTESIAN_POINT('',(0.866025403784446,1.5,-1.79312751116152));
#1796=CARTESIAN_POINT('',(3.03099779449033E-15,1.5,-1.75146084449485));
#1797=CARTESIAN_POINT('',(-0.866025403784429,1.50000000000001,-1.70979417782819));
#1798=CARTESIAN_POINT('',(-1.29903810567666,0.750000000000004,-1.66812751116152));
#1799=CARTESIAN_POINT('',(-1.73205080756888,1.289495361634E-14,-1.62646084449485));
#1800=CARTESIAN_POINT('',(-1.29903810567666,-0.749999999999994,-1.58479417782819));
#1801=CARTESIAN_POINT('',(-0.866025403784451,-1.49999999999999,-1.54312751116152));
#1802=CARTESIAN_POINT('',(-8.54376533256318E-15,-1.5,-1.50146084449485));
#1803=CARTESIAN_POINT('',(0.866025403784434,-1.5,-1.45979417782819));
#1804=CARTESIAN_POINT('',(1.29903810567665,-0.750000000000009,-1.41812751116152));
#1805=CARTESIAN_POINT('',(1.73205080756888,-6.84506226035739E-15,-1.37646084449485));
#1806=CARTESIAN_POINT('',(1.29903810567666,0.749999999999989,-1.33479417782819));
#1807=CARTESIAN_POINT('',(0.866025403784446,1.5,-1.29312751116152));
#1808=CARTESIAN_POINT('',(1.4056532870636E-14,1.5,-1.25146084449485));
#1809=CARTESIAN_POINT('',(-0.866025403784429,1.50000000000001,-1.20979417782819));
#1810=CARTESIAN_POINT('',(-1.29903810567666,0.750000000000004,-1.16812751116152));
#1811=CARTESIAN_POINT('',(-1.73205080756888,1.33011136756219E-14,-1.12646084449485));
#1812=CARTESIAN_POINT('',(-1.29903810567666,-0.749999999999994,-1.08479417782819));
#1813=CARTESIAN_POINT('',(-0.866025403784452,-1.49999999999999,-1.04312751116152));
#1814=CARTESIAN_POINT('',(-8.91115937230739E-15,-1.5,-1.00146084449485));
#1815=CARTESIAN_POINT('',(0.866025403784423,-1.50000000000001,-0.959794177828187));
#1816=CARTESIAN_POINT('',(1.29903810567665,-0.750000000000009,-0.918127511161521));
#1817=CARTESIAN_POINT('',(1.73205080756888,-7.28736239205544E-15,-0.876460844494853));
#1818=CARTESIAN_POINT('',(1.29903810567666,0.749999999999989,-0.834794177828187));
#1819=CARTESIAN_POINT('',(0.866025403784447,1.5,-0.79312751116152));
#1820=CARTESIAN_POINT('',(1.44239269103802E-14,1.5,-0.751460844494853));
#1821=CARTESIAN_POINT('',(-0.866025403784428,1.50000000000001,-0.709794177828187));
#1822=CARTESIAN_POINT('',(-1.29903810567666,0.750000000000005,-0.66812751116152));
#1823=CARTESIAN_POINT('',(-1.73205080756888,1.37072737349038E-14,-0.626460844494854));
#1824=CARTESIAN_POINT('',(-1.29903810567666,-0.749999999999993,-0.584794177828187));
#1825=CARTESIAN_POINT('',(-0.866025403784441,-1.5,-0.54312751116152));
#1826=CARTESIAN_POINT('',(-1.99366944484531E-14,-1.5,-0.501460844494854));
#1827=CARTESIAN_POINT('',(0.866025403784423,-1.50000000000001,-0.459794177828187));
#1828=CARTESIAN_POINT('',(1.29903810567665,-0.75000000000001,-0.41812751116152));
#1829=CARTESIAN_POINT('',(1.73205080756888,-7.7296625237535E-15,-0.376460844494854));
#1830=CARTESIAN_POINT('',(1.29903810567666,0.749999999999998,-0.334794177828186));
#1831=CARTESIAN_POINT('',(0.866025403784458,1.49999999999999,-0.29312751116152));
#1832=CARTESIAN_POINT('',(1.47913209501244E-14,1.5,-0.251460844494854));
#1833=CARTESIAN_POINT('',(-0.866025403784428,1.50000000000001,-0.209794177828186));
#1834=CARTESIAN_POINT('',(-1.29903810567665,0.750000000000005,-0.16812751116152));
#1835=CARTESIAN_POINT('',(-1.73205080756888,1.80647260133084E-15,-0.126460844494854));
#1836=CARTESIAN_POINT('',(-1.29903810567667,-0.749999999999984,-0.0847941778281871));
#1837=CARTESIAN_POINT('',(-0.866025403784453,-1.49999999999999,-0.0431275111615198));
#1838=CARTESIAN_POINT('',(-9.6459474517958E-15,-1.5,-0.00146084449485339));
#1839=CARTESIAN_POINT('',(0.866025403784433,-1.5,0.040205822171813));
#1840=CARTESIAN_POINT('',(1.29903810567665,-0.750000000000019,0.0818724888384803));
#1841=CARTESIAN_POINT('',(1.73205080756888,-2.04789238483064E-14,0.123539155505147));
#1842=CARTESIAN_POINT('',(1.29903810567666,0.749999999999988,0.165205822171813));
#1843=CARTESIAN_POINT('',(0.866025403784447,1.49999999999999,0.20687248883848));
#1844=CARTESIAN_POINT('',(4.50057395346715E-15,1.5,0.248539155505147));
#1845=CARTESIAN_POINT('',(1.32772086925377E-32,2.16840434497101E-16,-6.));
#1846=CARTESIAN_POINT('',(4.71331380990732E-14,1.5,-0.248539155505145));
#1847=CARTESIAN_POINT('',(-1.32772086925375E-32,-2.16840434497101E-16,6.));
#1848=MECHANICAL_DESIGN_GEOMETRIC_PRESENTATION_REPRESENTATION('',(#408),
#1849);
#1849=(
GEOMETRIC_REPRESENTATION_CONTEXT(3)
GLOBAL_UNCERTAINTY_ASSIGNED_CONTEXT((#1850))
GLOBAL_UNIT_ASSIGNED_CONTEXT((#1853,#1852,#1851))
REPRESENTATION_CONTEXT('97790603111','TOP_LEVEL_ASSEMBLY_PART')
);
#1850=UNCERTAINTY_MEASURE_WITH_UNIT(LENGTH_MEASURE(0.005),#1853,
'DISTANCE_ACCURACY_VALUE','Maximum Tolerance applied to model');
#1851=(
NAMED_UNIT(*)
SI_UNIT($,.STERADIAN.)
SOLID_ANGLE_UNIT()
);
#1852=(
NAMED_UNIT(*)
PLANE_ANGLE_UNIT()
SI_UNIT($,.RADIAN.)
);
#1853=(
LENGTH_UNIT()
NAMED_UNIT(*)
SI_UNIT(.MILLI.,.METRE.)
);
#1854=PRODUCT_DEFINITION_SHAPE('','',#1855);
#1855=PRODUCT_DEFINITION('','',#1857,#1856);
#1856=PRODUCT_DEFINITION_CONTEXT('',#1863,'design');
#1857=PRODUCT_DEFINITION_FORMATION_WITH_SPECIFIED_SOURCE('','',#1859,
 .NOT_KNOWN.);
#1858=PRODUCT_RELATED_PRODUCT_CATEGORY('','',(#1859));
#1859=PRODUCT('97790603111','97790603111','97790603111',(#1861));
#1860=PRODUCT_CATEGORY('','');
#1861=PRODUCT_CONTEXT('',#1863,'mechanical');
#1862=APPLICATION_PROTOCOL_DEFINITION('international standard',
'automotive_design',2010,#1863);
#1863=APPLICATION_CONTEXT(
'core data for automotive mechanical design processes');
ENDSEC;
END-ISO-10303-21;
