ISO-10303-21;
HEADER;
FILE_DESCRIPTION(('KiCad electronic assembly'),'2;1');
FILE_NAME('SparkFun_TEMT6000_Breakout-v12.step','2026-09-03T11:46:00',(
    'Pcbnew'),('Kicad'),'Open CASCADE STEP processor 7.9',
  'KiCad to STEP converter','Unknown');
FILE_SCHEMA(('AUTOMOTIVE_DESIGN { 1 0 10303 214 1 1 1 1 }'));
ENDSEC;
DATA;
#1 = APPLICATION_PROTOCOL_DEFINITION('international standard',
  'automotive_design',2000,#2);
#2 = APPLICATION_CONTEXT(
  'core data for automotive mechanical design processes');
#3 = SHAPE_DEFINITION_REPRESENTATION(#4,#10);
#4 = PRODUCT_DEFINITION_SHAPE('','',#5);
#5 = PRODUCT_DEFINITION('design','',#6,#9);
#6 = PRODUCT_DEFINITION_FORMATION('','',#7);
#7 = PRODUCT('SparkFun_TEMT6000_Breakout-v12 1',
  'SparkFun_TEMT6000_Breakout-v12 1','',(#8));
#8 = PRODUCT_CONTEXT('',#2,'mechanical');
#9 = PRODUCT_DEFINITION_CONTEXT('part definition',#2,'design');
#10 = SHAPE_REPRESENTATION('',(#11,#15,#19,#23,#27,#31),#35);
#11 = AXIS2_PLACEMENT_3D('',#12,#13,#14);
#12 = CARTESIAN_POINT('',(0.,0.,0.));
#13 = DIRECTION('',(0.,0.,1.));
#14 = DIRECTION('',(1.,0.,-0.));
#15 = AXIS2_PLACEMENT_3D('',#16,#17,#18);
#16 = CARTESIAN_POINT('',(0.,0.,0.));
#17 = DIRECTION('',(0.,0.,1.));
#18 = DIRECTION('',(1.,0.,-0.));
#19 = AXIS2_PLACEMENT_3D('',#20,#21,#22);
#20 = CARTESIAN_POINT('',(0.,0.,0.));
#21 = DIRECTION('',(0.,0.,1.));
#22 = DIRECTION('',(1.,0.,-0.));
#23 = AXIS2_PLACEMENT_3D('',#24,#25,#26);
#24 = CARTESIAN_POINT('',(0.,0.,0.));
#25 = DIRECTION('',(0.,0.,1.));
#26 = DIRECTION('',(1.,0.,-0.));
#27 = AXIS2_PLACEMENT_3D('',#28,#29,#30);
#28 = CARTESIAN_POINT('',(0.,0.,0.));
#29 = DIRECTION('',(0.,0.,1.));
#30 = DIRECTION('',(1.,0.,-0.));
#31 = AXIS2_PLACEMENT_3D('',#32,#33,#34);
#32 = CARTESIAN_POINT('',(0.,0.,0.));
#33 = DIRECTION('',(0.,0.,1.));
#34 = DIRECTION('',(1.,0.,-0.));
#35 = ( GEOMETRIC_REPRESENTATION_CONTEXT(3) 
GLOBAL_UNCERTAINTY_ASSIGNED_CONTEXT((#39)) GLOBAL_UNIT_ASSIGNED_CONTEXT(
(#36,#37,#38)) REPRESENTATION_CONTEXT('Context #1',
  '3D Context with UNIT and UNCERTAINTY') );
#36 = ( LENGTH_UNIT() NAMED_UNIT(*) SI_UNIT(.MILLI.,.METRE.) );
#37 = ( NAMED_UNIT(*) PLANE_ANGLE_UNIT() SI_UNIT($,.RADIAN.) );
#38 = ( NAMED_UNIT(*) SI_UNIT($,.STERADIAN.) SOLID_ANGLE_UNIT() );
#39 = UNCERTAINTY_MEASURE_WITH_UNIT(LENGTH_MEASURE(1.E-07),#36,
  'distance_accuracy_value','confusion accuracy');
#40 = PRODUCT_RELATED_PRODUCT_CATEGORY('part',$,(#7));
#41 = SHAPE_DEFINITION_REPRESENTATION(#42,#48);
#42 = PRODUCT_DEFINITION_SHAPE('','',#43);
#43 = PRODUCT_DEFINITION('design','',#44,#47);
#44 = PRODUCT_DEFINITION_FORMATION('','',#45);
#45 = PRODUCT('Spa2117_copper','Spa2117_copper','',(#46));
#46 = PRODUCT_CONTEXT('',#2,'mechanical');
#47 = PRODUCT_DEFINITION_CONTEXT('part definition',#2,'design');
#48 = SHAPE_REPRESENTATION('',(#11,#49,#302,#1934,#2550),#7627);
#49 = MANIFOLD_SOLID_BREP('',#50);
#50 = CLOSED_SHELL('',(#51,#91,#122,#155,#186,#217,#250,#272,#287));
#51 = ADVANCED_FACE('',(#52),#86,.T.);
#52 = FACE_BOUND('',#53,.T.);
#53 = EDGE_LOOP('',(#54,#64,#72,#80));
#54 = ORIENTED_EDGE('',*,*,#55,.T.);
#55 = EDGE_CURVE('',#56,#58,#60,.T.);
#56 = VERTEX_POINT('',#57);
#57 = CARTESIAN_POINT('',(4.501443,8.487597,1.51));
#58 = VERTEX_POINT('',#59);
#59 = CARTESIAN_POINT('',(4.501443,8.487597,1.545));
#60 = LINE('',#61,#62);
#61 = CARTESIAN_POINT('',(4.501443,8.487597,1.51));
#62 = VECTOR('',#63,1.);
#63 = DIRECTION('',(0.,0.,1.));
#64 = ORIENTED_EDGE('',*,*,#65,.T.);
#65 = EDGE_CURVE('',#58,#66,#68,.T.);
#66 = VERTEX_POINT('',#67);
#67 = CARTESIAN_POINT('',(4.547224,8.50656,1.545));
#68 = LINE('',#69,#70);
#69 = CARTESIAN_POINT('',(4.501443,8.487597,1.545));
#70 = VECTOR('',#71,1.);
#71 = DIRECTION('',(0.923880325185,0.382681518676,0.));
#72 = ORIENTED_EDGE('',*,*,#73,.F.);
#73 = EDGE_CURVE('',#74,#66,#76,.T.);
#74 = VERTEX_POINT('',#75);
#75 = CARTESIAN_POINT('',(4.547224,8.50656,1.51));
#76 = LINE('',#77,#78);
#77 = CARTESIAN_POINT('',(4.547224,8.50656,1.51));
#78 = VECTOR('',#79,1.);
#79 = DIRECTION('',(0.,0.,1.));
#80 = ORIENTED_EDGE('',*,*,#81,.F.);
#81 = EDGE_CURVE('',#56,#74,#82,.T.);
#82 = LINE('',#83,#84);
#83 = CARTESIAN_POINT('',(4.501443,8.487597,1.51));
#84 = VECTOR('',#85,1.);
#85 = DIRECTION('',(0.923880325185,0.382681518676,0.));
#86 = PLANE('',#87);
#87 = AXIS2_PLACEMENT_3D('',#88,#89,#90);
#88 = CARTESIAN_POINT('',(4.501443,8.487597,1.51));
#89 = DIRECTION('',(-0.382681518676,0.923880325185,0.));
#90 = DIRECTION('',(0.923880325185,0.382681518676,0.));
#91 = ADVANCED_FACE('',(#92),#117,.T.);
#92 = FACE_BOUND('',#93,.T.);
#93 = EDGE_LOOP('',(#94,#95,#103,#111));
#94 = ORIENTED_EDGE('',*,*,#73,.T.);
#95 = ORIENTED_EDGE('',*,*,#96,.T.);
#96 = EDGE_CURVE('',#66,#97,#99,.T.);
#97 = VERTEX_POINT('',#98);
#98 = CARTESIAN_POINT('',(6.486776,8.50656,1.545));
#99 = LINE('',#100,#101);
#100 = CARTESIAN_POINT('',(4.547224,8.50656,1.545));
#101 = VECTOR('',#102,1.);
#102 = DIRECTION('',(1.,0.,0.));
#103 = ORIENTED_EDGE('',*,*,#104,.F.);
#104 = EDGE_CURVE('',#105,#97,#107,.T.);
#105 = VERTEX_POINT('',#106);
#106 = CARTESIAN_POINT('',(6.486776,8.50656,1.51));
#107 = LINE('',#108,#109);
#108 = CARTESIAN_POINT('',(6.486776,8.50656,1.51));
#109 = VECTOR('',#110,1.);
#110 = DIRECTION('',(0.,0.,1.));
#111 = ORIENTED_EDGE('',*,*,#112,.F.);
#112 = EDGE_CURVE('',#74,#105,#113,.T.);
#113 = LINE('',#114,#115);
#114 = CARTESIAN_POINT('',(4.547224,8.50656,1.51));
#115 = VECTOR('',#116,1.);
#116 = DIRECTION('',(1.,0.,0.));
#117 = PLANE('',#118);
#118 = AXIS2_PLACEMENT_3D('',#119,#120,#121);
#119 = CARTESIAN_POINT('',(4.547224,8.50656,1.51));
#120 = DIRECTION('',(0.,1.,0.));
#121 = DIRECTION('',(1.,0.,0.));
#122 = ADVANCED_FACE('',(#123),#150,.T.);
#123 = FACE_BOUND('',#124,.T.);
#124 = EDGE_LOOP('',(#125,#126,#135,#143));
#125 = ORIENTED_EDGE('',*,*,#104,.T.);
#126 = ORIENTED_EDGE('',*,*,#127,.T.);
#127 = EDGE_CURVE('',#97,#128,#130,.T.);
#128 = VERTEX_POINT('',#129);
#129 = CARTESIAN_POINT('',(6.486776,8.25744,1.545));
#130 = CIRCLE('',#131,0.127000172346);
#131 = AXIS2_PLACEMENT_3D('',#132,#133,#134);
#132 = CARTESIAN_POINT('',(6.462,8.382,1.545));
#133 = DIRECTION('',(0.,0.,-1.));
#134 = DIRECTION('',(0.19508634943,0.980786070591,0.));
#135 = ORIENTED_EDGE('',*,*,#136,.F.);
#136 = EDGE_CURVE('',#137,#128,#139,.T.);
#137 = VERTEX_POINT('',#138);
#138 = CARTESIAN_POINT('',(6.486776,8.25744,1.51));
#139 = LINE('',#140,#141);
#140 = CARTESIAN_POINT('',(6.486776,8.25744,1.51));
#141 = VECTOR('',#142,1.);
#142 = DIRECTION('',(0.,0.,1.));
#143 = ORIENTED_EDGE('',*,*,#144,.F.);
#144 = EDGE_CURVE('',#105,#137,#145,.T.);
#145 = CIRCLE('',#146,0.127000172346);
#146 = AXIS2_PLACEMENT_3D('',#147,#148,#149);
#147 = CARTESIAN_POINT('',(6.462,8.382,1.51));
#148 = DIRECTION('',(0.,0.,-1.));
#149 = DIRECTION('',(0.19508634943,0.980786070591,0.));
#150 = CYLINDRICAL_SURFACE('',#151,0.127000172346);
#151 = AXIS2_PLACEMENT_3D('',#152,#153,#154);
#152 = CARTESIAN_POINT('',(6.462,8.382,1.51));
#153 = DIRECTION('',(0.,0.,-1.));
#154 = DIRECTION('',(0.19508634943,0.980786070591,0.));
#155 = ADVANCED_FACE('',(#156),#181,.T.);
#156 = FACE_BOUND('',#157,.T.);
#157 = EDGE_LOOP('',(#158,#159,#167,#175));
#158 = ORIENTED_EDGE('',*,*,#136,.T.);
#159 = ORIENTED_EDGE('',*,*,#160,.T.);
#160 = EDGE_CURVE('',#128,#161,#163,.T.);
#161 = VERTEX_POINT('',#162);
#162 = CARTESIAN_POINT('',(4.624605,8.255,1.545));
#163 = LINE('',#164,#165);
#164 = CARTESIAN_POINT('',(6.486776,8.25744,1.545));
#165 = VECTOR('',#166,1.);
#166 = DIRECTION('',(-0.99999914156,-1.310297446049E-03,0.));
#167 = ORIENTED_EDGE('',*,*,#168,.F.);
#168 = EDGE_CURVE('',#169,#161,#171,.T.);
#169 = VERTEX_POINT('',#170);
#170 = CARTESIAN_POINT('',(4.624605,8.255,1.51));
#171 = LINE('',#172,#173);
#172 = CARTESIAN_POINT('',(4.624605,8.255,1.51));
#173 = VECTOR('',#174,1.);
#174 = DIRECTION('',(0.,0.,1.));
#175 = ORIENTED_EDGE('',*,*,#176,.F.);
#176 = EDGE_CURVE('',#137,#169,#177,.T.);
#177 = LINE('',#178,#179);
#178 = CARTESIAN_POINT('',(6.486776,8.25744,1.51));
#179 = VECTOR('',#180,1.);
#180 = DIRECTION('',(-0.99999914156,-1.310297446049E-03,0.));
#181 = PLANE('',#182);
#182 = AXIS2_PLACEMENT_3D('',#183,#184,#185);
#183 = CARTESIAN_POINT('',(6.486776,8.25744,1.51));
#184 = DIRECTION('',(1.310297446049E-03,-0.99999914156,0.));
#185 = DIRECTION('',(-0.99999914156,-1.310297446049E-03,0.));
#186 = ADVANCED_FACE('',(#187),#212,.T.);
#187 = FACE_BOUND('',#188,.T.);
#188 = EDGE_LOOP('',(#189,#190,#198,#206));
#189 = ORIENTED_EDGE('',*,*,#168,.T.);
#190 = ORIENTED_EDGE('',*,*,#191,.T.);
#191 = EDGE_CURVE('',#161,#192,#194,.T.);
#192 = VERTEX_POINT('',#193);
#193 = CARTESIAN_POINT('',(1.694162,5.327637,1.545));
#194 = LINE('',#195,#196);
#195 = CARTESIAN_POINT('',(4.624605,8.255,1.545));
#196 = VECTOR('',#197,1.);
#197 = DIRECTION('',(-0.707478475986,-0.706734890901,0.));
#198 = ORIENTED_EDGE('',*,*,#199,.F.);
#199 = EDGE_CURVE('',#200,#192,#202,.T.);
#200 = VERTEX_POINT('',#201);
#201 = CARTESIAN_POINT('',(1.694162,5.327637,1.51));
#202 = LINE('',#203,#204);
#203 = CARTESIAN_POINT('',(1.694162,5.327637,1.51));
#204 = VECTOR('',#205,1.);
#205 = DIRECTION('',(0.,0.,1.));
#206 = ORIENTED_EDGE('',*,*,#207,.F.);
#207 = EDGE_CURVE('',#169,#200,#208,.T.);
#208 = LINE('',#209,#210);
#209 = CARTESIAN_POINT('',(4.624605,8.255,1.51));
#210 = VECTOR('',#211,1.);
#211 = DIRECTION('',(-0.707478475986,-0.706734890901,0.));
#212 = PLANE('',#213);
#213 = AXIS2_PLACEMENT_3D('',#214,#215,#216);
#214 = CARTESIAN_POINT('',(4.624605,8.255,1.51));
#215 = DIRECTION('',(0.706734890901,-0.707478475986,0.));
#216 = DIRECTION('',(-0.707478475986,-0.706734890901,0.));
#217 = ADVANCED_FACE('',(#218),#245,.F.);
#218 = FACE_BOUND('',#219,.T.);
#219 = EDGE_LOOP('',(#220,#221,#230,#238));
#220 = ORIENTED_EDGE('',*,*,#199,.T.);
#221 = ORIENTED_EDGE('',*,*,#222,.T.);
#222 = EDGE_CURVE('',#192,#223,#225,.T.);
#223 = VERTEX_POINT('',#224);
#224 = CARTESIAN_POINT('',(1.517872,5.504027,1.545));
#225 = CIRCLE('',#226,0.367248634835);
#226 = AXIS2_PLACEMENT_3D('',#227,#228,#229);
#227 = CARTESIAN_POINT('',(1.361690039201,5.1716435544,1.545));
#228 = DIRECTION('',(0.,0.,1.));
#229 = DIRECTION('',(0.905304824208,0.424762492773,-0.));
#230 = ORIENTED_EDGE('',*,*,#231,.F.);
#231 = EDGE_CURVE('',#232,#223,#234,.T.);
#232 = VERTEX_POINT('',#233);
#233 = CARTESIAN_POINT('',(1.517872,5.504027,1.51));
#234 = LINE('',#235,#236);
#235 = CARTESIAN_POINT('',(1.517872,5.504027,1.51));
#236 = VECTOR('',#237,1.);
#237 = DIRECTION('',(0.,0.,1.));
#238 = ORIENTED_EDGE('',*,*,#239,.F.);
#239 = EDGE_CURVE('',#200,#232,#240,.T.);
#240 = CIRCLE('',#241,0.367248634835);
#241 = AXIS2_PLACEMENT_3D('',#242,#243,#244);
#242 = CARTESIAN_POINT('',(1.361690039201,5.1716435544,1.51));
#243 = DIRECTION('',(0.,0.,1.));
#244 = DIRECTION('',(0.905304824208,0.424762492773,-0.));
#245 = CYLINDRICAL_SURFACE('',#246,0.367248634835);
#246 = AXIS2_PLACEMENT_3D('',#247,#248,#249);
#247 = CARTESIAN_POINT('',(1.361690039201,5.1716435544,1.51));
#248 = DIRECTION('',(-0.,-0.,-1.));
#249 = DIRECTION('',(0.905304824208,0.424762492773,-0.));
#250 = ADVANCED_FACE('',(#251),#267,.T.);
#251 = FACE_BOUND('',#252,.T.);
#252 = EDGE_LOOP('',(#253,#254,#260,#261));
#253 = ORIENTED_EDGE('',*,*,#231,.T.);
#254 = ORIENTED_EDGE('',*,*,#255,.T.);
#255 = EDGE_CURVE('',#223,#58,#256,.T.);
#256 = LINE('',#257,#258);
#257 = CARTESIAN_POINT('',(1.517872,5.504027,1.545));
#258 = VECTOR('',#259,1.);
#259 = DIRECTION('',(0.707106899687,0.707106662686,0.));
#260 = ORIENTED_EDGE('',*,*,#55,.F.);
#261 = ORIENTED_EDGE('',*,*,#262,.F.);
#262 = EDGE_CURVE('',#232,#56,#263,.T.);
#263 = LINE('',#264,#265);
#264 = CARTESIAN_POINT('',(1.517872,5.504027,1.51));
#265 = VECTOR('',#266,1.);
#266 = DIRECTION('',(0.707106899687,0.707106662686,0.));
#267 = PLANE('',#268);
#268 = AXIS2_PLACEMENT_3D('',#269,#270,#271);
#269 = CARTESIAN_POINT('',(1.517872,5.504027,1.51));
#270 = DIRECTION('',(-0.707106662686,0.707106899687,0.));
#271 = DIRECTION('',(0.707106899687,0.707106662686,0.));
#272 = ADVANCED_FACE('',(#273),#282,.F.);
#273 = FACE_BOUND('',#274,.T.);
#274 = EDGE_LOOP('',(#275,#276,#277,#278,#279,#280,#281));
#275 = ORIENTED_EDGE('',*,*,#81,.T.);
#276 = ORIENTED_EDGE('',*,*,#112,.T.);
#277 = ORIENTED_EDGE('',*,*,#144,.T.);
#278 = ORIENTED_EDGE('',*,*,#176,.T.);
#279 = ORIENTED_EDGE('',*,*,#207,.T.);
#280 = ORIENTED_EDGE('',*,*,#239,.T.);
#281 = ORIENTED_EDGE('',*,*,#262,.T.);
#282 = PLANE('',#283);
#283 = AXIS2_PLACEMENT_3D('',#284,#285,#286);
#284 = CARTESIAN_POINT('',(0.,0.,1.51));
#285 = DIRECTION('',(0.,0.,1.));
#286 = DIRECTION('',(1.,0.,-0.));
#287 = ADVANCED_FACE('',(#288),#297,.T.);
#288 = FACE_BOUND('',#289,.F.);
#289 = EDGE_LOOP('',(#290,#291,#292,#293,#294,#295,#296));
#290 = ORIENTED_EDGE('',*,*,#65,.T.);
#291 = ORIENTED_EDGE('',*,*,#96,.T.);
#292 = ORIENTED_EDGE('',*,*,#127,.T.);
#293 = ORIENTED_EDGE('',*,*,#160,.T.);
#294 = ORIENTED_EDGE('',*,*,#191,.T.);
#295 = ORIENTED_EDGE('',*,*,#222,.T.);
#296 = ORIENTED_EDGE('',*,*,#255,.T.);
#297 = PLANE('',#298);
#298 = AXIS2_PLACEMENT_3D('',#299,#300,#301);
#299 = CARTESIAN_POINT('',(0.,0.,1.545));
#300 = DIRECTION('',(0.,0.,1.));
#301 = DIRECTION('',(1.,0.,-0.));
#302 = MANIFOLD_SOLID_BREP('',#303);
#303 = CLOSED_SHELL('',(#304,#344,#375,#406,#437,#468,#499,#530,#561,
    #592,#623,#654,#687,#718,#751,#782,#815,#846,#879,#910,#943,#974,
    #1005,#1038,#1069,#1100,#1133,#1164,#1195,#1228,#1259,#1290,#1323,
    #1354,#1385,#1418,#1449,#1480,#1513,#1544,#1577,#1608,#1641,#1672,
    #1705,#1736,#1769,#1800,#1822,#1878));
#304 = ADVANCED_FACE('',(#305),#339,.F.);
#305 = FACE_BOUND('',#306,.F.);
#306 = EDGE_LOOP('',(#307,#317,#325,#333));
#307 = ORIENTED_EDGE('',*,*,#308,.T.);
#308 = EDGE_CURVE('',#309,#311,#313,.T.);
#309 = VERTEX_POINT('',#310);
#310 = CARTESIAN_POINT('',(0.116686,10.043314,0.));
#311 = VERTEX_POINT('',#312);
#312 = CARTESIAN_POINT('',(0.116686,10.043314,-3.5E-02));
#313 = LINE('',#314,#315);
#314 = CARTESIAN_POINT('',(0.116686,10.043314,0.));
#315 = VECTOR('',#316,1.);
#316 = DIRECTION('',(0.,0.,-1.));
#317 = ORIENTED_EDGE('',*,*,#318,.T.);
#318 = EDGE_CURVE('',#311,#319,#321,.T.);
#319 = VERTEX_POINT('',#320);
#320 = CARTESIAN_POINT('',(0.1519,10.0579,-3.5E-02));
#321 = LINE('',#322,#323);
#322 = CARTESIAN_POINT('',(0.116686,10.043314,-3.5E-02));
#323 = VECTOR('',#324,1.);
#324 = DIRECTION('',(0.923880612086,0.382680826032,0.));
#325 = ORIENTED_EDGE('',*,*,#326,.F.);
#326 = EDGE_CURVE('',#327,#319,#329,.T.);
#327 = VERTEX_POINT('',#328);
#328 = CARTESIAN_POINT('',(0.1519,10.0579,0.));
#329 = LINE('',#330,#331);
#330 = CARTESIAN_POINT('',(0.1519,10.0579,0.));
#331 = VECTOR('',#332,1.);
#332 = DIRECTION('',(0.,0.,-1.));
#333 = ORIENTED_EDGE('',*,*,#334,.F.);
#334 = EDGE_CURVE('',#309,#327,#335,.T.);
#335 = LINE('',#336,#337);
#336 = CARTESIAN_POINT('',(0.116686,10.043314,0.));
#337 = VECTOR('',#338,1.);
#338 = DIRECTION('',(0.923880612086,0.382680826032,0.));
#339 = PLANE('',#340);
#340 = AXIS2_PLACEMENT_3D('',#341,#342,#343);
#341 = CARTESIAN_POINT('',(0.116686,10.043314,0.));
#342 = DIRECTION('',(0.382680826032,-0.923880612086,0.));
#343 = DIRECTION('',(0.923880612086,0.382680826032,0.));
#344 = ADVANCED_FACE('',(#345),#370,.F.);
#345 = FACE_BOUND('',#346,.F.);
#346 = EDGE_LOOP('',(#347,#348,#356,#364));
#347 = ORIENTED_EDGE('',*,*,#326,.T.);
#348 = ORIENTED_EDGE('',*,*,#349,.T.);
#349 = EDGE_CURVE('',#319,#350,#352,.T.);
#350 = VERTEX_POINT('',#351);
#351 = CARTESIAN_POINT('',(10.0081,10.0579,-3.5E-02));
#352 = LINE('',#353,#354);
#353 = CARTESIAN_POINT('',(0.1519,10.0579,-3.5E-02));
#354 = VECTOR('',#355,1.);
#355 = DIRECTION('',(1.,0.,0.));
#356 = ORIENTED_EDGE('',*,*,#357,.F.);
#357 = EDGE_CURVE('',#358,#350,#360,.T.);
#358 = VERTEX_POINT('',#359);
#359 = CARTESIAN_POINT('',(10.0081,10.0579,0.));
#360 = LINE('',#361,#362);
#361 = CARTESIAN_POINT('',(10.0081,10.0579,0.));
#362 = VECTOR('',#363,1.);
#363 = DIRECTION('',(0.,0.,-1.));
#364 = ORIENTED_EDGE('',*,*,#365,.F.);
#365 = EDGE_CURVE('',#327,#358,#366,.T.);
#366 = LINE('',#367,#368);
#367 = CARTESIAN_POINT('',(0.1519,10.0579,0.));
#368 = VECTOR('',#369,1.);
#369 = DIRECTION('',(1.,0.,0.));
#370 = PLANE('',#371);
#371 = AXIS2_PLACEMENT_3D('',#372,#373,#374);
#372 = CARTESIAN_POINT('',(0.1519,10.0579,0.));
#373 = DIRECTION('',(0.,-1.,0.));
#374 = DIRECTION('',(1.,0.,0.));
#375 = ADVANCED_FACE('',(#376),#401,.F.);
#376 = FACE_BOUND('',#377,.F.);
#377 = EDGE_LOOP('',(#378,#379,#387,#395));
#378 = ORIENTED_EDGE('',*,*,#357,.T.);
#379 = ORIENTED_EDGE('',*,*,#380,.T.);
#380 = EDGE_CURVE('',#350,#381,#383,.T.);
#381 = VERTEX_POINT('',#382);
#382 = CARTESIAN_POINT('',(10.043314,10.043314,-3.5E-02));
#383 = LINE('',#384,#385);
#384 = CARTESIAN_POINT('',(10.0081,10.0579,-3.5E-02));
#385 = VECTOR('',#386,1.);
#386 = DIRECTION('',(0.923880612086,-0.382680826032,0.));
#387 = ORIENTED_EDGE('',*,*,#388,.F.);
#388 = EDGE_CURVE('',#389,#381,#391,.T.);
#389 = VERTEX_POINT('',#390);
#390 = CARTESIAN_POINT('',(10.043314,10.043314,0.));
#391 = LINE('',#392,#393);
#392 = CARTESIAN_POINT('',(10.043314,10.043314,0.));
#393 = VECTOR('',#394,1.);
#394 = DIRECTION('',(0.,0.,-1.));
#395 = ORIENTED_EDGE('',*,*,#396,.F.);
#396 = EDGE_CURVE('',#358,#389,#397,.T.);
#397 = LINE('',#398,#399);
#398 = CARTESIAN_POINT('',(10.0081,10.0579,0.));
#399 = VECTOR('',#400,1.);
#400 = DIRECTION('',(0.923880612086,-0.382680826032,0.));
#401 = PLANE('',#402);
#402 = AXIS2_PLACEMENT_3D('',#403,#404,#405);
#403 = CARTESIAN_POINT('',(10.0081,10.0579,0.));
#404 = DIRECTION('',(-0.382680826032,-0.923880612086,-0.));
#405 = DIRECTION('',(0.923880612086,-0.382680826032,0.));
#406 = ADVANCED_FACE('',(#407),#432,.F.);
#407 = FACE_BOUND('',#408,.F.);
#408 = EDGE_LOOP('',(#409,#410,#418,#426));
#409 = ORIENTED_EDGE('',*,*,#388,.T.);
#410 = ORIENTED_EDGE('',*,*,#411,.T.);
#411 = EDGE_CURVE('',#381,#412,#414,.T.);
#412 = VERTEX_POINT('',#413);
#413 = CARTESIAN_POINT('',(10.0579,10.0081,-3.5E-02));
#414 = LINE('',#415,#416);
#415 = CARTESIAN_POINT('',(10.043314,10.043314,-3.5E-02));
#416 = VECTOR('',#417,1.);
#417 = DIRECTION('',(0.382680826032,-0.923880612086,0.));
#418 = ORIENTED_EDGE('',*,*,#419,.F.);
#419 = EDGE_CURVE('',#420,#412,#422,.T.);
#420 = VERTEX_POINT('',#421);
#421 = CARTESIAN_POINT('',(10.0579,10.0081,0.));
#422 = LINE('',#423,#424);
#423 = CARTESIAN_POINT('',(10.0579,10.0081,0.));
#424 = VECTOR('',#425,1.);
#425 = DIRECTION('',(0.,0.,-1.));
#426 = ORIENTED_EDGE('',*,*,#427,.F.);
#427 = EDGE_CURVE('',#389,#420,#428,.T.);
#428 = LINE('',#429,#430);
#429 = CARTESIAN_POINT('',(10.043314,10.043314,0.));
#430 = VECTOR('',#431,1.);
#431 = DIRECTION('',(0.382680826032,-0.923880612086,0.));
#432 = PLANE('',#433);
#433 = AXIS2_PLACEMENT_3D('',#434,#435,#436);
#434 = CARTESIAN_POINT('',(10.043314,10.043314,0.));
#435 = DIRECTION('',(-0.923880612086,-0.382680826032,-0.));
#436 = DIRECTION('',(0.382680826032,-0.923880612086,0.));
#437 = ADVANCED_FACE('',(#438),#463,.F.);
#438 = FACE_BOUND('',#439,.F.);
#439 = EDGE_LOOP('',(#440,#441,#449,#457));
#440 = ORIENTED_EDGE('',*,*,#419,.T.);
#441 = ORIENTED_EDGE('',*,*,#442,.T.);
#442 = EDGE_CURVE('',#412,#443,#445,.T.);
#443 = VERTEX_POINT('',#444);
#444 = CARTESIAN_POINT('',(10.0579,0.1519,-3.5E-02));
#445 = LINE('',#446,#447);
#446 = CARTESIAN_POINT('',(10.0579,10.0081,-3.5E-02));
#447 = VECTOR('',#448,1.);
#448 = DIRECTION('',(0.,-1.,0.));
#449 = ORIENTED_EDGE('',*,*,#450,.F.);
#450 = EDGE_CURVE('',#451,#443,#453,.T.);
#451 = VERTEX_POINT('',#452);
#452 = CARTESIAN_POINT('',(10.0579,0.1519,0.));
#453 = LINE('',#454,#455);
#454 = CARTESIAN_POINT('',(10.0579,0.1519,0.));
#455 = VECTOR('',#456,1.);
#456 = DIRECTION('',(0.,0.,-1.));
#457 = ORIENTED_EDGE('',*,*,#458,.F.);
#458 = EDGE_CURVE('',#420,#451,#459,.T.);
#459 = LINE('',#460,#461);
#460 = CARTESIAN_POINT('',(10.0579,10.0081,0.));
#461 = VECTOR('',#462,1.);
#462 = DIRECTION('',(0.,-1.,0.));
#463 = PLANE('',#464);
#464 = AXIS2_PLACEMENT_3D('',#465,#466,#467);
#465 = CARTESIAN_POINT('',(10.0579,10.0081,0.));
#466 = DIRECTION('',(-1.,-0.,-0.));
#467 = DIRECTION('',(0.,-1.,0.));
#468 = ADVANCED_FACE('',(#469),#494,.F.);
#469 = FACE_BOUND('',#470,.F.);
#470 = EDGE_LOOP('',(#471,#472,#480,#488));
#471 = ORIENTED_EDGE('',*,*,#450,.T.);
#472 = ORIENTED_EDGE('',*,*,#473,.T.);
#473 = EDGE_CURVE('',#443,#474,#476,.T.);
#474 = VERTEX_POINT('',#475);
#475 = CARTESIAN_POINT('',(10.043314,0.116686,-3.5E-02));
#476 = LINE('',#477,#478);
#477 = CARTESIAN_POINT('',(10.0579,0.1519,-3.5E-02));
#478 = VECTOR('',#479,1.);
#479 = DIRECTION('',(-0.382680826032,-0.923880612086,0.));
#480 = ORIENTED_EDGE('',*,*,#481,.F.);
#481 = EDGE_CURVE('',#482,#474,#484,.T.);
#482 = VERTEX_POINT('',#483);
#483 = CARTESIAN_POINT('',(10.043314,0.116686,0.));
#484 = LINE('',#485,#486);
#485 = CARTESIAN_POINT('',(10.043314,0.116686,0.));
#486 = VECTOR('',#487,1.);
#487 = DIRECTION('',(0.,0.,-1.));
#488 = ORIENTED_EDGE('',*,*,#489,.F.);
#489 = EDGE_CURVE('',#451,#482,#490,.T.);
#490 = LINE('',#491,#492);
#491 = CARTESIAN_POINT('',(10.0579,0.1519,0.));
#492 = VECTOR('',#493,1.);
#493 = DIRECTION('',(-0.382680826032,-0.923880612086,0.));
#494 = PLANE('',#495);
#495 = AXIS2_PLACEMENT_3D('',#496,#497,#498);
#496 = CARTESIAN_POINT('',(10.0579,0.1519,0.));
#497 = DIRECTION('',(-0.923880612086,0.382680826032,0.));
#498 = DIRECTION('',(-0.382680826032,-0.923880612086,0.));
#499 = ADVANCED_FACE('',(#500),#525,.F.);
#500 = FACE_BOUND('',#501,.F.);
#501 = EDGE_LOOP('',(#502,#503,#511,#519));
#502 = ORIENTED_EDGE('',*,*,#481,.T.);
#503 = ORIENTED_EDGE('',*,*,#504,.T.);
#504 = EDGE_CURVE('',#474,#505,#507,.T.);
#505 = VERTEX_POINT('',#506);
#506 = CARTESIAN_POINT('',(10.0081,0.1021,-3.5E-02));
#507 = LINE('',#508,#509);
#508 = CARTESIAN_POINT('',(10.043314,0.116686,-3.5E-02));
#509 = VECTOR('',#510,1.);
#510 = DIRECTION('',(-0.923880612086,-0.382680826032,0.));
#511 = ORIENTED_EDGE('',*,*,#512,.F.);
#512 = EDGE_CURVE('',#513,#505,#515,.T.);
#513 = VERTEX_POINT('',#514);
#514 = CARTESIAN_POINT('',(10.0081,0.1021,0.));
#515 = LINE('',#516,#517);
#516 = CARTESIAN_POINT('',(10.0081,0.1021,0.));
#517 = VECTOR('',#518,1.);
#518 = DIRECTION('',(0.,0.,-1.));
#519 = ORIENTED_EDGE('',*,*,#520,.F.);
#520 = EDGE_CURVE('',#482,#513,#521,.T.);
#521 = LINE('',#522,#523);
#522 = CARTESIAN_POINT('',(10.043314,0.116686,0.));
#523 = VECTOR('',#524,1.);
#524 = DIRECTION('',(-0.923880612086,-0.382680826032,0.));
#525 = PLANE('',#526);
#526 = AXIS2_PLACEMENT_3D('',#527,#528,#529);
#527 = CARTESIAN_POINT('',(10.043314,0.116686,0.));
#528 = DIRECTION('',(-0.382680826032,0.923880612086,0.));
#529 = DIRECTION('',(-0.923880612086,-0.382680826032,0.));
#530 = ADVANCED_FACE('',(#531),#556,.F.);
#531 = FACE_BOUND('',#532,.F.);
#532 = EDGE_LOOP('',(#533,#534,#542,#550));
#533 = ORIENTED_EDGE('',*,*,#512,.T.);
#534 = ORIENTED_EDGE('',*,*,#535,.T.);
#535 = EDGE_CURVE('',#505,#536,#538,.T.);
#536 = VERTEX_POINT('',#537);
#537 = CARTESIAN_POINT('',(0.1519,0.1021,-3.5E-02));
#538 = LINE('',#539,#540);
#539 = CARTESIAN_POINT('',(10.0081,0.1021,-3.5E-02));
#540 = VECTOR('',#541,1.);
#541 = DIRECTION('',(-1.,0.,0.));
#542 = ORIENTED_EDGE('',*,*,#543,.F.);
#543 = EDGE_CURVE('',#544,#536,#546,.T.);
#544 = VERTEX_POINT('',#545);
#545 = CARTESIAN_POINT('',(0.1519,0.1021,0.));
#546 = LINE('',#547,#548);
#547 = CARTESIAN_POINT('',(0.1519,0.1021,0.));
#548 = VECTOR('',#549,1.);
#549 = DIRECTION('',(0.,0.,-1.));
#550 = ORIENTED_EDGE('',*,*,#551,.F.);
#551 = EDGE_CURVE('',#513,#544,#552,.T.);
#552 = LINE('',#553,#554);
#553 = CARTESIAN_POINT('',(10.0081,0.1021,0.));
#554 = VECTOR('',#555,1.);
#555 = DIRECTION('',(-1.,0.,0.));
#556 = PLANE('',#557);
#557 = AXIS2_PLACEMENT_3D('',#558,#559,#560);
#558 = CARTESIAN_POINT('',(10.0081,0.1021,0.));
#559 = DIRECTION('',(0.,1.,0.));
#560 = DIRECTION('',(-1.,0.,0.));
#561 = ADVANCED_FACE('',(#562),#587,.F.);
#562 = FACE_BOUND('',#563,.F.);
#563 = EDGE_LOOP('',(#564,#565,#573,#581));
#564 = ORIENTED_EDGE('',*,*,#543,.T.);
#565 = ORIENTED_EDGE('',*,*,#566,.T.);
#566 = EDGE_CURVE('',#536,#567,#569,.T.);
#567 = VERTEX_POINT('',#568);
#568 = CARTESIAN_POINT('',(0.116686,0.116686,-3.5E-02));
#569 = LINE('',#570,#571);
#570 = CARTESIAN_POINT('',(0.1519,0.1021,-3.5E-02));
#571 = VECTOR('',#572,1.);
#572 = DIRECTION('',(-0.923880612086,0.382680826032,0.));
#573 = ORIENTED_EDGE('',*,*,#574,.F.);
#574 = EDGE_CURVE('',#575,#567,#577,.T.);
#575 = VERTEX_POINT('',#576);
#576 = CARTESIAN_POINT('',(0.116686,0.116686,0.));
#577 = LINE('',#578,#579);
#578 = CARTESIAN_POINT('',(0.116686,0.116686,0.));
#579 = VECTOR('',#580,1.);
#580 = DIRECTION('',(0.,0.,-1.));
#581 = ORIENTED_EDGE('',*,*,#582,.F.);
#582 = EDGE_CURVE('',#544,#575,#583,.T.);
#583 = LINE('',#584,#585);
#584 = CARTESIAN_POINT('',(0.1519,0.1021,0.));
#585 = VECTOR('',#586,1.);
#586 = DIRECTION('',(-0.923880612086,0.382680826032,0.));
#587 = PLANE('',#588);
#588 = AXIS2_PLACEMENT_3D('',#589,#590,#591);
#589 = CARTESIAN_POINT('',(0.1519,0.1021,0.));
#590 = DIRECTION('',(0.382680826032,0.923880612086,0.));
#591 = DIRECTION('',(-0.923880612086,0.382680826032,0.));
#592 = ADVANCED_FACE('',(#593),#618,.F.);
#593 = FACE_BOUND('',#594,.F.);
#594 = EDGE_LOOP('',(#595,#596,#604,#612));
#595 = ORIENTED_EDGE('',*,*,#574,.T.);
#596 = ORIENTED_EDGE('',*,*,#597,.T.);
#597 = EDGE_CURVE('',#567,#598,#600,.T.);
#598 = VERTEX_POINT('',#599);
#599 = CARTESIAN_POINT('',(0.1021,0.1519,-3.5E-02));
#600 = LINE('',#601,#602);
#601 = CARTESIAN_POINT('',(0.116686,0.116686,-3.5E-02));
#602 = VECTOR('',#603,1.);
#603 = DIRECTION('',(-0.382680826032,0.923880612086,0.));
#604 = ORIENTED_EDGE('',*,*,#605,.F.);
#605 = EDGE_CURVE('',#606,#598,#608,.T.);
#606 = VERTEX_POINT('',#607);
#607 = CARTESIAN_POINT('',(0.1021,0.1519,0.));
#608 = LINE('',#609,#610);
#609 = CARTESIAN_POINT('',(0.1021,0.1519,0.));
#610 = VECTOR('',#611,1.);
#611 = DIRECTION('',(0.,0.,-1.));
#612 = ORIENTED_EDGE('',*,*,#613,.F.);
#613 = EDGE_CURVE('',#575,#606,#614,.T.);
#614 = LINE('',#615,#616);
#615 = CARTESIAN_POINT('',(0.116686,0.116686,0.));
#616 = VECTOR('',#617,1.);
#617 = DIRECTION('',(-0.382680826032,0.923880612086,0.));
#618 = PLANE('',#619);
#619 = AXIS2_PLACEMENT_3D('',#620,#621,#622);
#620 = CARTESIAN_POINT('',(0.116686,0.116686,0.));
#621 = DIRECTION('',(0.923880612086,0.382680826032,0.));
#622 = DIRECTION('',(-0.382680826032,0.923880612086,0.));
#623 = ADVANCED_FACE('',(#624),#649,.F.);
#624 = FACE_BOUND('',#625,.F.);
#625 = EDGE_LOOP('',(#626,#627,#635,#643));
#626 = ORIENTED_EDGE('',*,*,#605,.T.);
#627 = ORIENTED_EDGE('',*,*,#628,.T.);
#628 = EDGE_CURVE('',#598,#629,#631,.T.);
#629 = VERTEX_POINT('',#630);
#630 = CARTESIAN_POINT('',(0.1021,1.882133,-3.5E-02));
#631 = LINE('',#632,#633);
#632 = CARTESIAN_POINT('',(0.1021,0.1519,-3.5E-02));
#633 = VECTOR('',#634,1.);
#634 = DIRECTION('',(0.,1.,0.));
#635 = ORIENTED_EDGE('',*,*,#636,.F.);
#636 = EDGE_CURVE('',#637,#629,#639,.T.);
#637 = VERTEX_POINT('',#638);
#638 = CARTESIAN_POINT('',(0.1021,1.882133,0.));
#639 = LINE('',#640,#641);
#640 = CARTESIAN_POINT('',(0.1021,1.882133,0.));
#641 = VECTOR('',#642,1.);
#642 = DIRECTION('',(0.,0.,-1.));
#643 = ORIENTED_EDGE('',*,*,#644,.F.);
#644 = EDGE_CURVE('',#606,#637,#645,.T.);
#645 = LINE('',#646,#647);
#646 = CARTESIAN_POINT('',(0.1021,0.1519,0.));
#647 = VECTOR('',#648,1.);
#648 = DIRECTION('',(0.,1.,0.));
#649 = PLANE('',#650);
#650 = AXIS2_PLACEMENT_3D('',#651,#652,#653);
#651 = CARTESIAN_POINT('',(0.1021,0.1519,0.));
#652 = DIRECTION('',(1.,-0.,0.));
#653 = DIRECTION('',(0.,1.,0.));
#654 = ADVANCED_FACE('',(#655),#682,.T.);
#655 = FACE_BOUND('',#656,.F.);
#656 = EDGE_LOOP('',(#657,#658,#667,#675));
#657 = ORIENTED_EDGE('',*,*,#636,.T.);
#658 = ORIENTED_EDGE('',*,*,#659,.T.);
#659 = EDGE_CURVE('',#629,#660,#662,.T.);
#660 = VERTEX_POINT('',#661);
#661 = CARTESIAN_POINT('',(0.187114,1.917347,-3.5E-02));
#662 = CIRCLE('',#663,4.980000000027E-02);
#663 = AXIS2_PLACEMENT_3D('',#664,#665,#666);
#664 = CARTESIAN_POINT('',(0.1519,1.882133164594,-3.5E-02));
#665 = DIRECTION('',(0.,0.,-1.));
#666 = DIRECTION('',(-0.999999999995,-3.305092919544E-06,-0.));
#667 = ORIENTED_EDGE('',*,*,#668,.F.);
#668 = EDGE_CURVE('',#669,#660,#671,.T.);
#669 = VERTEX_POINT('',#670);
#670 = CARTESIAN_POINT('',(0.187114,1.917347,0.));
#671 = LINE('',#672,#673);
#672 = CARTESIAN_POINT('',(0.187114,1.917347,0.));
#673 = VECTOR('',#674,1.);
#674 = DIRECTION('',(0.,0.,-1.));
#675 = ORIENTED_EDGE('',*,*,#676,.F.);
#676 = EDGE_CURVE('',#637,#669,#677,.T.);
#677 = CIRCLE('',#678,4.980000000027E-02);
#678 = AXIS2_PLACEMENT_3D('',#679,#680,#681);
#679 = CARTESIAN_POINT('',(0.1519,1.882133164594,0.));
#680 = DIRECTION('',(0.,0.,-1.));
#681 = DIRECTION('',(-0.999999999995,-3.305092919544E-06,-0.));
#682 = CYLINDRICAL_SURFACE('',#683,4.980000000027E-02);
#683 = AXIS2_PLACEMENT_3D('',#684,#685,#686);
#684 = CARTESIAN_POINT('',(0.1519,1.882133164594,0.));
#685 = DIRECTION('',(-0.,-0.,1.));
#686 = DIRECTION('',(-0.999999999995,-3.305092919544E-06,-0.));
#687 = ADVANCED_FACE('',(#688),#713,.F.);
#688 = FACE_BOUND('',#689,.F.);
#689 = EDGE_LOOP('',(#690,#691,#699,#707));
#690 = ORIENTED_EDGE('',*,*,#668,.T.);
#691 = ORIENTED_EDGE('',*,*,#692,.T.);
#692 = EDGE_CURVE('',#660,#693,#695,.T.);
#693 = VERTEX_POINT('',#694);
#694 = CARTESIAN_POINT('',(0.320291,1.728872,-3.5E-02));
#695 = LINE('',#696,#697);
#696 = CARTESIAN_POINT('',(0.187114,1.917347,-3.5E-02));
#697 = VECTOR('',#698,1.);
#698 = DIRECTION('',(0.577075946516,-0.816690487243,0.));
#699 = ORIENTED_EDGE('',*,*,#700,.F.);
#700 = EDGE_CURVE('',#701,#693,#703,.T.);
#701 = VERTEX_POINT('',#702);
#702 = CARTESIAN_POINT('',(0.320291,1.728872,0.));
#703 = LINE('',#704,#705);
#704 = CARTESIAN_POINT('',(0.320291,1.728872,0.));
#705 = VECTOR('',#706,1.);
#706 = DIRECTION('',(0.,0.,-1.));
#707 = ORIENTED_EDGE('',*,*,#708,.F.);
#708 = EDGE_CURVE('',#669,#701,#709,.T.);
#709 = LINE('',#710,#711);
#710 = CARTESIAN_POINT('',(0.187114,1.917347,0.));
#711 = VECTOR('',#712,1.);
#712 = DIRECTION('',(0.577075946516,-0.816690487243,0.));
#713 = PLANE('',#714);
#714 = AXIS2_PLACEMENT_3D('',#715,#716,#717);
#715 = CARTESIAN_POINT('',(0.187114,1.917347,0.));
#716 = DIRECTION('',(-0.816690487243,-0.577075946516,-0.));
#717 = DIRECTION('',(0.577075946516,-0.816690487243,0.));
#718 = ADVANCED_FACE('',(#719),#746,.F.);
#719 = FACE_BOUND('',#720,.F.);
#720 = EDGE_LOOP('',(#721,#722,#731,#739));
#721 = ORIENTED_EDGE('',*,*,#700,.T.);
#722 = ORIENTED_EDGE('',*,*,#723,.T.);
#723 = EDGE_CURVE('',#693,#724,#726,.T.);
#724 = VERTEX_POINT('',#725);
#725 = CARTESIAN_POINT('',(0.320287,3.351124,-3.5E-02));
#726 = CIRCLE('',#727,1.248950097544);
#727 = AXIS2_PLACEMENT_3D('',#728,#729,#730);
#728 = CARTESIAN_POINT('',(1.269999986706,2.54000034171,-3.5E-02));
#729 = DIRECTION('',(0.,0.,1.));
#730 = DIRECTION('',(-0.760405870958,-0.649448159142,0.));
#731 = ORIENTED_EDGE('',*,*,#732,.F.);
#732 = EDGE_CURVE('',#733,#724,#735,.T.);
#733 = VERTEX_POINT('',#734);
#734 = CARTESIAN_POINT('',(0.320287,3.351124,0.));
#735 = LINE('',#736,#737);
#736 = CARTESIAN_POINT('',(0.320287,3.351124,0.));
#737 = VECTOR('',#738,1.);
#738 = DIRECTION('',(0.,0.,-1.));
#739 = ORIENTED_EDGE('',*,*,#740,.F.);
#740 = EDGE_CURVE('',#701,#733,#741,.T.);
#741 = CIRCLE('',#742,1.248950097544);
#742 = AXIS2_PLACEMENT_3D('',#743,#744,#745);
#743 = CARTESIAN_POINT('',(1.269999986706,2.54000034171,0.));
#744 = DIRECTION('',(0.,0.,1.));
#745 = DIRECTION('',(-0.760405870958,-0.649448159142,0.));
#746 = CYLINDRICAL_SURFACE('',#747,1.248950097544);
#747 = AXIS2_PLACEMENT_3D('',#748,#749,#750);
#748 = CARTESIAN_POINT('',(1.269999986706,2.54000034171,0.));
#749 = DIRECTION('',(0.,0.,1.));
#750 = DIRECTION('',(-0.760405870958,-0.649448159142,0.));
#751 = ADVANCED_FACE('',(#752),#777,.F.);
#752 = FACE_BOUND('',#753,.F.);
#753 = EDGE_LOOP('',(#754,#755,#763,#771));
#754 = ORIENTED_EDGE('',*,*,#732,.T.);
#755 = ORIENTED_EDGE('',*,*,#756,.T.);
#756 = EDGE_CURVE('',#724,#757,#759,.T.);
#757 = VERTEX_POINT('',#758);
#758 = CARTESIAN_POINT('',(0.196272,3.175259,-3.5E-02));
#759 = LINE('',#760,#761);
#760 = CARTESIAN_POINT('',(0.320287,3.351124,-3.5E-02));
#761 = VECTOR('',#762,1.);
#762 = DIRECTION('',(-0.576295437018,-0.817241438788,0.));
#763 = ORIENTED_EDGE('',*,*,#764,.F.);
#764 = EDGE_CURVE('',#765,#757,#767,.T.);
#765 = VERTEX_POINT('',#766);
#766 = CARTESIAN_POINT('',(0.196272,3.175259,0.));
#767 = LINE('',#768,#769);
#768 = CARTESIAN_POINT('',(0.196272,3.175259,0.));
#769 = VECTOR('',#770,1.);
#770 = DIRECTION('',(0.,0.,-1.));
#771 = ORIENTED_EDGE('',*,*,#772,.F.);
#772 = EDGE_CURVE('',#733,#765,#773,.T.);
#773 = LINE('',#774,#775);
#774 = CARTESIAN_POINT('',(0.320287,3.351124,0.));
#775 = VECTOR('',#776,1.);
#776 = DIRECTION('',(-0.576295437018,-0.817241438788,0.));
#777 = PLANE('',#778);
#778 = AXIS2_PLACEMENT_3D('',#779,#780,#781);
#779 = CARTESIAN_POINT('',(0.320287,3.351124,0.));
#780 = DIRECTION('',(-0.817241438788,0.576295437018,0.));
#781 = DIRECTION('',(-0.576295437018,-0.817241438788,0.));
#782 = ADVANCED_FACE('',(#783),#810,.T.);
#783 = FACE_BOUND('',#784,.F.);
#784 = EDGE_LOOP('',(#785,#786,#795,#803));
#785 = ORIENTED_EDGE('',*,*,#764,.T.);
#786 = ORIENTED_EDGE('',*,*,#787,.T.);
#787 = EDGE_CURVE('',#757,#788,#790,.T.);
#788 = VERTEX_POINT('',#789);
#789 = CARTESIAN_POINT('',(0.104537,3.182479,-3.5E-02));
#790 = CIRCLE('',#791,4.98000127018E-02);
#791 = AXIS2_PLACEMENT_3D('',#792,#793,#794);
#792 = CARTESIAN_POINT('',(0.151899781957,3.19786757207,-3.5E-02));
#793 = DIRECTION('',(-0.,0.,-1.));
#794 = DIRECTION('',(0.891008167175,-0.453987275181,-0.));
#795 = ORIENTED_EDGE('',*,*,#796,.F.);
#796 = EDGE_CURVE('',#797,#788,#799,.T.);
#797 = VERTEX_POINT('',#798);
#798 = CARTESIAN_POINT('',(0.104537,3.182479,0.));
#799 = LINE('',#800,#801);
#800 = CARTESIAN_POINT('',(0.104537,3.182479,0.));
#801 = VECTOR('',#802,1.);
#802 = DIRECTION('',(0.,0.,-1.));
#803 = ORIENTED_EDGE('',*,*,#804,.F.);
#804 = EDGE_CURVE('',#765,#797,#805,.T.);
#805 = CIRCLE('',#806,4.98000127018E-02);
#806 = AXIS2_PLACEMENT_3D('',#807,#808,#809);
#807 = CARTESIAN_POINT('',(0.151899781957,3.19786757207,0.));
#808 = DIRECTION('',(-0.,0.,-1.));
#809 = DIRECTION('',(0.891008167175,-0.453987275181,-0.));
#810 = CYLINDRICAL_SURFACE('',#811,4.98000127018E-02);
#811 = AXIS2_PLACEMENT_3D('',#812,#813,#814);
#812 = CARTESIAN_POINT('',(0.151899781957,3.19786757207,0.));
#813 = DIRECTION('',(0.,-0.,1.));
#814 = DIRECTION('',(0.891008167175,-0.453987275181,-0.));
#815 = ADVANCED_FACE('',(#816),#841,.F.);
#816 = FACE_BOUND('',#817,.F.);
#817 = EDGE_LOOP('',(#818,#819,#827,#835));
#818 = ORIENTED_EDGE('',*,*,#796,.T.);
#819 = ORIENTED_EDGE('',*,*,#820,.T.);
#820 = EDGE_CURVE('',#788,#821,#823,.T.);
#821 = VERTEX_POINT('',#822);
#822 = CARTESIAN_POINT('',(0.1021,4.536895,-3.5E-02));
#823 = LINE('',#824,#825);
#824 = CARTESIAN_POINT('',(0.104537,3.182479,-3.5E-02));
#825 = VECTOR('',#826,1.);
#826 = DIRECTION('',(-1.799296564085E-03,0.999998381265,0.));
#827 = ORIENTED_EDGE('',*,*,#828,.F.);
#828 = EDGE_CURVE('',#829,#821,#831,.T.);
#829 = VERTEX_POINT('',#830);
#830 = CARTESIAN_POINT('',(0.1021,4.536895,0.));
#831 = LINE('',#832,#833);
#832 = CARTESIAN_POINT('',(0.1021,4.536895,0.));
#833 = VECTOR('',#834,1.);
#834 = DIRECTION('',(0.,0.,-1.));
#835 = ORIENTED_EDGE('',*,*,#836,.F.);
#836 = EDGE_CURVE('',#797,#829,#837,.T.);
#837 = LINE('',#838,#839);
#838 = CARTESIAN_POINT('',(0.104537,3.182479,0.));
#839 = VECTOR('',#840,1.);
#840 = DIRECTION('',(-1.799296564085E-03,0.999998381265,0.));
#841 = PLANE('',#842);
#842 = AXIS2_PLACEMENT_3D('',#843,#844,#845);
#843 = CARTESIAN_POINT('',(0.104537,3.182479,0.));
#844 = DIRECTION('',(0.999998381265,1.799296564085E-03,0.));
#845 = DIRECTION('',(-1.799296564085E-03,0.999998381265,0.));
#846 = ADVANCED_FACE('',(#847),#874,.T.);
#847 = FACE_BOUND('',#848,.F.);
#848 = EDGE_LOOP('',(#849,#850,#859,#867));
#849 = ORIENTED_EDGE('',*,*,#828,.T.);
#850 = ORIENTED_EDGE('',*,*,#851,.T.);
#851 = EDGE_CURVE('',#821,#852,#854,.T.);
#852 = VERTEX_POINT('',#853);
#853 = CARTESIAN_POINT('',(0.187114,4.572109,-3.5E-02));
#854 = CIRCLE('',#855,4.980000000027E-02);
#855 = AXIS2_PLACEMENT_3D('',#856,#857,#858);
#856 = CARTESIAN_POINT('',(0.1519,4.536895164594,-3.5E-02));
#857 = DIRECTION('',(0.,0.,-1.));
#858 = DIRECTION('',(-0.999999999995,-3.305092924003E-06,-0.));
#859 = ORIENTED_EDGE('',*,*,#860,.F.);
#860 = EDGE_CURVE('',#861,#852,#863,.T.);
#861 = VERTEX_POINT('',#862);
#862 = CARTESIAN_POINT('',(0.187114,4.572109,0.));
#863 = LINE('',#864,#865);
#864 = CARTESIAN_POINT('',(0.187114,4.572109,0.));
#865 = VECTOR('',#866,1.);
#866 = DIRECTION('',(0.,0.,-1.));
#867 = ORIENTED_EDGE('',*,*,#868,.F.);
#868 = EDGE_CURVE('',#829,#861,#869,.T.);
#869 = CIRCLE('',#870,4.980000000027E-02);
#870 = AXIS2_PLACEMENT_3D('',#871,#872,#873);
#871 = CARTESIAN_POINT('',(0.1519,4.536895164594,0.));
#872 = DIRECTION('',(0.,0.,-1.));
#873 = DIRECTION('',(-0.999999999995,-3.305092924003E-06,-0.));
#874 = CYLINDRICAL_SURFACE('',#875,4.980000000027E-02);
#875 = AXIS2_PLACEMENT_3D('',#876,#877,#878);
#876 = CARTESIAN_POINT('',(0.1519,4.536895164594,0.));
#877 = DIRECTION('',(-0.,-0.,1.));
#878 = DIRECTION('',(-0.999999999995,-3.305092924003E-06,-0.));
#879 = ADVANCED_FACE('',(#880),#905,.F.);
#880 = FACE_BOUND('',#881,.F.);
#881 = EDGE_LOOP('',(#882,#883,#891,#899));
#882 = ORIENTED_EDGE('',*,*,#860,.T.);
#883 = ORIENTED_EDGE('',*,*,#884,.T.);
#884 = EDGE_CURVE('',#852,#885,#887,.T.);
#885 = VERTEX_POINT('',#886);
#886 = CARTESIAN_POINT('',(0.249653,4.454735,-3.5E-02));
#887 = LINE('',#888,#889);
#888 = CARTESIAN_POINT('',(0.187114,4.572109,-3.5E-02));
#889 = VECTOR('',#890,1.);
#890 = DIRECTION('',(0.470234229421,-0.882541653114,0.));
#891 = ORIENTED_EDGE('',*,*,#892,.F.);
#892 = EDGE_CURVE('',#893,#885,#895,.T.);
#893 = VERTEX_POINT('',#894);
#894 = CARTESIAN_POINT('',(0.249653,4.454735,0.));
#895 = LINE('',#896,#897);
#896 = CARTESIAN_POINT('',(0.249653,4.454735,0.));
#897 = VECTOR('',#898,1.);
#898 = DIRECTION('',(0.,0.,-1.));
#899 = ORIENTED_EDGE('',*,*,#900,.F.);
#900 = EDGE_CURVE('',#861,#893,#901,.T.);
#901 = LINE('',#902,#903);
#902 = CARTESIAN_POINT('',(0.187114,4.572109,0.));
#903 = VECTOR('',#904,1.);
#904 = DIRECTION('',(0.470234229421,-0.882541653114,0.));
#905 = PLANE('',#906);
#906 = AXIS2_PLACEMENT_3D('',#907,#908,#909);
#907 = CARTESIAN_POINT('',(0.187114,4.572109,0.));
#908 = DIRECTION('',(-0.882541653114,-0.470234229421,-0.));
#909 = DIRECTION('',(0.470234229421,-0.882541653114,0.));
#910 = ADVANCED_FACE('',(#911),#938,.F.);
#911 = FACE_BOUND('',#912,.F.);
#912 = EDGE_LOOP('',(#913,#914,#923,#931));
#913 = ORIENTED_EDGE('',*,*,#892,.T.);
#914 = ORIENTED_EDGE('',*,*,#915,.T.);
#915 = EDGE_CURVE('',#885,#916,#918,.T.);
#916 = VERTEX_POINT('',#917);
#917 = CARTESIAN_POINT('',(0.990647,3.916375,-3.5E-02));
#918 = CIRCLE('',#919,1.196691635014);
#919 = AXIS2_PLACEMENT_3D('',#920,#921,#922);
#920 = CARTESIAN_POINT('',(1.270000789451,5.080003948433,-3.5E-02));
#921 = DIRECTION('',(0.,0.,1.));
#922 = DIRECTION('',(-0.852640529604,-0.522497968682,0.));
#923 = ORIENTED_EDGE('',*,*,#924,.F.);
#924 = EDGE_CURVE('',#925,#916,#927,.T.);
#925 = VERTEX_POINT('',#926);
#926 = CARTESIAN_POINT('',(0.990647,3.916375,0.));
#927 = LINE('',#928,#929);
#928 = CARTESIAN_POINT('',(0.990647,3.916375,0.));
#929 = VECTOR('',#930,1.);
#930 = DIRECTION('',(0.,0.,-1.));
#931 = ORIENTED_EDGE('',*,*,#932,.F.);
#932 = EDGE_CURVE('',#893,#925,#933,.T.);
#933 = CIRCLE('',#934,1.196691635014);
#934 = AXIS2_PLACEMENT_3D('',#935,#936,#937);
#935 = CARTESIAN_POINT('',(1.270000789451,5.080003948433,0.));
#936 = DIRECTION('',(0.,0.,1.));
#937 = DIRECTION('',(-0.852640529604,-0.522497968682,0.));
#938 = CYLINDRICAL_SURFACE('',#939,1.196691635014);
#939 = AXIS2_PLACEMENT_3D('',#940,#941,#942);
#940 = CARTESIAN_POINT('',(1.270000789451,5.080003948433,0.));
#941 = DIRECTION('',(0.,0.,1.));
#942 = DIRECTION('',(-0.852640529604,-0.522497968682,0.));
#943 = ADVANCED_FACE('',(#944),#969,.F.);
#944 = FACE_BOUND('',#945,.F.);
#945 = EDGE_LOOP('',(#946,#947,#955,#963));
#946 = ORIENTED_EDGE('',*,*,#924,.T.);
#947 = ORIENTED_EDGE('',*,*,#948,.T.);
#948 = EDGE_CURVE('',#916,#949,#951,.T.);
#949 = VERTEX_POINT('',#950);
#950 = CARTESIAN_POINT('',(1.1434,3.892182,-3.5E-02));
#951 = LINE('',#952,#953);
#952 = CARTESIAN_POINT('',(0.990647,3.916375,-3.5E-02));
#953 = VECTOR('',#954,1.);
#954 = DIRECTION('',(0.987689038328,-0.156430059667,0.));
#955 = ORIENTED_EDGE('',*,*,#956,.F.);
#956 = EDGE_CURVE('',#957,#949,#959,.T.);
#957 = VERTEX_POINT('',#958);
#958 = CARTESIAN_POINT('',(1.1434,3.892182,0.));
#959 = LINE('',#960,#961);
#960 = CARTESIAN_POINT('',(1.1434,3.892182,0.));
#961 = VECTOR('',#962,1.);
#962 = DIRECTION('',(0.,0.,-1.));
#963 = ORIENTED_EDGE('',*,*,#964,.F.);
#964 = EDGE_CURVE('',#925,#957,#965,.T.);
#965 = LINE('',#966,#967);
#966 = CARTESIAN_POINT('',(0.990647,3.916375,0.));
#967 = VECTOR('',#968,1.);
#968 = DIRECTION('',(0.987689038328,-0.156430059667,0.));
#969 = PLANE('',#970);
#970 = AXIS2_PLACEMENT_3D('',#971,#972,#973);
#971 = CARTESIAN_POINT('',(0.990647,3.916375,0.));
#972 = DIRECTION('',(-0.156430059667,-0.987689038328,-0.));
#973 = DIRECTION('',(0.987689038328,-0.156430059667,0.));
#974 = ADVANCED_FACE('',(#975),#1000,.F.);
#975 = FACE_BOUND('',#976,.F.);
#976 = EDGE_LOOP('',(#977,#978,#986,#994));
#977 = ORIENTED_EDGE('',*,*,#956,.T.);
#978 = ORIENTED_EDGE('',*,*,#979,.T.);
#979 = EDGE_CURVE('',#949,#980,#982,.T.);
#980 = VERTEX_POINT('',#981);
#981 = CARTESIAN_POINT('',(1.1434,4.588002,-3.5E-02));
#982 = LINE('',#983,#984);
#983 = CARTESIAN_POINT('',(1.1434,3.892182,-3.5E-02));
#984 = VECTOR('',#985,1.);
#985 = DIRECTION('',(0.,1.,0.));
#986 = ORIENTED_EDGE('',*,*,#987,.F.);
#987 = EDGE_CURVE('',#988,#980,#990,.T.);
#988 = VERTEX_POINT('',#989);
#989 = CARTESIAN_POINT('',(1.1434,4.588002,0.));
#990 = LINE('',#991,#992);
#991 = CARTESIAN_POINT('',(1.1434,4.588002,0.));
#992 = VECTOR('',#993,1.);
#993 = DIRECTION('',(0.,0.,-1.));
#994 = ORIENTED_EDGE('',*,*,#995,.F.);
#995 = EDGE_CURVE('',#957,#988,#996,.T.);
#996 = LINE('',#997,#998);
#997 = CARTESIAN_POINT('',(1.1434,3.892182,0.));
#998 = VECTOR('',#999,1.);
#999 = DIRECTION('',(0.,1.,0.));
#1000 = PLANE('',#1001);
#1001 = AXIS2_PLACEMENT_3D('',#1002,#1003,#1004);
#1002 = CARTESIAN_POINT('',(1.1434,3.892182,0.));
#1003 = DIRECTION('',(1.,-0.,0.));
#1004 = DIRECTION('',(0.,1.,0.));
#1005 = ADVANCED_FACE('',(#1006),#1033,.F.);
#1006 = FACE_BOUND('',#1007,.F.);
#1007 = EDGE_LOOP('',(#1008,#1009,#1018,#1026));
#1008 = ORIENTED_EDGE('',*,*,#987,.T.);
#1009 = ORIENTED_EDGE('',*,*,#1010,.T.);
#1010 = EDGE_CURVE('',#980,#1011,#1013,.T.);
#1011 = VERTEX_POINT('',#1012);
#1012 = CARTESIAN_POINT('',(1.3966,4.588002,-3.5E-02));
#1013 = CIRCLE('',#1014,0.375049224879);
#1014 = AXIS2_PLACEMENT_3D('',#1015,#1016,#1017);
#1015 = CARTESIAN_POINT('',(1.27,4.941037920385,-3.5E-02));
#1016 = DIRECTION('',(0.,0.,1.));
#1017 = DIRECTION('',(-0.337555690299,-0.941305559288,0.));
#1018 = ORIENTED_EDGE('',*,*,#1019,.F.);
#1019 = EDGE_CURVE('',#1020,#1011,#1022,.T.);
#1020 = VERTEX_POINT('',#1021);
#1021 = CARTESIAN_POINT('',(1.3966,4.588002,0.));
#1022 = LINE('',#1023,#1024);
#1023 = CARTESIAN_POINT('',(1.3966,4.588002,0.));
#1024 = VECTOR('',#1025,1.);
#1025 = DIRECTION('',(0.,0.,-1.));
#1026 = ORIENTED_EDGE('',*,*,#1027,.F.);
#1027 = EDGE_CURVE('',#988,#1020,#1028,.T.);
#1028 = CIRCLE('',#1029,0.375049224879);
#1029 = AXIS2_PLACEMENT_3D('',#1030,#1031,#1032);
#1030 = CARTESIAN_POINT('',(1.27,4.941037920385,0.));
#1031 = DIRECTION('',(0.,0.,1.));
#1032 = DIRECTION('',(-0.337555690299,-0.941305559288,0.));
#1033 = CYLINDRICAL_SURFACE('',#1034,0.375049224879);
#1034 = AXIS2_PLACEMENT_3D('',#1035,#1036,#1037);
#1035 = CARTESIAN_POINT('',(1.27,4.941037920385,0.));
#1036 = DIRECTION('',(0.,0.,1.));
#1037 = DIRECTION('',(-0.337555690299,-0.941305559288,0.));
#1038 = ADVANCED_FACE('',(#1039),#1064,.F.);
#1039 = FACE_BOUND('',#1040,.F.);
#1040 = EDGE_LOOP('',(#1041,#1042,#1050,#1058));
#1041 = ORIENTED_EDGE('',*,*,#1019,.T.);
#1042 = ORIENTED_EDGE('',*,*,#1043,.T.);
#1043 = EDGE_CURVE('',#1011,#1044,#1046,.T.);
#1044 = VERTEX_POINT('',#1045);
#1045 = CARTESIAN_POINT('',(1.3966,3.892182,-3.5E-02));
#1046 = LINE('',#1047,#1048);
#1047 = CARTESIAN_POINT('',(1.3966,4.588002,-3.5E-02));
#1048 = VECTOR('',#1049,1.);
#1049 = DIRECTION('',(0.,-1.,0.));
#1050 = ORIENTED_EDGE('',*,*,#1051,.F.);
#1051 = EDGE_CURVE('',#1052,#1044,#1054,.T.);
#1052 = VERTEX_POINT('',#1053);
#1053 = CARTESIAN_POINT('',(1.3966,3.892182,0.));
#1054 = LINE('',#1055,#1056);
#1055 = CARTESIAN_POINT('',(1.3966,3.892182,0.));
#1056 = VECTOR('',#1057,1.);
#1057 = DIRECTION('',(0.,0.,-1.));
#1058 = ORIENTED_EDGE('',*,*,#1059,.F.);
#1059 = EDGE_CURVE('',#1020,#1052,#1060,.T.);
#1060 = LINE('',#1061,#1062);
#1061 = CARTESIAN_POINT('',(1.3966,4.588002,0.));
#1062 = VECTOR('',#1063,1.);
#1063 = DIRECTION('',(0.,-1.,0.));
#1064 = PLANE('',#1065);
#1065 = AXIS2_PLACEMENT_3D('',#1066,#1067,#1068);
#1066 = CARTESIAN_POINT('',(1.3966,4.588002,0.));
#1067 = DIRECTION('',(-1.,-0.,-0.));
#1068 = DIRECTION('',(0.,-1.,0.));
#1069 = ADVANCED_FACE('',(#1070),#1095,.F.);
#1070 = FACE_BOUND('',#1071,.F.);
#1071 = EDGE_LOOP('',(#1072,#1073,#1081,#1089));
#1072 = ORIENTED_EDGE('',*,*,#1051,.T.);
#1073 = ORIENTED_EDGE('',*,*,#1074,.T.);
#1074 = EDGE_CURVE('',#1044,#1075,#1077,.T.);
#1075 = VERTEX_POINT('',#1076);
#1076 = CARTESIAN_POINT('',(1.549352,3.916375,-3.5E-02));
#1077 = LINE('',#1078,#1079);
#1078 = CARTESIAN_POINT('',(1.3966,3.892182,-3.5E-02));
#1079 = VECTOR('',#1080,1.);
#1080 = DIRECTION('',(0.987688880103,0.156431058685,0.));
#1081 = ORIENTED_EDGE('',*,*,#1082,.F.);
#1082 = EDGE_CURVE('',#1083,#1075,#1085,.T.);
#1083 = VERTEX_POINT('',#1084);
#1084 = CARTESIAN_POINT('',(1.549352,3.916375,0.));
#1085 = LINE('',#1086,#1087);
#1086 = CARTESIAN_POINT('',(1.549352,3.916375,0.));
#1087 = VECTOR('',#1088,1.);
#1088 = DIRECTION('',(0.,0.,-1.));
#1089 = ORIENTED_EDGE('',*,*,#1090,.F.);
#1090 = EDGE_CURVE('',#1052,#1083,#1091,.T.);
#1091 = LINE('',#1092,#1093);
#1092 = CARTESIAN_POINT('',(1.3966,3.892182,0.));
#1093 = VECTOR('',#1094,1.);
#1094 = DIRECTION('',(0.987688880103,0.156431058685,0.));
#1095 = PLANE('',#1096);
#1096 = AXIS2_PLACEMENT_3D('',#1097,#1098,#1099);
#1097 = CARTESIAN_POINT('',(1.3966,3.892182,0.));
#1098 = DIRECTION('',(0.156431058685,-0.987688880103,0.));
#1099 = DIRECTION('',(0.987688880103,0.156431058685,0.));
#1100 = ADVANCED_FACE('',(#1101),#1128,.F.);
#1101 = FACE_BOUND('',#1102,.F.);
#1102 = EDGE_LOOP('',(#1103,#1104,#1113,#1121));
#1103 = ORIENTED_EDGE('',*,*,#1082,.T.);
#1104 = ORIENTED_EDGE('',*,*,#1105,.T.);
#1105 = EDGE_CURVE('',#1075,#1106,#1108,.T.);
#1106 = VERTEX_POINT('',#1107);
#1107 = CARTESIAN_POINT('',(2.433625,4.800648,-3.5E-02));
#1108 = CIRCLE('',#1109,1.19668683133);
#1109 = AXIS2_PLACEMENT_3D('',#1110,#1111,#1112);
#1110 = CARTESIAN_POINT('',(1.270000453317,5.079999546683,-3.5E-02));
#1111 = DIRECTION('',(0.,0.,1.));
#1112 = DIRECTION('',(0.23343747033,-0.972371815432,0.));
#1113 = ORIENTED_EDGE('',*,*,#1114,.F.);
#1114 = EDGE_CURVE('',#1115,#1106,#1117,.T.);
#1115 = VERTEX_POINT('',#1116);
#1116 = CARTESIAN_POINT('',(2.433625,4.800648,0.));
#1117 = LINE('',#1118,#1119);
#1118 = CARTESIAN_POINT('',(2.433625,4.800648,0.));
#1119 = VECTOR('',#1120,1.);
#1120 = DIRECTION('',(0.,0.,-1.));
#1121 = ORIENTED_EDGE('',*,*,#1122,.F.);
#1122 = EDGE_CURVE('',#1083,#1115,#1123,.T.);
#1123 = CIRCLE('',#1124,1.19668683133);
#1124 = AXIS2_PLACEMENT_3D('',#1125,#1126,#1127);
#1125 = CARTESIAN_POINT('',(1.270000453317,5.079999546683,0.));
#1126 = DIRECTION('',(0.,0.,1.));
#1127 = DIRECTION('',(0.23343747033,-0.972371815432,0.));
#1128 = CYLINDRICAL_SURFACE('',#1129,1.19668683133);
#1129 = AXIS2_PLACEMENT_3D('',#1130,#1131,#1132);
#1130 = CARTESIAN_POINT('',(1.270000453317,5.079999546683,0.));
#1131 = DIRECTION('',(0.,0.,1.));
#1132 = DIRECTION('',(0.23343747033,-0.972371815432,0.));
#1133 = ADVANCED_FACE('',(#1134),#1159,.F.);
#1134 = FACE_BOUND('',#1135,.F.);
#1135 = EDGE_LOOP('',(#1136,#1137,#1145,#1153));
#1136 = ORIENTED_EDGE('',*,*,#1114,.T.);
#1137 = ORIENTED_EDGE('',*,*,#1138,.T.);
#1138 = EDGE_CURVE('',#1106,#1139,#1141,.T.);
#1139 = VERTEX_POINT('',#1140);
#1140 = CARTESIAN_POINT('',(2.457819,4.9534,-3.5E-02));
#1141 = LINE('',#1142,#1143);
#1142 = CARTESIAN_POINT('',(2.433625,4.800648,-3.5E-02));
#1143 = VECTOR('',#1144,1.);
#1144 = DIRECTION('',(0.156437366413,0.987687881058,0.));
#1145 = ORIENTED_EDGE('',*,*,#1146,.F.);
#1146 = EDGE_CURVE('',#1147,#1139,#1149,.T.);
#1147 = VERTEX_POINT('',#1148);
#1148 = CARTESIAN_POINT('',(2.457819,4.9534,0.));
#1149 = LINE('',#1150,#1151);
#1150 = CARTESIAN_POINT('',(2.457819,4.9534,0.));
#1151 = VECTOR('',#1152,1.);
#1152 = DIRECTION('',(0.,0.,-1.));
#1153 = ORIENTED_EDGE('',*,*,#1154,.F.);
#1154 = EDGE_CURVE('',#1115,#1147,#1155,.T.);
#1155 = LINE('',#1156,#1157);
#1156 = CARTESIAN_POINT('',(2.433625,4.800648,0.));
#1157 = VECTOR('',#1158,1.);
#1158 = DIRECTION('',(0.156437366413,0.987687881058,0.));
#1159 = PLANE('',#1160);
#1160 = AXIS2_PLACEMENT_3D('',#1161,#1162,#1163);
#1161 = CARTESIAN_POINT('',(2.433625,4.800648,0.));
#1162 = DIRECTION('',(0.987687881058,-0.156437366413,0.));
#1163 = DIRECTION('',(0.156437366413,0.987687881058,0.));
#1164 = ADVANCED_FACE('',(#1165),#1190,.F.);
#1165 = FACE_BOUND('',#1166,.F.);
#1166 = EDGE_LOOP('',(#1167,#1168,#1176,#1184));
#1167 = ORIENTED_EDGE('',*,*,#1146,.T.);
#1168 = ORIENTED_EDGE('',*,*,#1169,.T.);
#1169 = EDGE_CURVE('',#1139,#1170,#1172,.T.);
#1170 = VERTEX_POINT('',#1171);
#1171 = CARTESIAN_POINT('',(1.761998,4.9534,-3.5E-02));
#1172 = LINE('',#1173,#1174);
#1173 = CARTESIAN_POINT('',(2.457819,4.9534,-3.5E-02));
#1174 = VECTOR('',#1175,1.);
#1175 = DIRECTION('',(-1.,0.,0.));
#1176 = ORIENTED_EDGE('',*,*,#1177,.F.);
#1177 = EDGE_CURVE('',#1178,#1170,#1180,.T.);
#1178 = VERTEX_POINT('',#1179);
#1179 = CARTESIAN_POINT('',(1.761998,4.9534,0.));
#1180 = LINE('',#1181,#1182);
#1181 = CARTESIAN_POINT('',(1.761998,4.9534,0.));
#1182 = VECTOR('',#1183,1.);
#1183 = DIRECTION('',(0.,0.,-1.));
#1184 = ORIENTED_EDGE('',*,*,#1185,.F.);
#1185 = EDGE_CURVE('',#1147,#1178,#1186,.T.);
#1186 = LINE('',#1187,#1188);
#1187 = CARTESIAN_POINT('',(2.457819,4.9534,0.));
#1188 = VECTOR('',#1189,1.);
#1189 = DIRECTION('',(-1.,0.,0.));
#1190 = PLANE('',#1191);
#1191 = AXIS2_PLACEMENT_3D('',#1192,#1193,#1194);
#1192 = CARTESIAN_POINT('',(2.457819,4.9534,0.));
#1193 = DIRECTION('',(0.,1.,0.));
#1194 = DIRECTION('',(-1.,0.,0.));
#1195 = ADVANCED_FACE('',(#1196),#1223,.F.);
#1196 = FACE_BOUND('',#1197,.F.);
#1197 = EDGE_LOOP('',(#1198,#1199,#1208,#1216));
#1198 = ORIENTED_EDGE('',*,*,#1177,.T.);
#1199 = ORIENTED_EDGE('',*,*,#1200,.T.);
#1200 = EDGE_CURVE('',#1170,#1201,#1203,.T.);
#1201 = VERTEX_POINT('',#1202);
#1202 = CARTESIAN_POINT('',(1.761998,5.2066,-3.5E-02));
#1203 = CIRCLE('',#1204,0.375049224879);
#1204 = AXIS2_PLACEMENT_3D('',#1205,#1206,#1207);
#1205 = CARTESIAN_POINT('',(1.408962079615,5.08,-3.5E-02));
#1206 = DIRECTION('',(0.,-0.,1.));
#1207 = DIRECTION('',(0.941305559288,-0.337555690299,-0.));
#1208 = ORIENTED_EDGE('',*,*,#1209,.F.);
#1209 = EDGE_CURVE('',#1210,#1201,#1212,.T.);
#1210 = VERTEX_POINT('',#1211);
#1211 = CARTESIAN_POINT('',(1.761998,5.2066,0.));
#1212 = LINE('',#1213,#1214);
#1213 = CARTESIAN_POINT('',(1.761998,5.2066,0.));
#1214 = VECTOR('',#1215,1.);
#1215 = DIRECTION('',(0.,0.,-1.));
#1216 = ORIENTED_EDGE('',*,*,#1217,.F.);
#1217 = EDGE_CURVE('',#1178,#1210,#1218,.T.);
#1218 = CIRCLE('',#1219,0.375049224879);
#1219 = AXIS2_PLACEMENT_3D('',#1220,#1221,#1222);
#1220 = CARTESIAN_POINT('',(1.408962079615,5.08,0.));
#1221 = DIRECTION('',(0.,-0.,1.));
#1222 = DIRECTION('',(0.941305559288,-0.337555690299,-0.));
#1223 = CYLINDRICAL_SURFACE('',#1224,0.375049224879);
#1224 = AXIS2_PLACEMENT_3D('',#1225,#1226,#1227);
#1225 = CARTESIAN_POINT('',(1.408962079615,5.08,0.));
#1226 = DIRECTION('',(0.,-0.,1.));
#1227 = DIRECTION('',(0.941305559288,-0.337555690299,-0.));
#1228 = ADVANCED_FACE('',(#1229),#1254,.F.);
#1229 = FACE_BOUND('',#1230,.F.);
#1230 = EDGE_LOOP('',(#1231,#1232,#1240,#1248));
#1231 = ORIENTED_EDGE('',*,*,#1209,.T.);
#1232 = ORIENTED_EDGE('',*,*,#1233,.T.);
#1233 = EDGE_CURVE('',#1201,#1234,#1236,.T.);
#1234 = VERTEX_POINT('',#1235);
#1235 = CARTESIAN_POINT('',(2.457818,5.2066,-3.5E-02));
#1236 = LINE('',#1237,#1238);
#1237 = CARTESIAN_POINT('',(1.761998,5.2066,-3.5E-02));
#1238 = VECTOR('',#1239,1.);
#1239 = DIRECTION('',(1.,0.,0.));
#1240 = ORIENTED_EDGE('',*,*,#1241,.F.);
#1241 = EDGE_CURVE('',#1242,#1234,#1244,.T.);
#1242 = VERTEX_POINT('',#1243);
#1243 = CARTESIAN_POINT('',(2.457818,5.2066,0.));
#1244 = LINE('',#1245,#1246);
#1245 = CARTESIAN_POINT('',(2.457818,5.2066,0.));
#1246 = VECTOR('',#1247,1.);
#1247 = DIRECTION('',(0.,0.,-1.));
#1248 = ORIENTED_EDGE('',*,*,#1249,.F.);
#1249 = EDGE_CURVE('',#1210,#1242,#1250,.T.);
#1250 = LINE('',#1251,#1252);
#1251 = CARTESIAN_POINT('',(1.761998,5.2066,0.));
#1252 = VECTOR('',#1253,1.);
#1253 = DIRECTION('',(1.,0.,0.));
#1254 = PLANE('',#1255);
#1255 = AXIS2_PLACEMENT_3D('',#1256,#1257,#1258);
#1256 = CARTESIAN_POINT('',(1.761998,5.2066,0.));
#1257 = DIRECTION('',(0.,-1.,0.));
#1258 = DIRECTION('',(1.,0.,0.));
#1259 = ADVANCED_FACE('',(#1260),#1285,.F.);
#1260 = FACE_BOUND('',#1261,.F.);
#1261 = EDGE_LOOP('',(#1262,#1263,#1271,#1279));
#1262 = ORIENTED_EDGE('',*,*,#1241,.T.);
#1263 = ORIENTED_EDGE('',*,*,#1264,.T.);
#1264 = EDGE_CURVE('',#1234,#1265,#1267,.T.);
#1265 = VERTEX_POINT('',#1266);
#1266 = CARTESIAN_POINT('',(2.433625,5.359353,-3.5E-02));
#1267 = LINE('',#1268,#1269);
#1268 = CARTESIAN_POINT('',(2.457818,5.2066,-3.5E-02));
#1269 = VECTOR('',#1270,1.);
#1270 = DIRECTION('',(-0.156430059667,0.987689038328,0.));
#1271 = ORIENTED_EDGE('',*,*,#1272,.F.);
#1272 = EDGE_CURVE('',#1273,#1265,#1275,.T.);
#1273 = VERTEX_POINT('',#1274);
#1274 = CARTESIAN_POINT('',(2.433625,5.359353,0.));
#1275 = LINE('',#1276,#1277);
#1276 = CARTESIAN_POINT('',(2.433625,5.359353,0.));
#1277 = VECTOR('',#1278,1.);
#1278 = DIRECTION('',(0.,0.,-1.));
#1279 = ORIENTED_EDGE('',*,*,#1280,.F.);
#1280 = EDGE_CURVE('',#1242,#1273,#1281,.T.);
#1281 = LINE('',#1282,#1283);
#1282 = CARTESIAN_POINT('',(2.457818,5.2066,0.));
#1283 = VECTOR('',#1284,1.);
#1284 = DIRECTION('',(-0.156430059667,0.987689038328,0.));
#1285 = PLANE('',#1286);
#1286 = AXIS2_PLACEMENT_3D('',#1287,#1288,#1289);
#1287 = CARTESIAN_POINT('',(2.457818,5.2066,0.));
#1288 = DIRECTION('',(0.987689038328,0.156430059667,0.));
#1289 = DIRECTION('',(-0.156430059667,0.987689038328,0.));
#1290 = ADVANCED_FACE('',(#1291),#1318,.F.);
#1291 = FACE_BOUND('',#1292,.F.);
#1292 = EDGE_LOOP('',(#1293,#1294,#1303,#1311));
#1293 = ORIENTED_EDGE('',*,*,#1272,.T.);
#1294 = ORIENTED_EDGE('',*,*,#1295,.T.);
#1295 = EDGE_CURVE('',#1265,#1296,#1298,.T.);
#1296 = VERTEX_POINT('',#1297);
#1297 = CARTESIAN_POINT('',(1.549354,6.243626,-3.5E-02));
#1298 = CIRCLE('',#1299,1.19668823713);
#1299 = AXIS2_PLACEMENT_3D('',#1300,#1301,#1302);
#1300 = CARTESIAN_POINT('',(1.269999165143,5.08000079697,-3.5E-02));
#1301 = DIRECTION('',(0.,0.,1.));
#1302 = DIRECTION('',(0.972371749595,0.233437744571,-0.));
#1303 = ORIENTED_EDGE('',*,*,#1304,.F.);
#1304 = EDGE_CURVE('',#1305,#1296,#1307,.T.);
#1305 = VERTEX_POINT('',#1306);
#1306 = CARTESIAN_POINT('',(1.549354,6.243626,0.));
#1307 = LINE('',#1308,#1309);
#1308 = CARTESIAN_POINT('',(1.549354,6.243626,0.));
#1309 = VECTOR('',#1310,1.);
#1310 = DIRECTION('',(0.,0.,-1.));
#1311 = ORIENTED_EDGE('',*,*,#1312,.F.);
#1312 = EDGE_CURVE('',#1273,#1305,#1313,.T.);
#1313 = CIRCLE('',#1314,1.19668823713);
#1314 = AXIS2_PLACEMENT_3D('',#1315,#1316,#1317);
#1315 = CARTESIAN_POINT('',(1.269999165143,5.08000079697,0.));
#1316 = DIRECTION('',(0.,0.,1.));
#1317 = DIRECTION('',(0.972371749595,0.233437744571,-0.));
#1318 = CYLINDRICAL_SURFACE('',#1319,1.19668823713);
#1319 = AXIS2_PLACEMENT_3D('',#1320,#1321,#1322);
#1320 = CARTESIAN_POINT('',(1.269999165143,5.08000079697,0.));
#1321 = DIRECTION('',(0.,0.,1.));
#1322 = DIRECTION('',(0.972371749595,0.233437744571,-0.));
#1323 = ADVANCED_FACE('',(#1324),#1349,.F.);
#1324 = FACE_BOUND('',#1325,.F.);
#1325 = EDGE_LOOP('',(#1326,#1327,#1335,#1343));
#1326 = ORIENTED_EDGE('',*,*,#1304,.T.);
#1327 = ORIENTED_EDGE('',*,*,#1328,.T.);
#1328 = EDGE_CURVE('',#1296,#1329,#1331,.T.);
#1329 = VERTEX_POINT('',#1330);
#1330 = CARTESIAN_POINT('',(1.3966,6.26782,-3.5E-02));
#1331 = LINE('',#1332,#1333);
#1332 = CARTESIAN_POINT('',(1.549354,6.243626,-3.5E-02));
#1333 = VECTOR('',#1334,1.);
#1334 = DIRECTION('',(-0.987688197531,0.156435368312,0.));
#1335 = ORIENTED_EDGE('',*,*,#1336,.F.);
#1336 = EDGE_CURVE('',#1337,#1329,#1339,.T.);
#1337 = VERTEX_POINT('',#1338);
#1338 = CARTESIAN_POINT('',(1.3966,6.26782,0.));
#1339 = LINE('',#1340,#1341);
#1340 = CARTESIAN_POINT('',(1.3966,6.26782,0.));
#1341 = VECTOR('',#1342,1.);
#1342 = DIRECTION('',(0.,0.,-1.));
#1343 = ORIENTED_EDGE('',*,*,#1344,.F.);
#1344 = EDGE_CURVE('',#1305,#1337,#1345,.T.);
#1345 = LINE('',#1346,#1347);
#1346 = CARTESIAN_POINT('',(1.549354,6.243626,0.));
#1347 = VECTOR('',#1348,1.);
#1348 = DIRECTION('',(-0.987688197531,0.156435368312,0.));
#1349 = PLANE('',#1350);
#1350 = AXIS2_PLACEMENT_3D('',#1351,#1352,#1353);
#1351 = CARTESIAN_POINT('',(1.549354,6.243626,0.));
#1352 = DIRECTION('',(0.156435368312,0.987688197531,0.));
#1353 = DIRECTION('',(-0.987688197531,0.156435368312,0.));
#1354 = ADVANCED_FACE('',(#1355),#1380,.F.);
#1355 = FACE_BOUND('',#1356,.F.);
#1356 = EDGE_LOOP('',(#1357,#1358,#1366,#1374));
#1357 = ORIENTED_EDGE('',*,*,#1336,.T.);
#1358 = ORIENTED_EDGE('',*,*,#1359,.T.);
#1359 = EDGE_CURVE('',#1329,#1360,#1362,.T.);
#1360 = VERTEX_POINT('',#1361);
#1361 = CARTESIAN_POINT('',(1.3966,5.571999,-3.5E-02));
#1362 = LINE('',#1363,#1364);
#1363 = CARTESIAN_POINT('',(1.3966,6.26782,-3.5E-02));
#1364 = VECTOR('',#1365,1.);
#1365 = DIRECTION('',(0.,-1.,0.));
#1366 = ORIENTED_EDGE('',*,*,#1367,.F.);
#1367 = EDGE_CURVE('',#1368,#1360,#1370,.T.);
#1368 = VERTEX_POINT('',#1369);
#1369 = CARTESIAN_POINT('',(1.3966,5.571999,0.));
#1370 = LINE('',#1371,#1372);
#1371 = CARTESIAN_POINT('',(1.3966,5.571999,0.));
#1372 = VECTOR('',#1373,1.);
#1373 = DIRECTION('',(0.,0.,-1.));
#1374 = ORIENTED_EDGE('',*,*,#1375,.F.);
#1375 = EDGE_CURVE('',#1337,#1368,#1376,.T.);
#1376 = LINE('',#1377,#1378);
#1377 = CARTESIAN_POINT('',(1.3966,6.26782,0.));
#1378 = VECTOR('',#1379,1.);
#1379 = DIRECTION('',(0.,-1.,0.));
#1380 = PLANE('',#1381);
#1381 = AXIS2_PLACEMENT_3D('',#1382,#1383,#1384);
#1382 = CARTESIAN_POINT('',(1.3966,6.26782,0.));
#1383 = DIRECTION('',(-1.,-0.,-0.));
#1384 = DIRECTION('',(0.,-1.,0.));
#1385 = ADVANCED_FACE('',(#1386),#1413,.F.);
#1386 = FACE_BOUND('',#1387,.F.);
#1387 = EDGE_LOOP('',(#1388,#1389,#1398,#1406));
#1388 = ORIENTED_EDGE('',*,*,#1367,.T.);
#1389 = ORIENTED_EDGE('',*,*,#1390,.T.);
#1390 = EDGE_CURVE('',#1360,#1391,#1393,.T.);
#1391 = VERTEX_POINT('',#1392);
#1392 = CARTESIAN_POINT('',(1.1434,5.571999,-3.5E-02));
#1393 = CIRCLE('',#1394,0.375070934664);
#1394 = AXIS2_PLACEMENT_3D('',#1395,#1396,#1397);
#1395 = CARTESIAN_POINT('',(1.27,5.218940016218,-3.5E-02));
#1396 = DIRECTION('',(0.,0.,1.));
#1397 = DIRECTION('',(0.337536151964,0.941312565579,-0.));
#1398 = ORIENTED_EDGE('',*,*,#1399,.F.);
#1399 = EDGE_CURVE('',#1400,#1391,#1402,.T.);
#1400 = VERTEX_POINT('',#1401);
#1401 = CARTESIAN_POINT('',(1.1434,5.571999,0.));
#1402 = LINE('',#1403,#1404);
#1403 = CARTESIAN_POINT('',(1.1434,5.571999,0.));
#1404 = VECTOR('',#1405,1.);
#1405 = DIRECTION('',(0.,0.,-1.));
#1406 = ORIENTED_EDGE('',*,*,#1407,.F.);
#1407 = EDGE_CURVE('',#1368,#1400,#1408,.T.);
#1408 = CIRCLE('',#1409,0.375070934664);
#1409 = AXIS2_PLACEMENT_3D('',#1410,#1411,#1412);
#1410 = CARTESIAN_POINT('',(1.27,5.218940016218,0.));
#1411 = DIRECTION('',(0.,0.,1.));
#1412 = DIRECTION('',(0.337536151964,0.941312565579,-0.));
#1413 = CYLINDRICAL_SURFACE('',#1414,0.375070934664);
#1414 = AXIS2_PLACEMENT_3D('',#1415,#1416,#1417);
#1415 = CARTESIAN_POINT('',(1.27,5.218940016218,0.));
#1416 = DIRECTION('',(0.,0.,1.));
#1417 = DIRECTION('',(0.337536151964,0.941312565579,-0.));
#1418 = ADVANCED_FACE('',(#1419),#1444,.F.);
#1419 = FACE_BOUND('',#1420,.F.);
#1420 = EDGE_LOOP('',(#1421,#1422,#1430,#1438));
#1421 = ORIENTED_EDGE('',*,*,#1399,.T.);
#1422 = ORIENTED_EDGE('',*,*,#1423,.T.);
#1423 = EDGE_CURVE('',#1391,#1424,#1426,.T.);
#1424 = VERTEX_POINT('',#1425);
#1425 = CARTESIAN_POINT('',(1.1434,6.26782,-3.5E-02));
#1426 = LINE('',#1427,#1428);
#1427 = CARTESIAN_POINT('',(1.1434,5.571999,-3.5E-02));
#1428 = VECTOR('',#1429,1.);
#1429 = DIRECTION('',(0.,1.,0.));
#1430 = ORIENTED_EDGE('',*,*,#1431,.F.);
#1431 = EDGE_CURVE('',#1432,#1424,#1434,.T.);
#1432 = VERTEX_POINT('',#1433);
#1433 = CARTESIAN_POINT('',(1.1434,6.26782,0.));
#1434 = LINE('',#1435,#1436);
#1435 = CARTESIAN_POINT('',(1.1434,6.26782,0.));
#1436 = VECTOR('',#1437,1.);
#1437 = DIRECTION('',(0.,0.,-1.));
#1438 = ORIENTED_EDGE('',*,*,#1439,.F.);
#1439 = EDGE_CURVE('',#1400,#1432,#1440,.T.);
#1440 = LINE('',#1441,#1442);
#1441 = CARTESIAN_POINT('',(1.1434,5.571999,0.));
#1442 = VECTOR('',#1443,1.);
#1443 = DIRECTION('',(0.,1.,0.));
#1444 = PLANE('',#1445);
#1445 = AXIS2_PLACEMENT_3D('',#1446,#1447,#1448);
#1446 = CARTESIAN_POINT('',(1.1434,5.571999,0.));
#1447 = DIRECTION('',(1.,-0.,0.));
#1448 = DIRECTION('',(0.,1.,0.));
#1449 = ADVANCED_FACE('',(#1450),#1475,.F.);
#1450 = FACE_BOUND('',#1451,.F.);
#1451 = EDGE_LOOP('',(#1452,#1453,#1461,#1469));
#1452 = ORIENTED_EDGE('',*,*,#1431,.T.);
#1453 = ORIENTED_EDGE('',*,*,#1454,.T.);
#1454 = EDGE_CURVE('',#1424,#1455,#1457,.T.);
#1455 = VERTEX_POINT('',#1456);
#1456 = CARTESIAN_POINT('',(0.990645,6.243626,-3.5E-02));
#1457 = LINE('',#1458,#1459);
#1458 = CARTESIAN_POINT('',(1.1434,6.26782,-3.5E-02));
#1459 = VECTOR('',#1460,1.);
#1460 = DIRECTION('',(-0.987688355762,-0.15643436928,0.));
#1461 = ORIENTED_EDGE('',*,*,#1462,.F.);
#1462 = EDGE_CURVE('',#1463,#1455,#1465,.T.);
#1463 = VERTEX_POINT('',#1464);
#1464 = CARTESIAN_POINT('',(0.990645,6.243626,0.));
#1465 = LINE('',#1466,#1467);
#1466 = CARTESIAN_POINT('',(0.990645,6.243626,0.));
#1467 = VECTOR('',#1468,1.);
#1468 = DIRECTION('',(0.,0.,-1.));
#1469 = ORIENTED_EDGE('',*,*,#1470,.F.);
#1470 = EDGE_CURVE('',#1432,#1463,#1471,.T.);
#1471 = LINE('',#1472,#1473);
#1472 = CARTESIAN_POINT('',(1.1434,6.26782,0.));
#1473 = VECTOR('',#1474,1.);
#1474 = DIRECTION('',(-0.987688355762,-0.15643436928,0.));
#1475 = PLANE('',#1476);
#1476 = AXIS2_PLACEMENT_3D('',#1477,#1478,#1479);
#1477 = CARTESIAN_POINT('',(1.1434,6.26782,0.));
#1478 = DIRECTION('',(-0.15643436928,0.987688355762,0.));
#1479 = DIRECTION('',(-0.987688355762,-0.15643436928,0.));
#1480 = ADVANCED_FACE('',(#1481),#1508,.F.);
#1481 = FACE_BOUND('',#1482,.F.);
#1482 = EDGE_LOOP('',(#1483,#1484,#1493,#1501));
#1483 = ORIENTED_EDGE('',*,*,#1462,.T.);
#1484 = ORIENTED_EDGE('',*,*,#1485,.T.);
#1485 = EDGE_CURVE('',#1455,#1486,#1488,.T.);
#1486 = VERTEX_POINT('',#1487);
#1487 = CARTESIAN_POINT('',(0.249654,5.705268,-3.5E-02));
#1488 = CIRCLE('',#1489,1.196685040926);
#1489 = AXIS2_PLACEMENT_3D('',#1490,#1491,#1492);
#1490 = CARTESIAN_POINT('',(1.26999667468,5.08000332532,-3.5E-02));
#1491 = DIRECTION('',(0.,0.,1.));
#1492 = DIRECTION('',(-0.233437926544,0.972371705908,0.));
#1493 = ORIENTED_EDGE('',*,*,#1494,.F.);
#1494 = EDGE_CURVE('',#1495,#1486,#1497,.T.);
#1495 = VERTEX_POINT('',#1496);
#1496 = CARTESIAN_POINT('',(0.249654,5.705268,0.));
#1497 = LINE('',#1498,#1499);
#1498 = CARTESIAN_POINT('',(0.249654,5.705268,0.));
#1499 = VECTOR('',#1500,1.);
#1500 = DIRECTION('',(0.,0.,-1.));
#1501 = ORIENTED_EDGE('',*,*,#1502,.F.);
#1502 = EDGE_CURVE('',#1463,#1495,#1503,.T.);
#1503 = CIRCLE('',#1504,1.196685040926);
#1504 = AXIS2_PLACEMENT_3D('',#1505,#1506,#1507);
#1505 = CARTESIAN_POINT('',(1.26999667468,5.08000332532,0.));
#1506 = DIRECTION('',(0.,0.,1.));
#1507 = DIRECTION('',(-0.233437926544,0.972371705908,0.));
#1508 = CYLINDRICAL_SURFACE('',#1509,1.196685040926);
#1509 = AXIS2_PLACEMENT_3D('',#1510,#1511,#1512);
#1510 = CARTESIAN_POINT('',(1.26999667468,5.08000332532,0.));
#1511 = DIRECTION('',(0.,0.,1.));
#1512 = DIRECTION('',(-0.233437926544,0.972371705908,0.));
#1513 = ADVANCED_FACE('',(#1514),#1539,.F.);
#1514 = FACE_BOUND('',#1515,.F.);
#1515 = EDGE_LOOP('',(#1516,#1517,#1525,#1533));
#1516 = ORIENTED_EDGE('',*,*,#1494,.T.);
#1517 = ORIENTED_EDGE('',*,*,#1518,.T.);
#1518 = EDGE_CURVE('',#1486,#1519,#1521,.T.);
#1519 = VERTEX_POINT('',#1520);
#1520 = CARTESIAN_POINT('',(0.196272,5.600497,-3.5E-02));
#1521 = LINE('',#1522,#1523);
#1522 = CARTESIAN_POINT('',(0.249654,5.705268,-3.5E-02));
#1523 = VECTOR('',#1524,1.);
#1524 = DIRECTION('',(-0.453980434021,-0.891011652857,0.));
#1525 = ORIENTED_EDGE('',*,*,#1526,.F.);
#1526 = EDGE_CURVE('',#1527,#1519,#1529,.T.);
#1527 = VERTEX_POINT('',#1528);
#1528 = CARTESIAN_POINT('',(0.196272,5.600497,0.));
#1529 = LINE('',#1530,#1531);
#1530 = CARTESIAN_POINT('',(0.196272,5.600497,0.));
#1531 = VECTOR('',#1532,1.);
#1532 = DIRECTION('',(0.,0.,-1.));
#1533 = ORIENTED_EDGE('',*,*,#1534,.F.);
#1534 = EDGE_CURVE('',#1495,#1527,#1535,.T.);
#1535 = LINE('',#1536,#1537);
#1536 = CARTESIAN_POINT('',(0.249654,5.705268,0.));
#1537 = VECTOR('',#1538,1.);
#1538 = DIRECTION('',(-0.453980434021,-0.891011652857,0.));
#1539 = PLANE('',#1540);
#1540 = AXIS2_PLACEMENT_3D('',#1541,#1542,#1543);
#1541 = CARTESIAN_POINT('',(0.249654,5.705268,0.));
#1542 = DIRECTION('',(-0.891011652857,0.453980434021,0.));
#1543 = DIRECTION('',(-0.453980434021,-0.891011652857,0.));
#1544 = ADVANCED_FACE('',(#1545),#1572,.T.);
#1545 = FACE_BOUND('',#1546,.F.);
#1546 = EDGE_LOOP('',(#1547,#1548,#1557,#1565));
#1547 = ORIENTED_EDGE('',*,*,#1526,.T.);
#1548 = ORIENTED_EDGE('',*,*,#1549,.T.);
#1549 = EDGE_CURVE('',#1519,#1550,#1552,.T.);
#1550 = VERTEX_POINT('',#1551);
#1551 = CARTESIAN_POINT('',(0.104537,5.607717,-3.5E-02));
#1552 = CIRCLE('',#1553,4.98000127018E-02);
#1553 = AXIS2_PLACEMENT_3D('',#1554,#1555,#1556);
#1554 = CARTESIAN_POINT('',(0.151899781957,5.62310557207,-3.5E-02));
#1555 = DIRECTION('',(-0.,0.,-1.));
#1556 = DIRECTION('',(0.891008167175,-0.453987275181,-0.));
#1557 = ORIENTED_EDGE('',*,*,#1558,.F.);
#1558 = EDGE_CURVE('',#1559,#1550,#1561,.T.);
#1559 = VERTEX_POINT('',#1560);
#1560 = CARTESIAN_POINT('',(0.104537,5.607717,0.));
#1561 = LINE('',#1562,#1563);
#1562 = CARTESIAN_POINT('',(0.104537,5.607717,0.));
#1563 = VECTOR('',#1564,1.);
#1564 = DIRECTION('',(0.,0.,-1.));
#1565 = ORIENTED_EDGE('',*,*,#1566,.F.);
#1566 = EDGE_CURVE('',#1527,#1559,#1567,.T.);
#1567 = CIRCLE('',#1568,4.98000127018E-02);
#1568 = AXIS2_PLACEMENT_3D('',#1569,#1570,#1571);
#1569 = CARTESIAN_POINT('',(0.151899781957,5.62310557207,0.));
#1570 = DIRECTION('',(-0.,0.,-1.));
#1571 = DIRECTION('',(0.891008167175,-0.453987275181,-0.));
#1572 = CYLINDRICAL_SURFACE('',#1573,4.98000127018E-02);
#1573 = AXIS2_PLACEMENT_3D('',#1574,#1575,#1576);
#1574 = CARTESIAN_POINT('',(0.151899781957,5.62310557207,0.));
#1575 = DIRECTION('',(0.,-0.,1.));
#1576 = DIRECTION('',(0.891008167175,-0.453987275181,-0.));
#1577 = ADVANCED_FACE('',(#1578),#1603,.F.);
#1578 = FACE_BOUND('',#1579,.F.);
#1579 = EDGE_LOOP('',(#1580,#1581,#1589,#1597));
#1580 = ORIENTED_EDGE('',*,*,#1558,.T.);
#1581 = ORIENTED_EDGE('',*,*,#1582,.T.);
#1582 = EDGE_CURVE('',#1550,#1583,#1585,.T.);
#1583 = VERTEX_POINT('',#1584);
#1584 = CARTESIAN_POINT('',(0.1021,6.962133,-3.5E-02));
#1585 = LINE('',#1586,#1587);
#1586 = CARTESIAN_POINT('',(0.104537,5.607717,-3.5E-02));
#1587 = VECTOR('',#1588,1.);
#1588 = DIRECTION('',(-1.799296564085E-03,0.999998381265,0.));
#1589 = ORIENTED_EDGE('',*,*,#1590,.F.);
#1590 = EDGE_CURVE('',#1591,#1583,#1593,.T.);
#1591 = VERTEX_POINT('',#1592);
#1592 = CARTESIAN_POINT('',(0.1021,6.962133,0.));
#1593 = LINE('',#1594,#1595);
#1594 = CARTESIAN_POINT('',(0.1021,6.962133,0.));
#1595 = VECTOR('',#1596,1.);
#1596 = DIRECTION('',(0.,0.,-1.));
#1597 = ORIENTED_EDGE('',*,*,#1598,.F.);
#1598 = EDGE_CURVE('',#1559,#1591,#1599,.T.);
#1599 = LINE('',#1600,#1601);
#1600 = CARTESIAN_POINT('',(0.104537,5.607717,0.));
#1601 = VECTOR('',#1602,1.);
#1602 = DIRECTION('',(-1.799296564085E-03,0.999998381265,0.));
#1603 = PLANE('',#1604);
#1604 = AXIS2_PLACEMENT_3D('',#1605,#1606,#1607);
#1605 = CARTESIAN_POINT('',(0.104537,5.607717,0.));
#1606 = DIRECTION('',(0.999998381265,1.799296564085E-03,0.));
#1607 = DIRECTION('',(-1.799296564085E-03,0.999998381265,0.));
#1608 = ADVANCED_FACE('',(#1609),#1636,.T.);
#1609 = FACE_BOUND('',#1610,.F.);
#1610 = EDGE_LOOP('',(#1611,#1612,#1621,#1629));
#1611 = ORIENTED_EDGE('',*,*,#1590,.T.);
#1612 = ORIENTED_EDGE('',*,*,#1613,.T.);
#1613 = EDGE_CURVE('',#1583,#1614,#1616,.T.);
#1614 = VERTEX_POINT('',#1615);
#1615 = CARTESIAN_POINT('',(0.187114,6.997347,-3.5E-02));
#1616 = CIRCLE('',#1617,4.980000000027E-02);
#1617 = AXIS2_PLACEMENT_3D('',#1618,#1619,#1620);
#1618 = CARTESIAN_POINT('',(0.1519,6.962133164594,-3.5E-02));
#1619 = DIRECTION('',(0.,0.,-1.));
#1620 = DIRECTION('',(-0.999999999995,-3.305092924003E-06,-0.));
#1621 = ORIENTED_EDGE('',*,*,#1622,.F.);
#1622 = EDGE_CURVE('',#1623,#1614,#1625,.T.);
#1623 = VERTEX_POINT('',#1624);
#1624 = CARTESIAN_POINT('',(0.187114,6.997347,0.));
#1625 = LINE('',#1626,#1627);
#1626 = CARTESIAN_POINT('',(0.187114,6.997347,0.));
#1627 = VECTOR('',#1628,1.);
#1628 = DIRECTION('',(0.,0.,-1.));
#1629 = ORIENTED_EDGE('',*,*,#1630,.F.);
#1630 = EDGE_CURVE('',#1591,#1623,#1631,.T.);
#1631 = CIRCLE('',#1632,4.980000000027E-02);
#1632 = AXIS2_PLACEMENT_3D('',#1633,#1634,#1635);
#1633 = CARTESIAN_POINT('',(0.1519,6.962133164594,0.));
#1634 = DIRECTION('',(0.,0.,-1.));
#1635 = DIRECTION('',(-0.999999999995,-3.305092924003E-06,-0.));
#1636 = CYLINDRICAL_SURFACE('',#1637,4.980000000027E-02);
#1637 = AXIS2_PLACEMENT_3D('',#1638,#1639,#1640);
#1638 = CARTESIAN_POINT('',(0.1519,6.962133164594,0.));
#1639 = DIRECTION('',(-0.,-0.,1.));
#1640 = DIRECTION('',(-0.999999999995,-3.305092924003E-06,-0.));
#1641 = ADVANCED_FACE('',(#1642),#1667,.F.);
#1642 = FACE_BOUND('',#1643,.F.);
#1643 = EDGE_LOOP('',(#1644,#1645,#1653,#1661));
#1644 = ORIENTED_EDGE('',*,*,#1622,.T.);
#1645 = ORIENTED_EDGE('',*,*,#1646,.T.);
#1646 = EDGE_CURVE('',#1614,#1647,#1649,.T.);
#1647 = VERTEX_POINT('',#1648);
#1648 = CARTESIAN_POINT('',(0.320291,6.808872,-3.5E-02));
#1649 = LINE('',#1650,#1651);
#1650 = CARTESIAN_POINT('',(0.187114,6.997347,-3.5E-02));
#1651 = VECTOR('',#1652,1.);
#1652 = DIRECTION('',(0.577075946516,-0.816690487243,0.));
#1653 = ORIENTED_EDGE('',*,*,#1654,.F.);
#1654 = EDGE_CURVE('',#1655,#1647,#1657,.T.);
#1655 = VERTEX_POINT('',#1656);
#1656 = CARTESIAN_POINT('',(0.320291,6.808872,0.));
#1657 = LINE('',#1658,#1659);
#1658 = CARTESIAN_POINT('',(0.320291,6.808872,0.));
#1659 = VECTOR('',#1660,1.);
#1660 = DIRECTION('',(0.,0.,-1.));
#1661 = ORIENTED_EDGE('',*,*,#1662,.F.);
#1662 = EDGE_CURVE('',#1623,#1655,#1663,.T.);
#1663 = LINE('',#1664,#1665);
#1664 = CARTESIAN_POINT('',(0.187114,6.997347,0.));
#1665 = VECTOR('',#1666,1.);
#1666 = DIRECTION('',(0.577075946516,-0.816690487243,0.));
#1667 = PLANE('',#1668);
#1668 = AXIS2_PLACEMENT_3D('',#1669,#1670,#1671);
#1669 = CARTESIAN_POINT('',(0.187114,6.997347,0.));
#1670 = DIRECTION('',(-0.816690487243,-0.577075946516,-0.));
#1671 = DIRECTION('',(0.577075946516,-0.816690487243,0.));
#1672 = ADVANCED_FACE('',(#1673),#1700,.F.);
#1673 = FACE_BOUND('',#1674,.F.);
#1674 = EDGE_LOOP('',(#1675,#1676,#1685,#1693));
#1675 = ORIENTED_EDGE('',*,*,#1654,.T.);
#1676 = ORIENTED_EDGE('',*,*,#1677,.T.);
#1677 = EDGE_CURVE('',#1647,#1678,#1680,.T.);
#1678 = VERTEX_POINT('',#1679);
#1679 = CARTESIAN_POINT('',(0.320287,8.431124,-3.5E-02));
#1680 = CIRCLE('',#1681,1.248950097544);
#1681 = AXIS2_PLACEMENT_3D('',#1682,#1683,#1684);
#1682 = CARTESIAN_POINT('',(1.269999986706,7.62000034171,-3.5E-02));
#1683 = DIRECTION('',(0.,0.,1.));
#1684 = DIRECTION('',(-0.760405870958,-0.649448159142,0.));
#1685 = ORIENTED_EDGE('',*,*,#1686,.F.);
#1686 = EDGE_CURVE('',#1687,#1678,#1689,.T.);
#1687 = VERTEX_POINT('',#1688);
#1688 = CARTESIAN_POINT('',(0.320287,8.431124,0.));
#1689 = LINE('',#1690,#1691);
#1690 = CARTESIAN_POINT('',(0.320287,8.431124,0.));
#1691 = VECTOR('',#1692,1.);
#1692 = DIRECTION('',(0.,0.,-1.));
#1693 = ORIENTED_EDGE('',*,*,#1694,.F.);
#1694 = EDGE_CURVE('',#1655,#1687,#1695,.T.);
#1695 = CIRCLE('',#1696,1.248950097544);
#1696 = AXIS2_PLACEMENT_3D('',#1697,#1698,#1699);
#1697 = CARTESIAN_POINT('',(1.269999986706,7.62000034171,0.));
#1698 = DIRECTION('',(0.,0.,1.));
#1699 = DIRECTION('',(-0.760405870958,-0.649448159142,0.));
#1700 = CYLINDRICAL_SURFACE('',#1701,1.248950097544);
#1701 = AXIS2_PLACEMENT_3D('',#1702,#1703,#1704);
#1702 = CARTESIAN_POINT('',(1.269999986706,7.62000034171,0.));
#1703 = DIRECTION('',(0.,0.,1.));
#1704 = DIRECTION('',(-0.760405870958,-0.649448159142,0.));
#1705 = ADVANCED_FACE('',(#1706),#1731,.F.);
#1706 = FACE_BOUND('',#1707,.F.);
#1707 = EDGE_LOOP('',(#1708,#1709,#1717,#1725));
#1708 = ORIENTED_EDGE('',*,*,#1686,.T.);
#1709 = ORIENTED_EDGE('',*,*,#1710,.T.);
#1710 = EDGE_CURVE('',#1678,#1711,#1713,.T.);
#1711 = VERTEX_POINT('',#1712);
#1712 = CARTESIAN_POINT('',(0.196272,8.255259,-3.5E-02));
#1713 = LINE('',#1714,#1715);
#1714 = CARTESIAN_POINT('',(0.320287,8.431124,-3.5E-02));
#1715 = VECTOR('',#1716,1.);
#1716 = DIRECTION('',(-0.576295437018,-0.817241438788,0.));
#1717 = ORIENTED_EDGE('',*,*,#1718,.F.);
#1718 = EDGE_CURVE('',#1719,#1711,#1721,.T.);
#1719 = VERTEX_POINT('',#1720);
#1720 = CARTESIAN_POINT('',(0.196272,8.255259,0.));
#1721 = LINE('',#1722,#1723);
#1722 = CARTESIAN_POINT('',(0.196272,8.255259,0.));
#1723 = VECTOR('',#1724,1.);
#1724 = DIRECTION('',(0.,0.,-1.));
#1725 = ORIENTED_EDGE('',*,*,#1726,.F.);
#1726 = EDGE_CURVE('',#1687,#1719,#1727,.T.);
#1727 = LINE('',#1728,#1729);
#1728 = CARTESIAN_POINT('',(0.320287,8.431124,0.));
#1729 = VECTOR('',#1730,1.);
#1730 = DIRECTION('',(-0.576295437018,-0.817241438788,0.));
#1731 = PLANE('',#1732);
#1732 = AXIS2_PLACEMENT_3D('',#1733,#1734,#1735);
#1733 = CARTESIAN_POINT('',(0.320287,8.431124,0.));
#1734 = DIRECTION('',(-0.817241438788,0.576295437018,0.));
#1735 = DIRECTION('',(-0.576295437018,-0.817241438788,0.));
#1736 = ADVANCED_FACE('',(#1737),#1764,.T.);
#1737 = FACE_BOUND('',#1738,.F.);
#1738 = EDGE_LOOP('',(#1739,#1740,#1749,#1757));
#1739 = ORIENTED_EDGE('',*,*,#1718,.T.);
#1740 = ORIENTED_EDGE('',*,*,#1741,.T.);
#1741 = EDGE_CURVE('',#1711,#1742,#1744,.T.);
#1742 = VERTEX_POINT('',#1743);
#1743 = CARTESIAN_POINT('',(0.104537,8.262479,-3.5E-02));
#1744 = CIRCLE('',#1745,4.98000127018E-02);
#1745 = AXIS2_PLACEMENT_3D('',#1746,#1747,#1748);
#1746 = CARTESIAN_POINT('',(0.151899781957,8.27786757207,-3.5E-02));
#1747 = DIRECTION('',(-0.,0.,-1.));
#1748 = DIRECTION('',(0.891008167175,-0.453987275181,-0.));
#1749 = ORIENTED_EDGE('',*,*,#1750,.F.);
#1750 = EDGE_CURVE('',#1751,#1742,#1753,.T.);
#1751 = VERTEX_POINT('',#1752);
#1752 = CARTESIAN_POINT('',(0.104537,8.262479,0.));
#1753 = LINE('',#1754,#1755);
#1754 = CARTESIAN_POINT('',(0.104537,8.262479,0.));
#1755 = VECTOR('',#1756,1.);
#1756 = DIRECTION('',(0.,0.,-1.));
#1757 = ORIENTED_EDGE('',*,*,#1758,.F.);
#1758 = EDGE_CURVE('',#1719,#1751,#1759,.T.);
#1759 = CIRCLE('',#1760,4.98000127018E-02);
#1760 = AXIS2_PLACEMENT_3D('',#1761,#1762,#1763);
#1761 = CARTESIAN_POINT('',(0.151899781957,8.27786757207,0.));
#1762 = DIRECTION('',(-0.,0.,-1.));
#1763 = DIRECTION('',(0.891008167175,-0.453987275181,-0.));
#1764 = CYLINDRICAL_SURFACE('',#1765,4.98000127018E-02);
#1765 = AXIS2_PLACEMENT_3D('',#1766,#1767,#1768);
#1766 = CARTESIAN_POINT('',(0.151899781957,8.27786757207,0.));
#1767 = DIRECTION('',(0.,-0.,1.));
#1768 = DIRECTION('',(0.891008167175,-0.453987275181,-0.));
#1769 = ADVANCED_FACE('',(#1770),#1795,.F.);
#1770 = FACE_BOUND('',#1771,.F.);
#1771 = EDGE_LOOP('',(#1772,#1773,#1781,#1789));
#1772 = ORIENTED_EDGE('',*,*,#1750,.T.);
#1773 = ORIENTED_EDGE('',*,*,#1774,.T.);
#1774 = EDGE_CURVE('',#1742,#1775,#1777,.T.);
#1775 = VERTEX_POINT('',#1776);
#1776 = CARTESIAN_POINT('',(0.1021,10.0081,-3.5E-02));
#1777 = LINE('',#1778,#1779);
#1778 = CARTESIAN_POINT('',(0.104537,8.262479,-3.5E-02));
#1779 = VECTOR('',#1780,1.);
#1780 = DIRECTION('',(-1.39606342107E-03,0.999999025503,0.));
#1781 = ORIENTED_EDGE('',*,*,#1782,.F.);
#1782 = EDGE_CURVE('',#1783,#1775,#1785,.T.);
#1783 = VERTEX_POINT('',#1784);
#1784 = CARTESIAN_POINT('',(0.1021,10.0081,0.));
#1785 = LINE('',#1786,#1787);
#1786 = CARTESIAN_POINT('',(0.1021,10.0081,0.));
#1787 = VECTOR('',#1788,1.);
#1788 = DIRECTION('',(0.,0.,-1.));
#1789 = ORIENTED_EDGE('',*,*,#1790,.F.);
#1790 = EDGE_CURVE('',#1751,#1783,#1791,.T.);
#1791 = LINE('',#1792,#1793);
#1792 = CARTESIAN_POINT('',(0.104537,8.262479,0.));
#1793 = VECTOR('',#1794,1.);
#1794 = DIRECTION('',(-1.39606342107E-03,0.999999025503,0.));
#1795 = PLANE('',#1796);
#1796 = AXIS2_PLACEMENT_3D('',#1797,#1798,#1799);
#1797 = CARTESIAN_POINT('',(0.104537,8.262479,0.));
#1798 = DIRECTION('',(0.999999025503,1.39606342107E-03,0.));
#1799 = DIRECTION('',(-1.39606342107E-03,0.999999025503,0.));
#1800 = ADVANCED_FACE('',(#1801),#1817,.F.);
#1801 = FACE_BOUND('',#1802,.F.);
#1802 = EDGE_LOOP('',(#1803,#1804,#1810,#1811));
#1803 = ORIENTED_EDGE('',*,*,#1782,.T.);
#1804 = ORIENTED_EDGE('',*,*,#1805,.T.);
#1805 = EDGE_CURVE('',#1775,#311,#1806,.T.);
#1806 = LINE('',#1807,#1808);
#1807 = CARTESIAN_POINT('',(0.1021,10.0081,-3.5E-02));
#1808 = VECTOR('',#1809,1.);
#1809 = DIRECTION('',(0.382680826032,0.923880612086,0.));
#1810 = ORIENTED_EDGE('',*,*,#308,.F.);
#1811 = ORIENTED_EDGE('',*,*,#1812,.F.);
#1812 = EDGE_CURVE('',#1783,#309,#1813,.T.);
#1813 = LINE('',#1814,#1815);
#1814 = CARTESIAN_POINT('',(0.1021,10.0081,0.));
#1815 = VECTOR('',#1816,1.);
#1816 = DIRECTION('',(0.382680826032,0.923880612086,0.));
#1817 = PLANE('',#1818);
#1818 = AXIS2_PLACEMENT_3D('',#1819,#1820,#1821);
#1819 = CARTESIAN_POINT('',(0.1021,10.0081,0.));
#1820 = DIRECTION('',(0.923880612086,-0.382680826032,0.));
#1821 = DIRECTION('',(0.382680826032,0.923880612086,0.));
#1822 = ADVANCED_FACE('',(#1823),#1873,.F.);
#1823 = FACE_BOUND('',#1824,.F.);
#1824 = EDGE_LOOP('',(#1825,#1826,#1827,#1828,#1829,#1830,#1831,#1832,
    #1833,#1834,#1835,#1836,#1837,#1838,#1839,#1840,#1841,#1842,#1843,
    #1844,#1845,#1846,#1847,#1848,#1849,#1850,#1851,#1852,#1853,#1854,
    #1855,#1856,#1857,#1858,#1859,#1860,#1861,#1862,#1863,#1864,#1865,
    #1866,#1867,#1868,#1869,#1870,#1871,#1872));
#1825 = ORIENTED_EDGE('',*,*,#334,.T.);
#1826 = ORIENTED_EDGE('',*,*,#365,.T.);
#1827 = ORIENTED_EDGE('',*,*,#396,.T.);
#1828 = ORIENTED_EDGE('',*,*,#427,.T.);
#1829 = ORIENTED_EDGE('',*,*,#458,.T.);
#1830 = ORIENTED_EDGE('',*,*,#489,.T.);
#1831 = ORIENTED_EDGE('',*,*,#520,.T.);
#1832 = ORIENTED_EDGE('',*,*,#551,.T.);
#1833 = ORIENTED_EDGE('',*,*,#582,.T.);
#1834 = ORIENTED_EDGE('',*,*,#613,.T.);
#1835 = ORIENTED_EDGE('',*,*,#644,.T.);
#1836 = ORIENTED_EDGE('',*,*,#676,.T.);
#1837 = ORIENTED_EDGE('',*,*,#708,.T.);
#1838 = ORIENTED_EDGE('',*,*,#740,.T.);
#1839 = ORIENTED_EDGE('',*,*,#772,.T.);
#1840 = ORIENTED_EDGE('',*,*,#804,.T.);
#1841 = ORIENTED_EDGE('',*,*,#836,.T.);
#1842 = ORIENTED_EDGE('',*,*,#868,.T.);
#1843 = ORIENTED_EDGE('',*,*,#900,.T.);
#1844 = ORIENTED_EDGE('',*,*,#932,.T.);
#1845 = ORIENTED_EDGE('',*,*,#964,.T.);
#1846 = ORIENTED_EDGE('',*,*,#995,.T.);
#1847 = ORIENTED_EDGE('',*,*,#1027,.T.);
#1848 = ORIENTED_EDGE('',*,*,#1059,.T.);
#1849 = ORIENTED_EDGE('',*,*,#1090,.T.);
#1850 = ORIENTED_EDGE('',*,*,#1122,.T.);
#1851 = ORIENTED_EDGE('',*,*,#1154,.T.);
#1852 = ORIENTED_EDGE('',*,*,#1185,.T.);
#1853 = ORIENTED_EDGE('',*,*,#1217,.T.);
#1854 = ORIENTED_EDGE('',*,*,#1249,.T.);
#1855 = ORIENTED_EDGE('',*,*,#1280,.T.);
#1856 = ORIENTED_EDGE('',*,*,#1312,.T.);
#1857 = ORIENTED_EDGE('',*,*,#1344,.T.);
#1858 = ORIENTED_EDGE('',*,*,#1375,.T.);
#1859 = ORIENTED_EDGE('',*,*,#1407,.T.);
#1860 = ORIENTED_EDGE('',*,*,#1439,.T.);
#1861 = ORIENTED_EDGE('',*,*,#1470,.T.);
#1862 = ORIENTED_EDGE('',*,*,#1502,.T.);
#1863 = ORIENTED_EDGE('',*,*,#1534,.T.);
#1864 = ORIENTED_EDGE('',*,*,#1566,.T.);
#1865 = ORIENTED_EDGE('',*,*,#1598,.T.);
#1866 = ORIENTED_EDGE('',*,*,#1630,.T.);
#1867 = ORIENTED_EDGE('',*,*,#1662,.T.);
#1868 = ORIENTED_EDGE('',*,*,#1694,.T.);
#1869 = ORIENTED_EDGE('',*,*,#1726,.T.);
#1870 = ORIENTED_EDGE('',*,*,#1758,.T.);
#1871 = ORIENTED_EDGE('',*,*,#1790,.T.);
#1872 = ORIENTED_EDGE('',*,*,#1812,.T.);
#1873 = PLANE('',#1874);
#1874 = AXIS2_PLACEMENT_3D('',#1875,#1876,#1877);
#1875 = CARTESIAN_POINT('',(0.,0.,0.));
#1876 = DIRECTION('',(-0.,-0.,-1.));
#1877 = DIRECTION('',(-1.,0.,0.));
#1878 = ADVANCED_FACE('',(#1879),#1929,.T.);
#1879 = FACE_BOUND('',#1880,.T.);
#1880 = EDGE_LOOP('',(#1881,#1882,#1883,#1884,#1885,#1886,#1887,#1888,
    #1889,#1890,#1891,#1892,#1893,#1894,#1895,#1896,#1897,#1898,#1899,
    #1900,#1901,#1902,#1903,#1904,#1905,#1906,#1907,#1908,#1909,#1910,
    #1911,#1912,#1913,#1914,#1915,#1916,#1917,#1918,#1919,#1920,#1921,
    #1922,#1923,#1924,#1925,#1926,#1927,#1928));
#1881 = ORIENTED_EDGE('',*,*,#318,.T.);
#1882 = ORIENTED_EDGE('',*,*,#349,.T.);
#1883 = ORIENTED_EDGE('',*,*,#380,.T.);
#1884 = ORIENTED_EDGE('',*,*,#411,.T.);
#1885 = ORIENTED_EDGE('',*,*,#442,.T.);
#1886 = ORIENTED_EDGE('',*,*,#473,.T.);
#1887 = ORIENTED_EDGE('',*,*,#504,.T.);
#1888 = ORIENTED_EDGE('',*,*,#535,.T.);
#1889 = ORIENTED_EDGE('',*,*,#566,.T.);
#1890 = ORIENTED_EDGE('',*,*,#597,.T.);
#1891 = ORIENTED_EDGE('',*,*,#628,.T.);
#1892 = ORIENTED_EDGE('',*,*,#659,.T.);
#1893 = ORIENTED_EDGE('',*,*,#692,.T.);
#1894 = ORIENTED_EDGE('',*,*,#723,.T.);
#1895 = ORIENTED_EDGE('',*,*,#756,.T.);
#1896 = ORIENTED_EDGE('',*,*,#787,.T.);
#1897 = ORIENTED_EDGE('',*,*,#820,.T.);
#1898 = ORIENTED_EDGE('',*,*,#851,.T.);
#1899 = ORIENTED_EDGE('',*,*,#884,.T.);
#1900 = ORIENTED_EDGE('',*,*,#915,.T.);
#1901 = ORIENTED_EDGE('',*,*,#948,.T.);
#1902 = ORIENTED_EDGE('',*,*,#979,.T.);
#1903 = ORIENTED_EDGE('',*,*,#1010,.T.);
#1904 = ORIENTED_EDGE('',*,*,#1043,.T.);
#1905 = ORIENTED_EDGE('',*,*,#1074,.T.);
#1906 = ORIENTED_EDGE('',*,*,#1105,.T.);
#1907 = ORIENTED_EDGE('',*,*,#1138,.T.);
#1908 = ORIENTED_EDGE('',*,*,#1169,.T.);
#1909 = ORIENTED_EDGE('',*,*,#1200,.T.);
#1910 = ORIENTED_EDGE('',*,*,#1233,.T.);
#1911 = ORIENTED_EDGE('',*,*,#1264,.T.);
#1912 = ORIENTED_EDGE('',*,*,#1295,.T.);
#1913 = ORIENTED_EDGE('',*,*,#1328,.T.);
#1914 = ORIENTED_EDGE('',*,*,#1359,.T.);
#1915 = ORIENTED_EDGE('',*,*,#1390,.T.);
#1916 = ORIENTED_EDGE('',*,*,#1423,.T.);
#1917 = ORIENTED_EDGE('',*,*,#1454,.T.);
#1918 = ORIENTED_EDGE('',*,*,#1485,.T.);
#1919 = ORIENTED_EDGE('',*,*,#1518,.T.);
#1920 = ORIENTED_EDGE('',*,*,#1549,.T.);
#1921 = ORIENTED_EDGE('',*,*,#1582,.T.);
#1922 = ORIENTED_EDGE('',*,*,#1613,.T.);
#1923 = ORIENTED_EDGE('',*,*,#1646,.T.);
#1924 = ORIENTED_EDGE('',*,*,#1677,.T.);
#1925 = ORIENTED_EDGE('',*,*,#1710,.T.);
#1926 = ORIENTED_EDGE('',*,*,#1741,.T.);
#1927 = ORIENTED_EDGE('',*,*,#1774,.T.);
#1928 = ORIENTED_EDGE('',*,*,#1805,.T.);
#1929 = PLANE('',#1930);
#1930 = AXIS2_PLACEMENT_3D('',#1931,#1932,#1933);
#1931 = CARTESIAN_POINT('',(0.,0.,-3.5E-02));
#1932 = DIRECTION('',(-0.,-0.,-1.));
#1933 = DIRECTION('',(-1.,0.,0.));
#1934 = MANIFOLD_SOLID_BREP('',#1935);
#1935 = CLOSED_SHELL('',(#1936,#1976,#2007,#2038,#2069,#2100,#2131,#2162
    ,#2195,#2226,#2257,#2288,#2319,#2350,#2381,#2412,#2443,#2476,#2498,
    #2524));
#1936 = ADVANCED_FACE('',(#1937),#1971,.T.);
#1937 = FACE_BOUND('',#1938,.T.);
#1938 = EDGE_LOOP('',(#1939,#1949,#1957,#1965));
#1939 = ORIENTED_EDGE('',*,*,#1940,.T.);
#1940 = EDGE_CURVE('',#1941,#1943,#1945,.T.);
#1941 = VERTEX_POINT('',#1942);
#1942 = CARTESIAN_POINT('',(3.231442,9.757597,1.51));
#1943 = VERTEX_POINT('',#1944);
#1944 = CARTESIAN_POINT('',(3.231442,9.757597,1.545));
#1945 = LINE('',#1946,#1947);
#1946 = CARTESIAN_POINT('',(3.231442,9.757597,1.51));
#1947 = VECTOR('',#1948,1.);
#1948 = DIRECTION('',(0.,0.,1.));
#1949 = ORIENTED_EDGE('',*,*,#1950,.T.);
#1950 = EDGE_CURVE('',#1943,#1951,#1953,.T.);
#1951 = VERTEX_POINT('',#1952);
#1952 = CARTESIAN_POINT('',(3.277224,9.77656,1.545));
#1953 = LINE('',#1954,#1955);
#1954 = CARTESIAN_POINT('',(3.231442,9.757597,1.545));
#1955 = VECTOR('',#1956,1.);
#1956 = DIRECTION('',(0.923883280429,0.382674383967,0.));
#1957 = ORIENTED_EDGE('',*,*,#1958,.F.);
#1958 = EDGE_CURVE('',#1959,#1951,#1961,.T.);
#1959 = VERTEX_POINT('',#1960);
#1960 = CARTESIAN_POINT('',(3.277224,9.77656,1.51));
#1961 = LINE('',#1962,#1963);
#1962 = CARTESIAN_POINT('',(3.277224,9.77656,1.51));
#1963 = VECTOR('',#1964,1.);
#1964 = DIRECTION('',(0.,0.,1.));
#1965 = ORIENTED_EDGE('',*,*,#1966,.F.);
#1966 = EDGE_CURVE('',#1941,#1959,#1967,.T.);
#1967 = LINE('',#1968,#1969);
#1968 = CARTESIAN_POINT('',(3.231442,9.757597,1.51));
#1969 = VECTOR('',#1970,1.);
#1970 = DIRECTION('',(0.923883280429,0.382674383967,0.));
#1971 = PLANE('',#1972);
#1972 = AXIS2_PLACEMENT_3D('',#1973,#1974,#1975);
#1973 = CARTESIAN_POINT('',(3.231442,9.757597,1.51));
#1974 = DIRECTION('',(-0.382674383967,0.923883280429,0.));
#1975 = DIRECTION('',(0.923883280429,0.382674383967,0.));
#1976 = ADVANCED_FACE('',(#1977),#2002,.T.);
#1977 = FACE_BOUND('',#1978,.T.);
#1978 = EDGE_LOOP('',(#1979,#1980,#1988,#1996));
#1979 = ORIENTED_EDGE('',*,*,#1958,.T.);
#1980 = ORIENTED_EDGE('',*,*,#1981,.T.);
#1981 = EDGE_CURVE('',#1951,#1982,#1984,.T.);
#1982 = VERTEX_POINT('',#1983);
#1983 = CARTESIAN_POINT('',(7.390776,9.77656,1.545));
#1984 = LINE('',#1985,#1986);
#1985 = CARTESIAN_POINT('',(3.277224,9.77656,1.545));
#1986 = VECTOR('',#1987,1.);
#1987 = DIRECTION('',(1.,0.,0.));
#1988 = ORIENTED_EDGE('',*,*,#1989,.F.);
#1989 = EDGE_CURVE('',#1990,#1982,#1992,.T.);
#1990 = VERTEX_POINT('',#1991);
#1991 = CARTESIAN_POINT('',(7.390776,9.77656,1.51));
#1992 = LINE('',#1993,#1994);
#1993 = CARTESIAN_POINT('',(7.390776,9.77656,1.51));
#1994 = VECTOR('',#1995,1.);
#1995 = DIRECTION('',(0.,0.,1.));
#1996 = ORIENTED_EDGE('',*,*,#1997,.F.);
#1997 = EDGE_CURVE('',#1959,#1990,#1998,.T.);
#1998 = LINE('',#1999,#2000);
#1999 = CARTESIAN_POINT('',(3.277224,9.77656,1.51));
#2000 = VECTOR('',#2001,1.);
#2001 = DIRECTION('',(1.,0.,0.));
#2002 = PLANE('',#2003);
#2003 = AXIS2_PLACEMENT_3D('',#2004,#2005,#2006);
#2004 = CARTESIAN_POINT('',(3.277224,9.77656,1.51));
#2005 = DIRECTION('',(0.,1.,0.));
#2006 = DIRECTION('',(1.,0.,0.));
#2007 = ADVANCED_FACE('',(#2008),#2033,.T.);
#2008 = FACE_BOUND('',#2009,.T.);
#2009 = EDGE_LOOP('',(#2010,#2011,#2019,#2027));
#2010 = ORIENTED_EDGE('',*,*,#1989,.T.);
#2011 = ORIENTED_EDGE('',*,*,#2012,.T.);
#2012 = EDGE_CURVE('',#1982,#2013,#2015,.T.);
#2013 = VERTEX_POINT('',#2014);
#2014 = CARTESIAN_POINT('',(7.436558,9.757596,1.545));
#2015 = LINE('',#2016,#2017);
#2016 = CARTESIAN_POINT('',(7.390776,9.77656,1.545));
#2017 = VECTOR('',#2018,1.);
#2018 = DIRECTION('',(0.923876145736,-0.382691608661,0.));
#2019 = ORIENTED_EDGE('',*,*,#2020,.F.);
#2020 = EDGE_CURVE('',#2021,#2013,#2023,.T.);
#2021 = VERTEX_POINT('',#2022);
#2022 = CARTESIAN_POINT('',(7.436558,9.757596,1.51));
#2023 = LINE('',#2024,#2025);
#2024 = CARTESIAN_POINT('',(7.436558,9.757596,1.51));
#2025 = VECTOR('',#2026,1.);
#2026 = DIRECTION('',(0.,0.,1.));
#2027 = ORIENTED_EDGE('',*,*,#2028,.F.);
#2028 = EDGE_CURVE('',#1990,#2021,#2029,.T.);
#2029 = LINE('',#2030,#2031);
#2030 = CARTESIAN_POINT('',(7.390776,9.77656,1.51));
#2031 = VECTOR('',#2032,1.);
#2032 = DIRECTION('',(0.923876145736,-0.382691608661,0.));
#2033 = PLANE('',#2034);
#2034 = AXIS2_PLACEMENT_3D('',#2035,#2036,#2037);
#2035 = CARTESIAN_POINT('',(7.390776,9.77656,1.51));
#2036 = DIRECTION('',(0.382691608661,0.923876145736,-0.));
#2037 = DIRECTION('',(0.923876145736,-0.382691608661,0.));
#2038 = ADVANCED_FACE('',(#2039),#2064,.T.);
#2039 = FACE_BOUND('',#2040,.T.);
#2040 = EDGE_LOOP('',(#2041,#2042,#2050,#2058));
#2041 = ORIENTED_EDGE('',*,*,#2020,.T.);
#2042 = ORIENTED_EDGE('',*,*,#2043,.T.);
#2043 = EDGE_CURVE('',#2013,#2044,#2046,.T.);
#2044 = VERTEX_POINT('',#2045);
#2045 = CARTESIAN_POINT('',(7.867597,9.326557,1.545));
#2046 = LINE('',#2047,#2048);
#2047 = CARTESIAN_POINT('',(7.436558,9.757596,1.545));
#2048 = VECTOR('',#2049,1.);
#2049 = DIRECTION('',(0.707106781187,-0.707106781187,0.));
#2050 = ORIENTED_EDGE('',*,*,#2051,.F.);
#2051 = EDGE_CURVE('',#2052,#2044,#2054,.T.);
#2052 = VERTEX_POINT('',#2053);
#2053 = CARTESIAN_POINT('',(7.867597,9.326557,1.51));
#2054 = LINE('',#2055,#2056);
#2055 = CARTESIAN_POINT('',(7.867597,9.326557,1.51));
#2056 = VECTOR('',#2057,1.);
#2057 = DIRECTION('',(0.,0.,1.));
#2058 = ORIENTED_EDGE('',*,*,#2059,.F.);
#2059 = EDGE_CURVE('',#2021,#2052,#2060,.T.);
#2060 = LINE('',#2061,#2062);
#2061 = CARTESIAN_POINT('',(7.436558,9.757596,1.51));
#2062 = VECTOR('',#2063,1.);
#2063 = DIRECTION('',(0.707106781187,-0.707106781187,0.));
#2064 = PLANE('',#2065);
#2065 = AXIS2_PLACEMENT_3D('',#2066,#2067,#2068);
#2066 = CARTESIAN_POINT('',(7.436558,9.757596,1.51));
#2067 = DIRECTION('',(0.707106781187,0.707106781187,-0.));
#2068 = DIRECTION('',(0.707106781187,-0.707106781187,0.));
#2069 = ADVANCED_FACE('',(#2070),#2095,.T.);
#2070 = FACE_BOUND('',#2071,.T.);
#2071 = EDGE_LOOP('',(#2072,#2073,#2081,#2089));
#2072 = ORIENTED_EDGE('',*,*,#2051,.T.);
#2073 = ORIENTED_EDGE('',*,*,#2074,.T.);
#2074 = EDGE_CURVE('',#2044,#2075,#2077,.T.);
#2075 = VERTEX_POINT('',#2076);
#2076 = CARTESIAN_POINT('',(7.88656,9.280776,1.545));
#2077 = LINE('',#2078,#2079);
#2078 = CARTESIAN_POINT('',(7.867597,9.326557,1.545));
#2079 = VECTOR('',#2080,1.);
#2080 = DIRECTION('',(0.382681518676,-0.923880325185,0.));
#2081 = ORIENTED_EDGE('',*,*,#2082,.F.);
#2082 = EDGE_CURVE('',#2083,#2075,#2085,.T.);
#2083 = VERTEX_POINT('',#2084);
#2084 = CARTESIAN_POINT('',(7.88656,9.280776,1.51));
#2085 = LINE('',#2086,#2087);
#2086 = CARTESIAN_POINT('',(7.88656,9.280776,1.51));
#2087 = VECTOR('',#2088,1.);
#2088 = DIRECTION('',(0.,0.,1.));
#2089 = ORIENTED_EDGE('',*,*,#2090,.F.);
#2090 = EDGE_CURVE('',#2052,#2083,#2091,.T.);
#2091 = LINE('',#2092,#2093);
#2092 = CARTESIAN_POINT('',(7.867597,9.326557,1.51));
#2093 = VECTOR('',#2094,1.);
#2094 = DIRECTION('',(0.382681518676,-0.923880325185,0.));
#2095 = PLANE('',#2096);
#2096 = AXIS2_PLACEMENT_3D('',#2097,#2098,#2099);
#2097 = CARTESIAN_POINT('',(7.867597,9.326557,1.51));
#2098 = DIRECTION('',(0.923880325185,0.382681518676,-0.));
#2099 = DIRECTION('',(0.382681518676,-0.923880325185,0.));
#2100 = ADVANCED_FACE('',(#2101),#2126,.T.);
#2101 = FACE_BOUND('',#2102,.T.);
#2102 = EDGE_LOOP('',(#2103,#2104,#2112,#2120));
#2103 = ORIENTED_EDGE('',*,*,#2082,.T.);
#2104 = ORIENTED_EDGE('',*,*,#2105,.T.);
#2105 = EDGE_CURVE('',#2075,#2106,#2108,.T.);
#2106 = VERTEX_POINT('',#2107);
#2107 = CARTESIAN_POINT('',(7.889,6.260606,1.545));
#2108 = LINE('',#2109,#2110);
#2109 = CARTESIAN_POINT('',(7.88656,9.280776,1.545));
#2110 = VECTOR('',#2111,1.);
#2111 = DIRECTION('',(8.079012783057E-04,-0.999999673648,0.));
#2112 = ORIENTED_EDGE('',*,*,#2113,.F.);
#2113 = EDGE_CURVE('',#2114,#2106,#2116,.T.);
#2114 = VERTEX_POINT('',#2115);
#2115 = CARTESIAN_POINT('',(7.889,6.260606,1.51));
#2116 = LINE('',#2117,#2118);
#2117 = CARTESIAN_POINT('',(7.889,6.260606,1.51));
#2118 = VECTOR('',#2119,1.);
#2119 = DIRECTION('',(0.,0.,1.));
#2120 = ORIENTED_EDGE('',*,*,#2121,.F.);
#2121 = EDGE_CURVE('',#2083,#2114,#2122,.T.);
#2122 = LINE('',#2123,#2124);
#2123 = CARTESIAN_POINT('',(7.88656,9.280776,1.51));
#2124 = VECTOR('',#2125,1.);
#2125 = DIRECTION('',(8.079012783057E-04,-0.999999673648,0.));
#2126 = PLANE('',#2127);
#2127 = AXIS2_PLACEMENT_3D('',#2128,#2129,#2130);
#2128 = CARTESIAN_POINT('',(7.88656,9.280776,1.51));
#2129 = DIRECTION('',(0.999999673648,8.079012783057E-04,-0.));
#2130 = DIRECTION('',(8.079012783057E-04,-0.999999673648,0.));
#2131 = ADVANCED_FACE('',(#2132),#2157,.T.);
#2132 = FACE_BOUND('',#2133,.T.);
#2133 = EDGE_LOOP('',(#2134,#2135,#2143,#2151));
#2134 = ORIENTED_EDGE('',*,*,#2113,.T.);
#2135 = ORIENTED_EDGE('',*,*,#2136,.T.);
#2136 = EDGE_CURVE('',#2106,#2137,#2139,.T.);
#2137 = VERTEX_POINT('',#2138);
#2138 = CARTESIAN_POINT('',(7.979597,6.166558,1.545));
#2139 = LINE('',#2140,#2141);
#2140 = CARTESIAN_POINT('',(7.889,6.260606,1.545));
#2141 = VECTOR('',#2142,1.);
#2142 = DIRECTION('',(0.693769852228,-0.720196773208,0.));
#2143 = ORIENTED_EDGE('',*,*,#2144,.F.);
#2144 = EDGE_CURVE('',#2145,#2137,#2147,.T.);
#2145 = VERTEX_POINT('',#2146);
#2146 = CARTESIAN_POINT('',(7.979597,6.166558,1.51));
#2147 = LINE('',#2148,#2149);
#2148 = CARTESIAN_POINT('',(7.979597,6.166558,1.51));
#2149 = VECTOR('',#2150,1.);
#2150 = DIRECTION('',(0.,0.,1.));
#2151 = ORIENTED_EDGE('',*,*,#2152,.F.);
#2152 = EDGE_CURVE('',#2114,#2145,#2153,.T.);
#2153 = LINE('',#2154,#2155);
#2154 = CARTESIAN_POINT('',(7.889,6.260606,1.51));
#2155 = VECTOR('',#2156,1.);
#2156 = DIRECTION('',(0.693769852228,-0.720196773208,0.));
#2157 = PLANE('',#2158);
#2158 = AXIS2_PLACEMENT_3D('',#2159,#2160,#2161);
#2159 = CARTESIAN_POINT('',(7.889,6.260606,1.51));
#2160 = DIRECTION('',(0.720196773208,0.693769852228,-0.));
#2161 = DIRECTION('',(0.693769852228,-0.720196773208,0.));
#2162 = ADVANCED_FACE('',(#2163),#2190,.T.);
#2163 = FACE_BOUND('',#2164,.T.);
#2164 = EDGE_LOOP('',(#2165,#2166,#2175,#2183));
#2165 = ORIENTED_EDGE('',*,*,#2144,.T.);
#2166 = ORIENTED_EDGE('',*,*,#2167,.T.);
#2167 = EDGE_CURVE('',#2137,#2168,#2170,.T.);
#2168 = VERTEX_POINT('',#2169);
#2169 = CARTESIAN_POINT('',(7.803442,5.990403,1.545));
#2170 = CIRCLE('',#2171,0.127000621152);
#2171 = AXIS2_PLACEMENT_3D('',#2172,#2173,#2174);
#2172 = CARTESIAN_POINT('',(7.874,6.096,1.545));
#2173 = DIRECTION('',(0.,0.,-1.));
#2174 = DIRECTION('',(0.831468374266,0.555572085868,0.));
#2175 = ORIENTED_EDGE('',*,*,#2176,.F.);
#2176 = EDGE_CURVE('',#2177,#2168,#2179,.T.);
#2177 = VERTEX_POINT('',#2178);
#2178 = CARTESIAN_POINT('',(7.803442,5.990403,1.51));
#2179 = LINE('',#2180,#2181);
#2180 = CARTESIAN_POINT('',(7.803442,5.990403,1.51));
#2181 = VECTOR('',#2182,1.);
#2182 = DIRECTION('',(0.,0.,1.));
#2183 = ORIENTED_EDGE('',*,*,#2184,.F.);
#2184 = EDGE_CURVE('',#2145,#2177,#2185,.T.);
#2185 = CIRCLE('',#2186,0.127000621152);
#2186 = AXIS2_PLACEMENT_3D('',#2187,#2188,#2189);
#2187 = CARTESIAN_POINT('',(7.874,6.096,1.51));
#2188 = DIRECTION('',(0.,0.,-1.));
#2189 = DIRECTION('',(0.831468374266,0.555572085868,0.));
#2190 = CYLINDRICAL_SURFACE('',#2191,0.127000621152);
#2191 = AXIS2_PLACEMENT_3D('',#2192,#2193,#2194);
#2192 = CARTESIAN_POINT('',(7.874,6.096,1.51));
#2193 = DIRECTION('',(0.,0.,-1.));
#2194 = DIRECTION('',(0.831468374266,0.555572085868,0.));
#2195 = ADVANCED_FACE('',(#2196),#2221,.T.);
#2196 = FACE_BOUND('',#2197,.T.);
#2197 = EDGE_LOOP('',(#2198,#2199,#2207,#2215));
#2198 = ORIENTED_EDGE('',*,*,#2176,.T.);
#2199 = ORIENTED_EDGE('',*,*,#2200,.T.);
#2200 = EDGE_CURVE('',#2168,#2201,#2203,.T.);
#2201 = VERTEX_POINT('',#2202);
#2202 = CARTESIAN_POINT('',(7.719692,6.070702,1.545));
#2203 = LINE('',#2204,#2205);
#2204 = CARTESIAN_POINT('',(7.803442,5.990403,1.545));
#2205 = VECTOR('',#2206,1.);
#2206 = DIRECTION('',(-0.721822064322,0.692078685886,0.));
#2207 = ORIENTED_EDGE('',*,*,#2208,.F.);
#2208 = EDGE_CURVE('',#2209,#2201,#2211,.T.);
#2209 = VERTEX_POINT('',#2210);
#2210 = CARTESIAN_POINT('',(7.719692,6.070702,1.51));
#2211 = LINE('',#2212,#2213);
#2212 = CARTESIAN_POINT('',(7.719692,6.070702,1.51));
#2213 = VECTOR('',#2214,1.);
#2214 = DIRECTION('',(0.,0.,1.));
#2215 = ORIENTED_EDGE('',*,*,#2216,.F.);
#2216 = EDGE_CURVE('',#2177,#2209,#2217,.T.);
#2217 = LINE('',#2218,#2219);
#2218 = CARTESIAN_POINT('',(7.803442,5.990403,1.51));
#2219 = VECTOR('',#2220,1.);
#2220 = DIRECTION('',(-0.721822064322,0.692078685886,0.));
#2221 = PLANE('',#2222);
#2222 = AXIS2_PLACEMENT_3D('',#2223,#2224,#2225);
#2223 = CARTESIAN_POINT('',(7.803442,5.990403,1.51));
#2224 = DIRECTION('',(-0.692078685886,-0.721822064322,0.));
#2225 = DIRECTION('',(-0.721822064322,0.692078685886,0.));
#2226 = ADVANCED_FACE('',(#2227),#2252,.T.);
#2227 = FACE_BOUND('',#2228,.T.);
#2228 = EDGE_LOOP('',(#2229,#2230,#2238,#2246));
#2229 = ORIENTED_EDGE('',*,*,#2208,.T.);
#2230 = ORIENTED_EDGE('',*,*,#2231,.T.);
#2231 = EDGE_CURVE('',#2201,#2232,#2234,.T.);
#2232 = VERTEX_POINT('',#2233);
#2233 = CARTESIAN_POINT('',(7.691443,6.082403,1.545));
#2234 = LINE('',#2235,#2236);
#2235 = CARTESIAN_POINT('',(7.719692,6.070702,1.545));
#2236 = VECTOR('',#2237,1.);
#2237 = DIRECTION('',(-0.923880907609,0.382680112568,0.));
#2238 = ORIENTED_EDGE('',*,*,#2239,.F.);
#2239 = EDGE_CURVE('',#2240,#2232,#2242,.T.);
#2240 = VERTEX_POINT('',#2241);
#2241 = CARTESIAN_POINT('',(7.691443,6.082403,1.51));
#2242 = LINE('',#2243,#2244);
#2243 = CARTESIAN_POINT('',(7.691443,6.082403,1.51));
#2244 = VECTOR('',#2245,1.);
#2245 = DIRECTION('',(0.,0.,1.));
#2246 = ORIENTED_EDGE('',*,*,#2247,.F.);
#2247 = EDGE_CURVE('',#2209,#2240,#2248,.T.);
#2248 = LINE('',#2249,#2250);
#2249 = CARTESIAN_POINT('',(7.719692,6.070702,1.51));
#2250 = VECTOR('',#2251,1.);
#2251 = DIRECTION('',(-0.923880907609,0.382680112568,0.));
#2252 = PLANE('',#2253);
#2253 = AXIS2_PLACEMENT_3D('',#2254,#2255,#2256);
#2254 = CARTESIAN_POINT('',(7.719692,6.070702,1.51));
#2255 = DIRECTION('',(-0.382680112568,-0.923880907609,0.));
#2256 = DIRECTION('',(-0.923880907609,0.382680112568,0.));
#2257 = ADVANCED_FACE('',(#2258),#2283,.T.);
#2258 = FACE_BOUND('',#2259,.T.);
#2259 = EDGE_LOOP('',(#2260,#2261,#2269,#2277));
#2260 = ORIENTED_EDGE('',*,*,#2239,.T.);
#2261 = ORIENTED_EDGE('',*,*,#2262,.T.);
#2262 = EDGE_CURVE('',#2232,#2263,#2265,.T.);
#2263 = VERTEX_POINT('',#2264);
#2264 = CARTESIAN_POINT('',(7.656403,6.117443,1.545));
#2265 = LINE('',#2266,#2267);
#2266 = CARTESIAN_POINT('',(7.691443,6.082403,1.545));
#2267 = VECTOR('',#2268,1.);
#2268 = DIRECTION('',(-0.707106781187,0.707106781187,0.));
#2269 = ORIENTED_EDGE('',*,*,#2270,.F.);
#2270 = EDGE_CURVE('',#2271,#2263,#2273,.T.);
#2271 = VERTEX_POINT('',#2272);
#2272 = CARTESIAN_POINT('',(7.656403,6.117443,1.51));
#2273 = LINE('',#2274,#2275);
#2274 = CARTESIAN_POINT('',(7.656403,6.117443,1.51));
#2275 = VECTOR('',#2276,1.);
#2276 = DIRECTION('',(0.,0.,1.));
#2277 = ORIENTED_EDGE('',*,*,#2278,.F.);
#2278 = EDGE_CURVE('',#2240,#2271,#2279,.T.);
#2279 = LINE('',#2280,#2281);
#2280 = CARTESIAN_POINT('',(7.691443,6.082403,1.51));
#2281 = VECTOR('',#2282,1.);
#2282 = DIRECTION('',(-0.707106781187,0.707106781187,0.));
#2283 = PLANE('',#2284);
#2284 = AXIS2_PLACEMENT_3D('',#2285,#2286,#2287);
#2285 = CARTESIAN_POINT('',(7.691443,6.082403,1.51));
#2286 = DIRECTION('',(-0.707106781187,-0.707106781187,0.));
#2287 = DIRECTION('',(-0.707106781187,0.707106781187,0.));
#2288 = ADVANCED_FACE('',(#2289),#2314,.T.);
#2289 = FACE_BOUND('',#2290,.T.);
#2290 = EDGE_LOOP('',(#2291,#2292,#2300,#2308));
#2291 = ORIENTED_EDGE('',*,*,#2270,.T.);
#2292 = ORIENTED_EDGE('',*,*,#2293,.T.);
#2293 = EDGE_CURVE('',#2263,#2294,#2296,.T.);
#2294 = VERTEX_POINT('',#2295);
#2295 = CARTESIAN_POINT('',(7.63744,6.163224,1.545));
#2296 = LINE('',#2297,#2298);
#2297 = CARTESIAN_POINT('',(7.656403,6.117443,1.545));
#2298 = VECTOR('',#2299,1.);
#2299 = DIRECTION('',(-0.382681518676,0.923880325185,0.));
#2300 = ORIENTED_EDGE('',*,*,#2301,.F.);
#2301 = EDGE_CURVE('',#2302,#2294,#2304,.T.);
#2302 = VERTEX_POINT('',#2303);
#2303 = CARTESIAN_POINT('',(7.63744,6.163224,1.51));
#2304 = LINE('',#2305,#2306);
#2305 = CARTESIAN_POINT('',(7.63744,6.163224,1.51));
#2306 = VECTOR('',#2307,1.);
#2307 = DIRECTION('',(0.,0.,1.));
#2308 = ORIENTED_EDGE('',*,*,#2309,.F.);
#2309 = EDGE_CURVE('',#2271,#2302,#2310,.T.);
#2310 = LINE('',#2311,#2312);
#2311 = CARTESIAN_POINT('',(7.656403,6.117443,1.51));
#2312 = VECTOR('',#2313,1.);
#2313 = DIRECTION('',(-0.382681518676,0.923880325185,0.));
#2314 = PLANE('',#2315);
#2315 = AXIS2_PLACEMENT_3D('',#2316,#2317,#2318);
#2316 = CARTESIAN_POINT('',(7.656403,6.117443,1.51));
#2317 = DIRECTION('',(-0.923880325185,-0.382681518676,0.));
#2318 = DIRECTION('',(-0.382681518676,0.923880325185,0.));
#2319 = ADVANCED_FACE('',(#2320),#2345,.T.);
#2320 = FACE_BOUND('',#2321,.T.);
#2321 = EDGE_LOOP('',(#2322,#2323,#2331,#2339));
#2322 = ORIENTED_EDGE('',*,*,#2301,.T.);
#2323 = ORIENTED_EDGE('',*,*,#2324,.T.);
#2324 = EDGE_CURVE('',#2294,#2325,#2327,.T.);
#2325 = VERTEX_POINT('',#2326);
#2326 = CARTESIAN_POINT('',(7.635,9.203395,1.545));
#2327 = LINE('',#2328,#2329);
#2328 = CARTESIAN_POINT('',(7.63744,6.163224,1.545));
#2329 = VECTOR('',#2330,1.);
#2330 = DIRECTION('',(-8.025861749696E-04,0.999999677928,0.));
#2331 = ORIENTED_EDGE('',*,*,#2332,.F.);
#2332 = EDGE_CURVE('',#2333,#2325,#2335,.T.);
#2333 = VERTEX_POINT('',#2334);
#2334 = CARTESIAN_POINT('',(7.635,9.203395,1.51));
#2335 = LINE('',#2336,#2337);
#2336 = CARTESIAN_POINT('',(7.635,9.203395,1.51));
#2337 = VECTOR('',#2338,1.);
#2338 = DIRECTION('',(0.,0.,1.));
#2339 = ORIENTED_EDGE('',*,*,#2340,.F.);
#2340 = EDGE_CURVE('',#2302,#2333,#2341,.T.);
#2341 = LINE('',#2342,#2343);
#2342 = CARTESIAN_POINT('',(7.63744,6.163224,1.51));
#2343 = VECTOR('',#2344,1.);
#2344 = DIRECTION('',(-8.025861749696E-04,0.999999677928,0.));
#2345 = PLANE('',#2346);
#2346 = AXIS2_PLACEMENT_3D('',#2347,#2348,#2349);
#2347 = CARTESIAN_POINT('',(7.63744,6.163224,1.51));
#2348 = DIRECTION('',(-0.999999677928,-8.025861749696E-04,0.));
#2349 = DIRECTION('',(-8.025861749696E-04,0.999999677928,0.));
#2350 = ADVANCED_FACE('',(#2351),#2376,.T.);
#2351 = FACE_BOUND('',#2352,.T.);
#2352 = EDGE_LOOP('',(#2353,#2354,#2362,#2370));
#2353 = ORIENTED_EDGE('',*,*,#2332,.T.);
#2354 = ORIENTED_EDGE('',*,*,#2355,.T.);
#2355 = EDGE_CURVE('',#2325,#2356,#2358,.T.);
#2356 = VERTEX_POINT('',#2357);
#2357 = CARTESIAN_POINT('',(7.313394,9.525,1.545));
#2358 = LINE('',#2359,#2360);
#2359 = CARTESIAN_POINT('',(7.635,9.203395,1.545));
#2360 = VECTOR('',#2361,1.);
#2361 = DIRECTION('',(-0.707107880524,0.707105681847,0.));
#2362 = ORIENTED_EDGE('',*,*,#2363,.F.);
#2363 = EDGE_CURVE('',#2364,#2356,#2366,.T.);
#2364 = VERTEX_POINT('',#2365);
#2365 = CARTESIAN_POINT('',(7.313394,9.525,1.51));
#2366 = LINE('',#2367,#2368);
#2367 = CARTESIAN_POINT('',(7.313394,9.525,1.51));
#2368 = VECTOR('',#2369,1.);
#2369 = DIRECTION('',(0.,0.,1.));
#2370 = ORIENTED_EDGE('',*,*,#2371,.F.);
#2371 = EDGE_CURVE('',#2333,#2364,#2372,.T.);
#2372 = LINE('',#2373,#2374);
#2373 = CARTESIAN_POINT('',(7.635,9.203395,1.51));
#2374 = VECTOR('',#2375,1.);
#2375 = DIRECTION('',(-0.707107880524,0.707105681847,0.));
#2376 = PLANE('',#2377);
#2377 = AXIS2_PLACEMENT_3D('',#2378,#2379,#2380);
#2378 = CARTESIAN_POINT('',(7.635,9.203395,1.51));
#2379 = DIRECTION('',(-0.707105681847,-0.707107880524,0.));
#2380 = DIRECTION('',(-0.707107880524,0.707105681847,0.));
#2381 = ADVANCED_FACE('',(#2382),#2407,.T.);
#2382 = FACE_BOUND('',#2383,.T.);
#2383 = EDGE_LOOP('',(#2384,#2385,#2393,#2401));
#2384 = ORIENTED_EDGE('',*,*,#2363,.T.);
#2385 = ORIENTED_EDGE('',*,*,#2386,.T.);
#2386 = EDGE_CURVE('',#2356,#2387,#2389,.T.);
#2387 = VERTEX_POINT('',#2388);
#2388 = CARTESIAN_POINT('',(3.354606,9.525,1.545));
#2389 = LINE('',#2390,#2391);
#2390 = CARTESIAN_POINT('',(7.313394,9.525,1.545));
#2391 = VECTOR('',#2392,1.);
#2392 = DIRECTION('',(-1.,0.,0.));
#2393 = ORIENTED_EDGE('',*,*,#2394,.F.);
#2394 = EDGE_CURVE('',#2395,#2387,#2397,.T.);
#2395 = VERTEX_POINT('',#2396);
#2396 = CARTESIAN_POINT('',(3.354606,9.525,1.51));
#2397 = LINE('',#2398,#2399);
#2398 = CARTESIAN_POINT('',(3.354606,9.525,1.51));
#2399 = VECTOR('',#2400,1.);
#2400 = DIRECTION('',(0.,0.,1.));
#2401 = ORIENTED_EDGE('',*,*,#2402,.F.);
#2402 = EDGE_CURVE('',#2364,#2395,#2403,.T.);
#2403 = LINE('',#2404,#2405);
#2404 = CARTESIAN_POINT('',(7.313394,9.525,1.51));
#2405 = VECTOR('',#2406,1.);
#2406 = DIRECTION('',(-1.,0.,0.));
#2407 = PLANE('',#2408);
#2408 = AXIS2_PLACEMENT_3D('',#2409,#2410,#2411);
#2409 = CARTESIAN_POINT('',(7.313394,9.525,1.51));
#2410 = DIRECTION('',(0.,-1.,0.));
#2411 = DIRECTION('',(-1.,0.,0.));
#2412 = ADVANCED_FACE('',(#2413),#2438,.T.);
#2413 = FACE_BOUND('',#2414,.T.);
#2414 = EDGE_LOOP('',(#2415,#2416,#2424,#2432));
#2415 = ORIENTED_EDGE('',*,*,#2394,.T.);
#2416 = ORIENTED_EDGE('',*,*,#2417,.T.);
#2417 = EDGE_CURVE('',#2387,#2418,#2420,.T.);
#2418 = VERTEX_POINT('',#2419);
#2419 = CARTESIAN_POINT('',(1.694248,7.867488,1.545));
#2420 = LINE('',#2421,#2422);
#2421 = CARTESIAN_POINT('',(3.354606,9.525,1.545));
#2422 = VECTOR('',#2423,1.);
#2423 = DIRECTION('',(-0.70771306234,-0.706499979755,0.));
#2424 = ORIENTED_EDGE('',*,*,#2425,.F.);
#2425 = EDGE_CURVE('',#2426,#2418,#2428,.T.);
#2426 = VERTEX_POINT('',#2427);
#2427 = CARTESIAN_POINT('',(1.694248,7.867488,1.51));
#2428 = LINE('',#2429,#2430);
#2429 = CARTESIAN_POINT('',(1.694248,7.867488,1.51));
#2430 = VECTOR('',#2431,1.);
#2431 = DIRECTION('',(0.,0.,1.));
#2432 = ORIENTED_EDGE('',*,*,#2433,.F.);
#2433 = EDGE_CURVE('',#2395,#2426,#2434,.T.);
#2434 = LINE('',#2435,#2436);
#2435 = CARTESIAN_POINT('',(3.354606,9.525,1.51));
#2436 = VECTOR('',#2437,1.);
#2437 = DIRECTION('',(-0.70771306234,-0.706499979755,0.));
#2438 = PLANE('',#2439);
#2439 = AXIS2_PLACEMENT_3D('',#2440,#2441,#2442);
#2440 = CARTESIAN_POINT('',(3.354606,9.525,1.51));
#2441 = DIRECTION('',(0.706499979755,-0.70771306234,0.));
#2442 = DIRECTION('',(-0.70771306234,-0.706499979755,0.));
#2443 = ADVANCED_FACE('',(#2444),#2471,.F.);
#2444 = FACE_BOUND('',#2445,.T.);
#2445 = EDGE_LOOP('',(#2446,#2447,#2456,#2464));
#2446 = ORIENTED_EDGE('',*,*,#2425,.T.);
#2447 = ORIENTED_EDGE('',*,*,#2448,.T.);
#2448 = EDGE_CURVE('',#2418,#2449,#2451,.T.);
#2449 = VERTEX_POINT('',#2450);
#2450 = CARTESIAN_POINT('',(1.517872,8.044027,1.545));
#2451 = CIRCLE('',#2452,0.367493015747);
#2452 = AXIS2_PLACEMENT_3D('',#2453,#2454,#2455);
#2453 = CARTESIAN_POINT('',(1.361526915528,7.711450195059,1.545));
#2454 = DIRECTION('',(0.,0.,1.));
#2455 = DIRECTION('',(0.905380701714,0.424600735944,-0.));
#2456 = ORIENTED_EDGE('',*,*,#2457,.F.);
#2457 = EDGE_CURVE('',#2458,#2449,#2460,.T.);
#2458 = VERTEX_POINT('',#2459);
#2459 = CARTESIAN_POINT('',(1.517872,8.044027,1.51));
#2460 = LINE('',#2461,#2462);
#2461 = CARTESIAN_POINT('',(1.517872,8.044027,1.51));
#2462 = VECTOR('',#2463,1.);
#2463 = DIRECTION('',(0.,0.,1.));
#2464 = ORIENTED_EDGE('',*,*,#2465,.F.);
#2465 = EDGE_CURVE('',#2426,#2458,#2466,.T.);
#2466 = CIRCLE('',#2467,0.367493015747);
#2467 = AXIS2_PLACEMENT_3D('',#2468,#2469,#2470);
#2468 = CARTESIAN_POINT('',(1.361526915528,7.711450195059,1.51));
#2469 = DIRECTION('',(0.,0.,1.));
#2470 = DIRECTION('',(0.905380701714,0.424600735944,-0.));
#2471 = CYLINDRICAL_SURFACE('',#2472,0.367493015747);
#2472 = AXIS2_PLACEMENT_3D('',#2473,#2474,#2475);
#2473 = CARTESIAN_POINT('',(1.361526915528,7.711450195059,1.51));
#2474 = DIRECTION('',(-0.,-0.,-1.));
#2475 = DIRECTION('',(0.905380701714,0.424600735944,-0.));
#2476 = ADVANCED_FACE('',(#2477),#2493,.T.);
#2477 = FACE_BOUND('',#2478,.T.);
#2478 = EDGE_LOOP('',(#2479,#2480,#2486,#2487));
#2479 = ORIENTED_EDGE('',*,*,#2457,.T.);
#2480 = ORIENTED_EDGE('',*,*,#2481,.T.);
#2481 = EDGE_CURVE('',#2449,#1943,#2482,.T.);
#2482 = LINE('',#2483,#2484);
#2483 = CARTESIAN_POINT('',(1.517872,8.044027,1.545));
#2484 = VECTOR('',#2485,1.);
#2485 = DIRECTION('',(0.707106781187,0.707106781187,0.));
#2486 = ORIENTED_EDGE('',*,*,#1940,.F.);
#2487 = ORIENTED_EDGE('',*,*,#2488,.F.);
#2488 = EDGE_CURVE('',#2458,#1941,#2489,.T.);
#2489 = LINE('',#2490,#2491);
#2490 = CARTESIAN_POINT('',(1.517872,8.044027,1.51));
#2491 = VECTOR('',#2492,1.);
#2492 = DIRECTION('',(0.707106781187,0.707106781187,0.));
#2493 = PLANE('',#2494);
#2494 = AXIS2_PLACEMENT_3D('',#2495,#2496,#2497);
#2495 = CARTESIAN_POINT('',(1.517872,8.044027,1.51));
#2496 = DIRECTION('',(-0.707106781187,0.707106781187,0.));
#2497 = DIRECTION('',(0.707106781187,0.707106781187,0.));
#2498 = ADVANCED_FACE('',(#2499),#2519,.F.);
#2499 = FACE_BOUND('',#2500,.T.);
#2500 = EDGE_LOOP('',(#2501,#2502,#2503,#2504,#2505,#2506,#2507,#2508,
    #2509,#2510,#2511,#2512,#2513,#2514,#2515,#2516,#2517,#2518));
#2501 = ORIENTED_EDGE('',*,*,#1966,.T.);
#2502 = ORIENTED_EDGE('',*,*,#1997,.T.);
#2503 = ORIENTED_EDGE('',*,*,#2028,.T.);
#2504 = ORIENTED_EDGE('',*,*,#2059,.T.);
#2505 = ORIENTED_EDGE('',*,*,#2090,.T.);
#2506 = ORIENTED_EDGE('',*,*,#2121,.T.);
#2507 = ORIENTED_EDGE('',*,*,#2152,.T.);
#2508 = ORIENTED_EDGE('',*,*,#2184,.T.);
#2509 = ORIENTED_EDGE('',*,*,#2216,.T.);
#2510 = ORIENTED_EDGE('',*,*,#2247,.T.);
#2511 = ORIENTED_EDGE('',*,*,#2278,.T.);
#2512 = ORIENTED_EDGE('',*,*,#2309,.T.);
#2513 = ORIENTED_EDGE('',*,*,#2340,.T.);
#2514 = ORIENTED_EDGE('',*,*,#2371,.T.);
#2515 = ORIENTED_EDGE('',*,*,#2402,.T.);
#2516 = ORIENTED_EDGE('',*,*,#2433,.T.);
#2517 = ORIENTED_EDGE('',*,*,#2465,.T.);
#2518 = ORIENTED_EDGE('',*,*,#2488,.T.);
#2519 = PLANE('',#2520);
#2520 = AXIS2_PLACEMENT_3D('',#2521,#2522,#2523);
#2521 = CARTESIAN_POINT('',(0.,0.,1.51));
#2522 = DIRECTION('',(0.,0.,1.));
#2523 = DIRECTION('',(1.,0.,-0.));
#2524 = ADVANCED_FACE('',(#2525),#2545,.T.);
#2525 = FACE_BOUND('',#2526,.F.);
#2526 = EDGE_LOOP('',(#2527,#2528,#2529,#2530,#2531,#2532,#2533,#2534,
    #2535,#2536,#2537,#2538,#2539,#2540,#2541,#2542,#2543,#2544));
#2527 = ORIENTED_EDGE('',*,*,#1950,.T.);
#2528 = ORIENTED_EDGE('',*,*,#1981,.T.);
#2529 = ORIENTED_EDGE('',*,*,#2012,.T.);
#2530 = ORIENTED_EDGE('',*,*,#2043,.T.);
#2531 = ORIENTED_EDGE('',*,*,#2074,.T.);
#2532 = ORIENTED_EDGE('',*,*,#2105,.T.);
#2533 = ORIENTED_EDGE('',*,*,#2136,.T.);
#2534 = ORIENTED_EDGE('',*,*,#2167,.T.);
#2535 = ORIENTED_EDGE('',*,*,#2200,.T.);
#2536 = ORIENTED_EDGE('',*,*,#2231,.T.);
#2537 = ORIENTED_EDGE('',*,*,#2262,.T.);
#2538 = ORIENTED_EDGE('',*,*,#2293,.T.);
#2539 = ORIENTED_EDGE('',*,*,#2324,.T.);
#2540 = ORIENTED_EDGE('',*,*,#2355,.T.);
#2541 = ORIENTED_EDGE('',*,*,#2386,.T.);
#2542 = ORIENTED_EDGE('',*,*,#2417,.T.);
#2543 = ORIENTED_EDGE('',*,*,#2448,.T.);
#2544 = ORIENTED_EDGE('',*,*,#2481,.T.);
#2545 = PLANE('',#2546);
#2546 = AXIS2_PLACEMENT_3D('',#2547,#2548,#2549);
#2547 = CARTESIAN_POINT('',(0.,0.,1.545));
#2548 = DIRECTION('',(0.,0.,1.));
#2549 = DIRECTION('',(1.,0.,-0.));
#2550 = MANIFOLD_SOLID_BREP('',#2551);
#2551 = CLOSED_SHELL('',(#2552,#2594,#2625,#2658,#2689,#2722,#2753,#2784
    ,#2815,#2848,#2879,#2910,#2941,#2974,#3005,#3038,#3069,#3100,#3131,
    #3162,#3193,#3224,#3255,#3288,#3319,#3352,#3383,#3414,#3447,#3478,
    #3509,#3542,#3573,#3604,#3637,#3668,#3699,#3732,#3763,#3794,#3827,
    #3858,#3889,#3922,#3953,#3986,#4017,#4050,#4081,#4114,#4145,#4176,
    #4207,#4238,#4269,#4300,#4331,#4362,#4395,#4426,#4457,#4488,#4519,
    #4550,#4581,#4612,#4643,#4674,#4705,#4736,#4767,#4798,#4829,#4860,
    #4891,#4922,#4955,#4986,#5019,#5050,#5081,#5112,#5143,#5174,#5205,
    #5236,#5267,#5300,#5331,#5364,#5395,#5426,#5457,#5488,#5521,#5552,
    #5583,#5614,#5645,#5676,#5707,#5738,#5769,#5800,#5822,#5864,#5895,
    #5928,#5959,#5990,#6021,#6054,#6085,#6116,#6147,#6180,#6211,#6242,
    #6273,#6297,#6337,#6368,#6399,#6430,#6461,#6492,#6523,#6545,#6585,
    #6616,#6647,#6678,#6709,#6740,#6771,#6793,#6833,#6864,#6895,#6926,
    #6957,#6988,#7019,#7041,#7081,#7112,#7143,#7174,#7205,#7236,#7267,
    #7289,#7458));
#2552 = ADVANCED_FACE('',(#2553),#2589,.T.);
#2553 = FACE_BOUND('',#2554,.T.);
#2554 = EDGE_LOOP('',(#2555,#2565,#2574,#2582));
#2555 = ORIENTED_EDGE('',*,*,#2556,.T.);
#2556 = EDGE_CURVE('',#2557,#2559,#2561,.T.);
#2557 = VERTEX_POINT('',#2558);
#2558 = CARTESIAN_POINT('',(7.656479,9.972886,1.51));
#2559 = VERTEX_POINT('',#2560);
#2560 = CARTESIAN_POINT('',(7.656479,9.972886,1.545));
#2561 = LINE('',#2562,#2563);
#2562 = CARTESIAN_POINT('',(7.656479,9.972886,1.51));
#2563 = VECTOR('',#2564,1.);
#2564 = DIRECTION('',(0.,0.,1.));
#2565 = ORIENTED_EDGE('',*,*,#2566,.T.);
#2566 = EDGE_CURVE('',#2559,#2567,#2569,.T.);
#2567 = VERTEX_POINT('',#2568);
#2568 = CARTESIAN_POINT('',(7.691693,10.0579,1.545));
#2569 = CIRCLE('',#2570,4.980011638568E-02);
#2570 = AXIS2_PLACEMENT_3D('',#2571,#2572,#2573);
#2571 = CARTESIAN_POINT('',(7.691693116386,10.008099883614,1.545));
#2572 = DIRECTION('',(0.,0.,-1.));
#2573 = DIRECTION('',(-0.707109118236,-0.707104444129,-0.));
#2574 = ORIENTED_EDGE('',*,*,#2575,.F.);
#2575 = EDGE_CURVE('',#2576,#2567,#2578,.T.);
#2576 = VERTEX_POINT('',#2577);
#2577 = CARTESIAN_POINT('',(7.691693,10.0579,1.51));
#2578 = LINE('',#2579,#2580);
#2579 = CARTESIAN_POINT('',(7.691693,10.0579,1.51));
#2580 = VECTOR('',#2581,1.);
#2581 = DIRECTION('',(0.,0.,1.));
#2582 = ORIENTED_EDGE('',*,*,#2583,.F.);
#2583 = EDGE_CURVE('',#2557,#2576,#2584,.T.);
#2584 = CIRCLE('',#2585,4.980011638568E-02);
#2585 = AXIS2_PLACEMENT_3D('',#2586,#2587,#2588);
#2586 = CARTESIAN_POINT('',(7.691693116386,10.008099883614,1.51));
#2587 = DIRECTION('',(0.,0.,-1.));
#2588 = DIRECTION('',(-0.707109118236,-0.707104444129,-0.));
#2589 = CYLINDRICAL_SURFACE('',#2590,4.980011638568E-02);
#2590 = AXIS2_PLACEMENT_3D('',#2591,#2592,#2593);
#2591 = CARTESIAN_POINT('',(7.691693116386,10.008099883614,1.51));
#2592 = DIRECTION('',(0.,0.,-1.));
#2593 = DIRECTION('',(-0.707109118236,-0.707104444129,-0.));
#2594 = ADVANCED_FACE('',(#2595),#2620,.T.);
#2595 = FACE_BOUND('',#2596,.T.);
#2596 = EDGE_LOOP('',(#2597,#2598,#2606,#2614));
#2597 = ORIENTED_EDGE('',*,*,#2575,.T.);
#2598 = ORIENTED_EDGE('',*,*,#2599,.T.);
#2599 = EDGE_CURVE('',#2567,#2600,#2602,.T.);
#2600 = VERTEX_POINT('',#2601);
#2601 = CARTESIAN_POINT('',(8.836852,10.0579,1.545));
#2602 = LINE('',#2603,#2604);
#2603 = CARTESIAN_POINT('',(7.691693,10.0579,1.545));
#2604 = VECTOR('',#2605,1.);
#2605 = DIRECTION('',(1.,0.,0.));
#2606 = ORIENTED_EDGE('',*,*,#2607,.F.);
#2607 = EDGE_CURVE('',#2608,#2600,#2610,.T.);
#2608 = VERTEX_POINT('',#2609);
#2609 = CARTESIAN_POINT('',(8.836852,10.0579,1.51));
#2610 = LINE('',#2611,#2612);
#2611 = CARTESIAN_POINT('',(8.836852,10.0579,1.51));
#2612 = VECTOR('',#2613,1.);
#2613 = DIRECTION('',(0.,0.,1.));
#2614 = ORIENTED_EDGE('',*,*,#2615,.F.);
#2615 = EDGE_CURVE('',#2576,#2608,#2616,.T.);
#2616 = LINE('',#2617,#2618);
#2617 = CARTESIAN_POINT('',(7.691693,10.0579,1.51));
#2618 = VECTOR('',#2619,1.);
#2619 = DIRECTION('',(1.,0.,0.));
#2620 = PLANE('',#2621);
#2621 = AXIS2_PLACEMENT_3D('',#2622,#2623,#2624);
#2622 = CARTESIAN_POINT('',(7.691693,10.0579,1.51));
#2623 = DIRECTION('',(0.,1.,0.));
#2624 = DIRECTION('',(1.,0.,0.));
#2625 = ADVANCED_FACE('',(#2626),#2653,.T.);
#2626 = FACE_BOUND('',#2627,.T.);
#2627 = EDGE_LOOP('',(#2628,#2629,#2638,#2646));
#2628 = ORIENTED_EDGE('',*,*,#2607,.T.);
#2629 = ORIENTED_EDGE('',*,*,#2630,.T.);
#2630 = EDGE_CURVE('',#2600,#2631,#2633,.T.);
#2631 = VERTEX_POINT('',#2632);
#2632 = CARTESIAN_POINT('',(8.872066,9.972886,1.545));
#2633 = CIRCLE('',#2634,4.980000000027E-02);
#2634 = AXIS2_PLACEMENT_3D('',#2635,#2636,#2637);
#2635 = CARTESIAN_POINT('',(8.836852164594,10.0081,1.545));
#2636 = DIRECTION('',(0.,0.,-1.));
#2637 = DIRECTION('',(-3.305092924003E-06,0.999999999995,0.));
#2638 = ORIENTED_EDGE('',*,*,#2639,.F.);
#2639 = EDGE_CURVE('',#2640,#2631,#2642,.T.);
#2640 = VERTEX_POINT('',#2641);
#2641 = CARTESIAN_POINT('',(8.872066,9.972886,1.51));
#2642 = LINE('',#2643,#2644);
#2643 = CARTESIAN_POINT('',(8.872066,9.972886,1.51));
#2644 = VECTOR('',#2645,1.);
#2645 = DIRECTION('',(0.,0.,1.));
#2646 = ORIENTED_EDGE('',*,*,#2647,.F.);
#2647 = EDGE_CURVE('',#2608,#2640,#2648,.T.);
#2648 = CIRCLE('',#2649,4.980000000027E-02);
#2649 = AXIS2_PLACEMENT_3D('',#2650,#2651,#2652);
#2650 = CARTESIAN_POINT('',(8.836852164594,10.0081,1.51));
#2651 = DIRECTION('',(0.,0.,-1.));
#2652 = DIRECTION('',(-3.305092924003E-06,0.999999999995,0.));
#2653 = CYLINDRICAL_SURFACE('',#2654,4.980000000027E-02);
#2654 = AXIS2_PLACEMENT_3D('',#2655,#2656,#2657);
#2655 = CARTESIAN_POINT('',(8.836852164594,10.0081,1.51));
#2656 = DIRECTION('',(0.,0.,-1.));
#2657 = DIRECTION('',(-3.305092924003E-06,0.999999999995,0.));
#2658 = ADVANCED_FACE('',(#2659),#2684,.T.);
#2659 = FACE_BOUND('',#2660,.T.);
#2660 = EDGE_LOOP('',(#2661,#2662,#2670,#2678));
#2661 = ORIENTED_EDGE('',*,*,#2639,.T.);
#2662 = ORIENTED_EDGE('',*,*,#2663,.T.);
#2663 = EDGE_CURVE('',#2631,#2664,#2666,.T.);
#2664 = VERTEX_POINT('',#2665);
#2665 = CARTESIAN_POINT('',(8.765728,9.904595,1.545));
#2666 = LINE('',#2667,#2668);
#2667 = CARTESIAN_POINT('',(8.872066,9.972886,1.545));
#2668 = VECTOR('',#2669,1.);
#2669 = DIRECTION('',(-0.841427252649,-0.540370408609,0.));
#2670 = ORIENTED_EDGE('',*,*,#2671,.F.);
#2671 = EDGE_CURVE('',#2672,#2664,#2674,.T.);
#2672 = VERTEX_POINT('',#2673);
#2673 = CARTESIAN_POINT('',(8.765728,9.904595,1.51));
#2674 = LINE('',#2675,#2676);
#2675 = CARTESIAN_POINT('',(8.765728,9.904595,1.51));
#2676 = VECTOR('',#2677,1.);
#2677 = DIRECTION('',(0.,0.,1.));
#2678 = ORIENTED_EDGE('',*,*,#2679,.F.);
#2679 = EDGE_CURVE('',#2640,#2672,#2680,.T.);
#2680 = LINE('',#2681,#2682);
#2681 = CARTESIAN_POINT('',(8.872066,9.972886,1.51));
#2682 = VECTOR('',#2683,1.);
#2683 = DIRECTION('',(-0.841427252649,-0.540370408609,0.));
#2684 = PLANE('',#2685);
#2685 = AXIS2_PLACEMENT_3D('',#2686,#2687,#2688);
#2686 = CARTESIAN_POINT('',(8.872066,9.972886,1.51));
#2687 = DIRECTION('',(0.540370408609,-0.841427252649,0.));
#2688 = DIRECTION('',(-0.841427252649,-0.540370408609,0.));
#2689 = ADVANCED_FACE('',(#2690),#2717,.F.);
#2690 = FACE_BOUND('',#2691,.T.);
#2691 = EDGE_LOOP('',(#2692,#2693,#2702,#2710));
#2692 = ORIENTED_EDGE('',*,*,#2671,.T.);
#2693 = ORIENTED_EDGE('',*,*,#2694,.T.);
#2694 = EDGE_CURVE('',#2664,#2695,#2697,.T.);
#2695 = VERTEX_POINT('',#2696);
#2696 = CARTESIAN_POINT('',(8.480921,9.451327,1.545));
#2697 = CIRCLE('',#2698,0.810397438173);
#2698 = AXIS2_PLACEMENT_3D('',#2699,#2700,#2701);
#2699 = CARTESIAN_POINT('',(9.271000697969,9.270999302031,1.545));
#2700 = DIRECTION('',(0.,0.,1.));
#2701 = DIRECTION('',(-0.62348753114,0.7818332933,0.));
#2702 = ORIENTED_EDGE('',*,*,#2703,.F.);
#2703 = EDGE_CURVE('',#2704,#2695,#2706,.T.);
#2704 = VERTEX_POINT('',#2705);
#2705 = CARTESIAN_POINT('',(8.480921,9.451327,1.51));
#2706 = LINE('',#2707,#2708);
#2707 = CARTESIAN_POINT('',(8.480921,9.451327,1.51));
#2708 = VECTOR('',#2709,1.);
#2709 = DIRECTION('',(0.,0.,1.));
#2710 = ORIENTED_EDGE('',*,*,#2711,.F.);
#2711 = EDGE_CURVE('',#2672,#2704,#2712,.T.);
#2712 = CIRCLE('',#2713,0.810397438173);
#2713 = AXIS2_PLACEMENT_3D('',#2714,#2715,#2716);
#2714 = CARTESIAN_POINT('',(9.271000697969,9.270999302031,1.51));
#2715 = DIRECTION('',(0.,0.,1.));
#2716 = DIRECTION('',(-0.62348753114,0.7818332933,0.));
#2717 = CYLINDRICAL_SURFACE('',#2718,0.810397438173);
#2718 = AXIS2_PLACEMENT_3D('',#2719,#2720,#2721);
#2719 = CARTESIAN_POINT('',(9.271000697969,9.270999302031,1.51));
#2720 = DIRECTION('',(-0.,-0.,-1.));
#2721 = DIRECTION('',(-0.62348753114,0.7818332933,0.));
#2722 = ADVANCED_FACE('',(#2723),#2748,.T.);
#2723 = FACE_BOUND('',#2724,.T.);
#2724 = EDGE_LOOP('',(#2725,#2726,#2734,#2742));
#2725 = ORIENTED_EDGE('',*,*,#2703,.T.);
#2726 = ORIENTED_EDGE('',*,*,#2727,.T.);
#2727 = EDGE_CURVE('',#2695,#2728,#2730,.T.);
#2728 = VERTEX_POINT('',#2729);
#2729 = CARTESIAN_POINT('',(8.4657,9.316225,1.545));
#2730 = LINE('',#2731,#2732);
#2731 = CARTESIAN_POINT('',(8.480921,9.451327,1.545));
#2732 = VECTOR('',#2733,1.);
#2733 = DIRECTION('',(-0.111954747016,-0.99371330605,0.));
#2734 = ORIENTED_EDGE('',*,*,#2735,.F.);
#2735 = EDGE_CURVE('',#2736,#2728,#2738,.T.);
#2736 = VERTEX_POINT('',#2737);
#2737 = CARTESIAN_POINT('',(8.4657,9.316225,1.51));
#2738 = LINE('',#2739,#2740);
#2739 = CARTESIAN_POINT('',(8.4657,9.316225,1.51));
#2740 = VECTOR('',#2741,1.);
#2741 = DIRECTION('',(0.,0.,1.));
#2742 = ORIENTED_EDGE('',*,*,#2743,.F.);
#2743 = EDGE_CURVE('',#2704,#2736,#2744,.T.);
#2744 = LINE('',#2745,#2746);
#2745 = CARTESIAN_POINT('',(8.480921,9.451327,1.51));
#2746 = VECTOR('',#2747,1.);
#2747 = DIRECTION('',(-0.111954747016,-0.99371330605,0.));
#2748 = PLANE('',#2749);
#2749 = AXIS2_PLACEMENT_3D('',#2750,#2751,#2752);
#2750 = CARTESIAN_POINT('',(8.480921,9.451327,1.51));
#2751 = DIRECTION('',(0.99371330605,-0.111954747016,0.));
#2752 = DIRECTION('',(-0.111954747016,-0.99371330605,0.));
#2753 = ADVANCED_FACE('',(#2754),#2779,.T.);
#2754 = FACE_BOUND('',#2755,.T.);
#2755 = EDGE_LOOP('',(#2756,#2757,#2765,#2773));
#2756 = ORIENTED_EDGE('',*,*,#2735,.T.);
#2757 = ORIENTED_EDGE('',*,*,#2758,.T.);
#2758 = EDGE_CURVE('',#2728,#2759,#2761,.T.);
#2759 = VERTEX_POINT('',#2760);
#2760 = CARTESIAN_POINT('',(8.4657,9.225776,1.545));
#2761 = LINE('',#2762,#2763);
#2762 = CARTESIAN_POINT('',(8.4657,9.316225,1.545));
#2763 = VECTOR('',#2764,1.);
#2764 = DIRECTION('',(0.,-1.,0.));
#2765 = ORIENTED_EDGE('',*,*,#2766,.F.);
#2766 = EDGE_CURVE('',#2767,#2759,#2769,.T.);
#2767 = VERTEX_POINT('',#2768);
#2768 = CARTESIAN_POINT('',(8.4657,9.225776,1.51));
#2769 = LINE('',#2770,#2771);
#2770 = CARTESIAN_POINT('',(8.4657,9.225776,1.51));
#2771 = VECTOR('',#2772,1.);
#2772 = DIRECTION('',(0.,0.,1.));
#2773 = ORIENTED_EDGE('',*,*,#2774,.F.);
#2774 = EDGE_CURVE('',#2736,#2767,#2775,.T.);
#2775 = LINE('',#2776,#2777);
#2776 = CARTESIAN_POINT('',(8.4657,9.316225,1.51));
#2777 = VECTOR('',#2778,1.);
#2778 = DIRECTION('',(0.,-1.,0.));
#2779 = PLANE('',#2780);
#2780 = AXIS2_PLACEMENT_3D('',#2781,#2782,#2783);
#2781 = CARTESIAN_POINT('',(8.4657,9.316225,1.51));
#2782 = DIRECTION('',(1.,0.,-0.));
#2783 = DIRECTION('',(0.,-1.,0.));
#2784 = ADVANCED_FACE('',(#2785),#2810,.T.);
#2785 = FACE_BOUND('',#2786,.T.);
#2786 = EDGE_LOOP('',(#2787,#2788,#2796,#2804));
#2787 = ORIENTED_EDGE('',*,*,#2766,.T.);
#2788 = ORIENTED_EDGE('',*,*,#2789,.T.);
#2789 = EDGE_CURVE('',#2759,#2790,#2792,.T.);
#2790 = VERTEX_POINT('',#2791);
#2791 = CARTESIAN_POINT('',(8.480923,9.090666,1.545));
#2792 = LINE('',#2793,#2794);
#2793 = CARTESIAN_POINT('',(8.4657,9.225776,1.545));
#2794 = VECTOR('',#2795,1.);
#2795 = DIRECTION('',(0.111962726461,-0.993712407029,0.));
#2796 = ORIENTED_EDGE('',*,*,#2797,.F.);
#2797 = EDGE_CURVE('',#2798,#2790,#2800,.T.);
#2798 = VERTEX_POINT('',#2799);
#2799 = CARTESIAN_POINT('',(8.480923,9.090666,1.51));
#2800 = LINE('',#2801,#2802);
#2801 = CARTESIAN_POINT('',(8.480923,9.090666,1.51));
#2802 = VECTOR('',#2803,1.);
#2803 = DIRECTION('',(0.,0.,1.));
#2804 = ORIENTED_EDGE('',*,*,#2805,.F.);
#2805 = EDGE_CURVE('',#2767,#2798,#2806,.T.);
#2806 = LINE('',#2807,#2808);
#2807 = CARTESIAN_POINT('',(8.4657,9.225776,1.51));
#2808 = VECTOR('',#2809,1.);
#2809 = DIRECTION('',(0.111962726461,-0.993712407029,0.));
#2810 = PLANE('',#2811);
#2811 = AXIS2_PLACEMENT_3D('',#2812,#2813,#2814);
#2812 = CARTESIAN_POINT('',(8.4657,9.225776,1.51));
#2813 = DIRECTION('',(0.993712407029,0.111962726461,-0.));
#2814 = DIRECTION('',(0.111962726461,-0.993712407029,0.));
#2815 = ADVANCED_FACE('',(#2816),#2843,.F.);
#2816 = FACE_BOUND('',#2817,.T.);
#2817 = EDGE_LOOP('',(#2818,#2819,#2828,#2836));
#2818 = ORIENTED_EDGE('',*,*,#2797,.T.);
#2819 = ORIENTED_EDGE('',*,*,#2820,.T.);
#2820 = EDGE_CURVE('',#2790,#2821,#2823,.T.);
#2821 = VERTEX_POINT('',#2822);
#2822 = CARTESIAN_POINT('',(9.09067,8.480922,1.545));
#2823 = CIRCLE('',#2824,0.810396846296);
#2824 = AXIS2_PLACEMENT_3D('',#2825,#2826,#2827);
#2825 = CARTESIAN_POINT('',(9.271000552171,9.271000439423,1.545));
#2826 = DIRECTION('',(0.,0.,1.));
#2827 = DIRECTION('',(-0.974926735935,-0.222526087369,0.));
#2828 = ORIENTED_EDGE('',*,*,#2829,.F.);
#2829 = EDGE_CURVE('',#2830,#2821,#2832,.T.);
#2830 = VERTEX_POINT('',#2831);
#2831 = CARTESIAN_POINT('',(9.09067,8.480922,1.51));
#2832 = LINE('',#2833,#2834);
#2833 = CARTESIAN_POINT('',(9.09067,8.480922,1.51));
#2834 = VECTOR('',#2835,1.);
#2835 = DIRECTION('',(0.,0.,1.));
#2836 = ORIENTED_EDGE('',*,*,#2837,.F.);
#2837 = EDGE_CURVE('',#2798,#2830,#2838,.T.);
#2838 = CIRCLE('',#2839,0.810396846296);
#2839 = AXIS2_PLACEMENT_3D('',#2840,#2841,#2842);
#2840 = CARTESIAN_POINT('',(9.271000552171,9.271000439423,1.51));
#2841 = DIRECTION('',(0.,0.,1.));
#2842 = DIRECTION('',(-0.974926735935,-0.222526087369,0.));
#2843 = CYLINDRICAL_SURFACE('',#2844,0.810396846296);
#2844 = AXIS2_PLACEMENT_3D('',#2845,#2846,#2847);
#2845 = CARTESIAN_POINT('',(9.271000552171,9.271000439423,1.51));
#2846 = DIRECTION('',(-0.,-0.,-1.));
#2847 = DIRECTION('',(-0.974926735935,-0.222526087369,0.));
#2848 = ADVANCED_FACE('',(#2849),#2874,.T.);
#2849 = FACE_BOUND('',#2850,.T.);
#2850 = EDGE_LOOP('',(#2851,#2852,#2860,#2868));
#2851 = ORIENTED_EDGE('',*,*,#2829,.T.);
#2852 = ORIENTED_EDGE('',*,*,#2853,.T.);
#2853 = EDGE_CURVE('',#2821,#2854,#2856,.T.);
#2854 = VERTEX_POINT('',#2855);
#2855 = CARTESIAN_POINT('',(9.225771,8.4657,1.545));
#2856 = LINE('',#2857,#2858);
#2857 = CARTESIAN_POINT('',(9.09067,8.480922,1.545));
#2858 = VECTOR('',#2859,1.);
#2859 = DIRECTION('',(0.993712395539,-0.111962828439,0.));
#2860 = ORIENTED_EDGE('',*,*,#2861,.F.);
#2861 = EDGE_CURVE('',#2862,#2854,#2864,.T.);
#2862 = VERTEX_POINT('',#2863);
#2863 = CARTESIAN_POINT('',(9.225771,8.4657,1.51));
#2864 = LINE('',#2865,#2866);
#2865 = CARTESIAN_POINT('',(9.225771,8.4657,1.51));
#2866 = VECTOR('',#2867,1.);
#2867 = DIRECTION('',(0.,0.,1.));
#2868 = ORIENTED_EDGE('',*,*,#2869,.F.);
#2869 = EDGE_CURVE('',#2830,#2862,#2870,.T.);
#2870 = LINE('',#2871,#2872);
#2871 = CARTESIAN_POINT('',(9.09067,8.480922,1.51));
#2872 = VECTOR('',#2873,1.);
#2873 = DIRECTION('',(0.993712395539,-0.111962828439,0.));
#2874 = PLANE('',#2875);
#2875 = AXIS2_PLACEMENT_3D('',#2876,#2877,#2878);
#2876 = CARTESIAN_POINT('',(9.09067,8.480922,1.51));
#2877 = DIRECTION('',(0.111962828439,0.993712395539,-0.));
#2878 = DIRECTION('',(0.993712395539,-0.111962828439,0.));
#2879 = ADVANCED_FACE('',(#2880),#2905,.T.);
#2880 = FACE_BOUND('',#2881,.T.);
#2881 = EDGE_LOOP('',(#2882,#2883,#2891,#2899));
#2882 = ORIENTED_EDGE('',*,*,#2861,.T.);
#2883 = ORIENTED_EDGE('',*,*,#2884,.T.);
#2884 = EDGE_CURVE('',#2854,#2885,#2887,.T.);
#2885 = VERTEX_POINT('',#2886);
#2886 = CARTESIAN_POINT('',(9.316228,8.465701,1.545));
#2887 = LINE('',#2888,#2889);
#2888 = CARTESIAN_POINT('',(9.225771,8.4657,1.545));
#2889 = VECTOR('',#2890,1.);
#2890 = DIRECTION('',(0.999999999939,1.105497638868E-05,0.));
#2891 = ORIENTED_EDGE('',*,*,#2892,.F.);
#2892 = EDGE_CURVE('',#2893,#2885,#2895,.T.);
#2893 = VERTEX_POINT('',#2894);
#2894 = CARTESIAN_POINT('',(9.316228,8.465701,1.51));
#2895 = LINE('',#2896,#2897);
#2896 = CARTESIAN_POINT('',(9.316228,8.465701,1.51));
#2897 = VECTOR('',#2898,1.);
#2898 = DIRECTION('',(0.,0.,1.));
#2899 = ORIENTED_EDGE('',*,*,#2900,.F.);
#2900 = EDGE_CURVE('',#2862,#2893,#2901,.T.);
#2901 = LINE('',#2902,#2903);
#2902 = CARTESIAN_POINT('',(9.225771,8.4657,1.51));
#2903 = VECTOR('',#2904,1.);
#2904 = DIRECTION('',(0.999999999939,1.105497638868E-05,0.));
#2905 = PLANE('',#2906);
#2906 = AXIS2_PLACEMENT_3D('',#2907,#2908,#2909);
#2907 = CARTESIAN_POINT('',(9.225771,8.4657,1.51));
#2908 = DIRECTION('',(-1.105497638868E-05,0.999999999939,0.));
#2909 = DIRECTION('',(0.999999999939,1.105497638868E-05,0.));
#2910 = ADVANCED_FACE('',(#2911),#2936,.T.);
#2911 = FACE_BOUND('',#2912,.T.);
#2912 = EDGE_LOOP('',(#2913,#2914,#2922,#2930));
#2913 = ORIENTED_EDGE('',*,*,#2892,.T.);
#2914 = ORIENTED_EDGE('',*,*,#2915,.T.);
#2915 = EDGE_CURVE('',#2885,#2916,#2918,.T.);
#2916 = VERTEX_POINT('',#2917);
#2917 = CARTESIAN_POINT('',(9.45133,8.480922,1.545));
#2918 = LINE('',#2919,#2920);
#2919 = CARTESIAN_POINT('',(9.316228,8.465701,1.545));
#2920 = VECTOR('',#2921,1.);
#2921 = DIRECTION('',(0.99371330605,0.111954747016,0.));
#2922 = ORIENTED_EDGE('',*,*,#2923,.F.);
#2923 = EDGE_CURVE('',#2924,#2916,#2926,.T.);
#2924 = VERTEX_POINT('',#2925);
#2925 = CARTESIAN_POINT('',(9.45133,8.480922,1.51));
#2926 = LINE('',#2927,#2928);
#2927 = CARTESIAN_POINT('',(9.45133,8.480922,1.51));
#2928 = VECTOR('',#2929,1.);
#2929 = DIRECTION('',(0.,0.,1.));
#2930 = ORIENTED_EDGE('',*,*,#2931,.F.);
#2931 = EDGE_CURVE('',#2893,#2924,#2932,.T.);
#2932 = LINE('',#2933,#2934);
#2933 = CARTESIAN_POINT('',(9.316228,8.465701,1.51));
#2934 = VECTOR('',#2935,1.);
#2935 = DIRECTION('',(0.99371330605,0.111954747016,0.));
#2936 = PLANE('',#2937);
#2937 = AXIS2_PLACEMENT_3D('',#2938,#2939,#2940);
#2938 = CARTESIAN_POINT('',(9.316228,8.465701,1.51));
#2939 = DIRECTION('',(-0.111954747016,0.99371330605,0.));
#2940 = DIRECTION('',(0.99371330605,0.111954747016,0.));
#2941 = ADVANCED_FACE('',(#2942),#2969,.F.);
#2942 = FACE_BOUND('',#2943,.T.);
#2943 = EDGE_LOOP('',(#2944,#2945,#2954,#2962));
#2944 = ORIENTED_EDGE('',*,*,#2923,.T.);
#2945 = ORIENTED_EDGE('',*,*,#2946,.T.);
#2946 = EDGE_CURVE('',#2916,#2947,#2949,.T.);
#2947 = VERTEX_POINT('',#2948);
#2948 = CARTESIAN_POINT('',(9.904593,8.765726,1.545));
#2949 = CIRCLE('',#2950,0.810390540058);
#2950 = AXIS2_PLACEMENT_3D('',#2951,#2952,#2953);
#2951 = CARTESIAN_POINT('',(9.271003002423,9.270994782318,1.545));
#2952 = DIRECTION('',(0.,0.,1.));
#2953 = DIRECTION('',(0.222518635971,-0.974928436679,0.));
#2954 = ORIENTED_EDGE('',*,*,#2955,.F.);
#2955 = EDGE_CURVE('',#2956,#2947,#2958,.T.);
#2956 = VERTEX_POINT('',#2957);
#2957 = CARTESIAN_POINT('',(9.904593,8.765726,1.51));
#2958 = LINE('',#2959,#2960);
#2959 = CARTESIAN_POINT('',(9.904593,8.765726,1.51));
#2960 = VECTOR('',#2961,1.);
#2961 = DIRECTION('',(0.,0.,1.));
#2962 = ORIENTED_EDGE('',*,*,#2963,.F.);
#2963 = EDGE_CURVE('',#2924,#2956,#2964,.T.);
#2964 = CIRCLE('',#2965,0.810390540058);
#2965 = AXIS2_PLACEMENT_3D('',#2966,#2967,#2968);
#2966 = CARTESIAN_POINT('',(9.271003002423,9.270994782318,1.51));
#2967 = DIRECTION('',(0.,0.,1.));
#2968 = DIRECTION('',(0.222518635971,-0.974928436679,0.));
#2969 = CYLINDRICAL_SURFACE('',#2970,0.810390540058);
#2970 = AXIS2_PLACEMENT_3D('',#2971,#2972,#2973);
#2971 = CARTESIAN_POINT('',(9.271003002423,9.270994782318,1.51));
#2972 = DIRECTION('',(-0.,-0.,-1.));
#2973 = DIRECTION('',(0.222518635971,-0.974928436679,0.));
#2974 = ADVANCED_FACE('',(#2975),#3000,.T.);
#2975 = FACE_BOUND('',#2976,.T.);
#2976 = EDGE_LOOP('',(#2977,#2978,#2986,#2994));
#2977 = ORIENTED_EDGE('',*,*,#2955,.T.);
#2978 = ORIENTED_EDGE('',*,*,#2979,.T.);
#2979 = EDGE_CURVE('',#2947,#2980,#2982,.T.);
#2980 = VERTEX_POINT('',#2981);
#2981 = CARTESIAN_POINT('',(9.965933,8.863349,1.545));
#2982 = LINE('',#2983,#2984);
#2983 = CARTESIAN_POINT('',(9.904593,8.765726,1.545));
#2984 = VECTOR('',#2985,1.);
#2985 = DIRECTION('',(0.532028367604,0.84672652968,0.));
#2986 = ORIENTED_EDGE('',*,*,#2987,.F.);
#2987 = EDGE_CURVE('',#2988,#2980,#2990,.T.);
#2988 = VERTEX_POINT('',#2989);
#2989 = CARTESIAN_POINT('',(9.965933,8.863349,1.51));
#2990 = LINE('',#2991,#2992);
#2991 = CARTESIAN_POINT('',(9.965933,8.863349,1.51));
#2992 = VECTOR('',#2993,1.);
#2993 = DIRECTION('',(0.,0.,1.));
#2994 = ORIENTED_EDGE('',*,*,#2995,.F.);
#2995 = EDGE_CURVE('',#2956,#2988,#2996,.T.);
#2996 = LINE('',#2997,#2998);
#2997 = CARTESIAN_POINT('',(9.904593,8.765726,1.51));
#2998 = VECTOR('',#2999,1.);
#2999 = DIRECTION('',(0.532028367604,0.84672652968,0.));
#3000 = PLANE('',#3001);
#3001 = AXIS2_PLACEMENT_3D('',#3002,#3003,#3004);
#3002 = CARTESIAN_POINT('',(9.904593,8.765726,1.51));
#3003 = DIRECTION('',(-0.84672652968,0.532028367604,0.));
#3004 = DIRECTION('',(0.532028367604,0.84672652968,0.));
#3005 = ADVANCED_FACE('',(#3006),#3033,.T.);
#3006 = FACE_BOUND('',#3007,.T.);
#3007 = EDGE_LOOP('',(#3008,#3009,#3018,#3026));
#3008 = ORIENTED_EDGE('',*,*,#2987,.T.);
#3009 = ORIENTED_EDGE('',*,*,#3010,.T.);
#3010 = EDGE_CURVE('',#2980,#3011,#3013,.T.);
#3011 = VERTEX_POINT('',#3012);
#3012 = CARTESIAN_POINT('',(10.056651,8.847935,1.545));
#3013 = CIRCLE('',#3014,4.980054125335E-02);
#3014 = AXIS2_PLACEMENT_3D('',#3015,#3016,#3017);
#3015 = CARTESIAN_POINT('',(10.008099368599,8.836851995107,1.545));
#3016 = DIRECTION('',(0.,0.,-1.));
#3017 = DIRECTION('',(-0.846705026452,0.532062588594,0.));
#3018 = ORIENTED_EDGE('',*,*,#3019,.F.);
#3019 = EDGE_CURVE('',#3020,#3011,#3022,.T.);
#3020 = VERTEX_POINT('',#3021);
#3021 = CARTESIAN_POINT('',(10.056651,8.847935,1.51));
#3022 = LINE('',#3023,#3024);
#3023 = CARTESIAN_POINT('',(10.056651,8.847935,1.51));
#3024 = VECTOR('',#3025,1.);
#3025 = DIRECTION('',(0.,0.,1.));
#3026 = ORIENTED_EDGE('',*,*,#3027,.F.);
#3027 = EDGE_CURVE('',#2988,#3020,#3028,.T.);
#3028 = CIRCLE('',#3029,4.980054125335E-02);
#3029 = AXIS2_PLACEMENT_3D('',#3030,#3031,#3032);
#3030 = CARTESIAN_POINT('',(10.008099368599,8.836851995107,1.51));
#3031 = DIRECTION('',(0.,0.,-1.));
#3032 = DIRECTION('',(-0.846705026452,0.532062588594,0.));
#3033 = CYLINDRICAL_SURFACE('',#3034,4.980054125335E-02);
#3034 = AXIS2_PLACEMENT_3D('',#3035,#3036,#3037);
#3035 = CARTESIAN_POINT('',(10.008099368599,8.836851995107,1.51));
#3036 = DIRECTION('',(0.,0.,-1.));
#3037 = DIRECTION('',(-0.846705026452,0.532062588594,0.));
#3038 = ADVANCED_FACE('',(#3039),#3064,.T.);
#3039 = FACE_BOUND('',#3040,.T.);
#3040 = EDGE_LOOP('',(#3041,#3042,#3050,#3058));
#3041 = ORIENTED_EDGE('',*,*,#3019,.T.);
#3042 = ORIENTED_EDGE('',*,*,#3043,.T.);
#3043 = EDGE_CURVE('',#3011,#3044,#3046,.T.);
#3044 = VERTEX_POINT('',#3045);
#3045 = CARTESIAN_POINT('',(10.0579,0.1519,1.545));
#3046 = LINE('',#3047,#3048);
#3047 = CARTESIAN_POINT('',(10.056651,8.847935,1.545));
#3048 = VECTOR('',#3049,1.);
#3049 = DIRECTION('',(1.43628675266E-04,-0.999999989685,0.));
#3050 = ORIENTED_EDGE('',*,*,#3051,.F.);
#3051 = EDGE_CURVE('',#3052,#3044,#3054,.T.);
#3052 = VERTEX_POINT('',#3053);
#3053 = CARTESIAN_POINT('',(10.0579,0.1519,1.51));
#3054 = LINE('',#3055,#3056);
#3055 = CARTESIAN_POINT('',(10.0579,0.1519,1.51));
#3056 = VECTOR('',#3057,1.);
#3057 = DIRECTION('',(0.,0.,1.));
#3058 = ORIENTED_EDGE('',*,*,#3059,.F.);
#3059 = EDGE_CURVE('',#3020,#3052,#3060,.T.);
#3060 = LINE('',#3061,#3062);
#3061 = CARTESIAN_POINT('',(10.056651,8.847935,1.51));
#3062 = VECTOR('',#3063,1.);
#3063 = DIRECTION('',(1.43628675266E-04,-0.999999989685,0.));
#3064 = PLANE('',#3065);
#3065 = AXIS2_PLACEMENT_3D('',#3066,#3067,#3068);
#3066 = CARTESIAN_POINT('',(10.056651,8.847935,1.51));
#3067 = DIRECTION('',(0.999999989685,1.43628675266E-04,-0.));
#3068 = DIRECTION('',(1.43628675266E-04,-0.999999989685,0.));
#3069 = ADVANCED_FACE('',(#3070),#3095,.T.);
#3070 = FACE_BOUND('',#3071,.T.);
#3071 = EDGE_LOOP('',(#3072,#3073,#3081,#3089));
#3072 = ORIENTED_EDGE('',*,*,#3051,.T.);
#3073 = ORIENTED_EDGE('',*,*,#3074,.T.);
#3074 = EDGE_CURVE('',#3044,#3075,#3077,.T.);
#3075 = VERTEX_POINT('',#3076);
#3076 = CARTESIAN_POINT('',(10.043314,0.116686,1.545));
#3077 = LINE('',#3078,#3079);
#3078 = CARTESIAN_POINT('',(10.0579,0.1519,1.545));
#3079 = VECTOR('',#3080,1.);
#3080 = DIRECTION('',(-0.382680826032,-0.923880612086,0.));
#3081 = ORIENTED_EDGE('',*,*,#3082,.F.);
#3082 = EDGE_CURVE('',#3083,#3075,#3085,.T.);
#3083 = VERTEX_POINT('',#3084);
#3084 = CARTESIAN_POINT('',(10.043314,0.116686,1.51));
#3085 = LINE('',#3086,#3087);
#3086 = CARTESIAN_POINT('',(10.043314,0.116686,1.51));
#3087 = VECTOR('',#3088,1.);
#3088 = DIRECTION('',(0.,0.,1.));
#3089 = ORIENTED_EDGE('',*,*,#3090,.F.);
#3090 = EDGE_CURVE('',#3052,#3083,#3091,.T.);
#3091 = LINE('',#3092,#3093);
#3092 = CARTESIAN_POINT('',(10.0579,0.1519,1.51));
#3093 = VECTOR('',#3094,1.);
#3094 = DIRECTION('',(-0.382680826032,-0.923880612086,0.));
#3095 = PLANE('',#3096);
#3096 = AXIS2_PLACEMENT_3D('',#3097,#3098,#3099);
#3097 = CARTESIAN_POINT('',(10.0579,0.1519,1.51));
#3098 = DIRECTION('',(0.923880612086,-0.382680826032,0.));
#3099 = DIRECTION('',(-0.382680826032,-0.923880612086,0.));
#3100 = ADVANCED_FACE('',(#3101),#3126,.T.);
#3101 = FACE_BOUND('',#3102,.T.);
#3102 = EDGE_LOOP('',(#3103,#3104,#3112,#3120));
#3103 = ORIENTED_EDGE('',*,*,#3082,.T.);
#3104 = ORIENTED_EDGE('',*,*,#3105,.T.);
#3105 = EDGE_CURVE('',#3075,#3106,#3108,.T.);
#3106 = VERTEX_POINT('',#3107);
#3107 = CARTESIAN_POINT('',(10.0081,0.1021,1.545));
#3108 = LINE('',#3109,#3110);
#3109 = CARTESIAN_POINT('',(10.043314,0.116686,1.545));
#3110 = VECTOR('',#3111,1.);
#3111 = DIRECTION('',(-0.923880612086,-0.382680826032,0.));
#3112 = ORIENTED_EDGE('',*,*,#3113,.F.);
#3113 = EDGE_CURVE('',#3114,#3106,#3116,.T.);
#3114 = VERTEX_POINT('',#3115);
#3115 = CARTESIAN_POINT('',(10.0081,0.1021,1.51));
#3116 = LINE('',#3117,#3118);
#3117 = CARTESIAN_POINT('',(10.0081,0.1021,1.51));
#3118 = VECTOR('',#3119,1.);
#3119 = DIRECTION('',(0.,0.,1.));
#3120 = ORIENTED_EDGE('',*,*,#3121,.F.);
#3121 = EDGE_CURVE('',#3083,#3114,#3122,.T.);
#3122 = LINE('',#3123,#3124);
#3123 = CARTESIAN_POINT('',(10.043314,0.116686,1.51));
#3124 = VECTOR('',#3125,1.);
#3125 = DIRECTION('',(-0.923880612086,-0.382680826032,0.));
#3126 = PLANE('',#3127);
#3127 = AXIS2_PLACEMENT_3D('',#3128,#3129,#3130);
#3128 = CARTESIAN_POINT('',(10.043314,0.116686,1.51));
#3129 = DIRECTION('',(0.382680826032,-0.923880612086,0.));
#3130 = DIRECTION('',(-0.923880612086,-0.382680826032,0.));
#3131 = ADVANCED_FACE('',(#3132),#3157,.T.);
#3132 = FACE_BOUND('',#3133,.T.);
#3133 = EDGE_LOOP('',(#3134,#3135,#3143,#3151));
#3134 = ORIENTED_EDGE('',*,*,#3113,.T.);
#3135 = ORIENTED_EDGE('',*,*,#3136,.T.);
#3136 = EDGE_CURVE('',#3106,#3137,#3139,.T.);
#3137 = VERTEX_POINT('',#3138);
#3138 = CARTESIAN_POINT('',(0.1519,0.1021,1.545));
#3139 = LINE('',#3140,#3141);
#3140 = CARTESIAN_POINT('',(10.0081,0.1021,1.545));
#3141 = VECTOR('',#3142,1.);
#3142 = DIRECTION('',(-1.,0.,0.));
#3143 = ORIENTED_EDGE('',*,*,#3144,.F.);
#3144 = EDGE_CURVE('',#3145,#3137,#3147,.T.);
#3145 = VERTEX_POINT('',#3146);
#3146 = CARTESIAN_POINT('',(0.1519,0.1021,1.51));
#3147 = LINE('',#3148,#3149);
#3148 = CARTESIAN_POINT('',(0.1519,0.1021,1.51));
#3149 = VECTOR('',#3150,1.);
#3150 = DIRECTION('',(0.,0.,1.));
#3151 = ORIENTED_EDGE('',*,*,#3152,.F.);
#3152 = EDGE_CURVE('',#3114,#3145,#3153,.T.);
#3153 = LINE('',#3154,#3155);
#3154 = CARTESIAN_POINT('',(10.0081,0.1021,1.51));
#3155 = VECTOR('',#3156,1.);
#3156 = DIRECTION('',(-1.,0.,0.));
#3157 = PLANE('',#3158);
#3158 = AXIS2_PLACEMENT_3D('',#3159,#3160,#3161);
#3159 = CARTESIAN_POINT('',(10.0081,0.1021,1.51));
#3160 = DIRECTION('',(0.,-1.,0.));
#3161 = DIRECTION('',(-1.,0.,0.));
#3162 = ADVANCED_FACE('',(#3163),#3188,.T.);
#3163 = FACE_BOUND('',#3164,.T.);
#3164 = EDGE_LOOP('',(#3165,#3166,#3174,#3182));
#3165 = ORIENTED_EDGE('',*,*,#3144,.T.);
#3166 = ORIENTED_EDGE('',*,*,#3167,.T.);
#3167 = EDGE_CURVE('',#3137,#3168,#3170,.T.);
#3168 = VERTEX_POINT('',#3169);
#3169 = CARTESIAN_POINT('',(0.116686,0.116686,1.545));
#3170 = LINE('',#3171,#3172);
#3171 = CARTESIAN_POINT('',(0.1519,0.1021,1.545));
#3172 = VECTOR('',#3173,1.);
#3173 = DIRECTION('',(-0.923880612086,0.382680826032,0.));
#3174 = ORIENTED_EDGE('',*,*,#3175,.F.);
#3175 = EDGE_CURVE('',#3176,#3168,#3178,.T.);
#3176 = VERTEX_POINT('',#3177);
#3177 = CARTESIAN_POINT('',(0.116686,0.116686,1.51));
#3178 = LINE('',#3179,#3180);
#3179 = CARTESIAN_POINT('',(0.116686,0.116686,1.51));
#3180 = VECTOR('',#3181,1.);
#3181 = DIRECTION('',(0.,0.,1.));
#3182 = ORIENTED_EDGE('',*,*,#3183,.F.);
#3183 = EDGE_CURVE('',#3145,#3176,#3184,.T.);
#3184 = LINE('',#3185,#3186);
#3185 = CARTESIAN_POINT('',(0.1519,0.1021,1.51));
#3186 = VECTOR('',#3187,1.);
#3187 = DIRECTION('',(-0.923880612086,0.382680826032,0.));
#3188 = PLANE('',#3189);
#3189 = AXIS2_PLACEMENT_3D('',#3190,#3191,#3192);
#3190 = CARTESIAN_POINT('',(0.1519,0.1021,1.51));
#3191 = DIRECTION('',(-0.382680826032,-0.923880612086,0.));
#3192 = DIRECTION('',(-0.923880612086,0.382680826032,0.));
#3193 = ADVANCED_FACE('',(#3194),#3219,.T.);
#3194 = FACE_BOUND('',#3195,.T.);
#3195 = EDGE_LOOP('',(#3196,#3197,#3205,#3213));
#3196 = ORIENTED_EDGE('',*,*,#3175,.T.);
#3197 = ORIENTED_EDGE('',*,*,#3198,.T.);
#3198 = EDGE_CURVE('',#3168,#3199,#3201,.T.);
#3199 = VERTEX_POINT('',#3200);
#3200 = CARTESIAN_POINT('',(0.1021,0.1519,1.545));
#3201 = LINE('',#3202,#3203);
#3202 = CARTESIAN_POINT('',(0.116686,0.116686,1.545));
#3203 = VECTOR('',#3204,1.);
#3204 = DIRECTION('',(-0.382680826032,0.923880612086,0.));
#3205 = ORIENTED_EDGE('',*,*,#3206,.F.);
#3206 = EDGE_CURVE('',#3207,#3199,#3209,.T.);
#3207 = VERTEX_POINT('',#3208);
#3208 = CARTESIAN_POINT('',(0.1021,0.1519,1.51));
#3209 = LINE('',#3210,#3211);
#3210 = CARTESIAN_POINT('',(0.1021,0.1519,1.51));
#3211 = VECTOR('',#3212,1.);
#3212 = DIRECTION('',(0.,0.,1.));
#3213 = ORIENTED_EDGE('',*,*,#3214,.F.);
#3214 = EDGE_CURVE('',#3176,#3207,#3215,.T.);
#3215 = LINE('',#3216,#3217);
#3216 = CARTESIAN_POINT('',(0.116686,0.116686,1.51));
#3217 = VECTOR('',#3218,1.);
#3218 = DIRECTION('',(-0.382680826032,0.923880612086,0.));
#3219 = PLANE('',#3220);
#3220 = AXIS2_PLACEMENT_3D('',#3221,#3222,#3223);
#3221 = CARTESIAN_POINT('',(0.116686,0.116686,1.51));
#3222 = DIRECTION('',(-0.923880612086,-0.382680826032,0.));
#3223 = DIRECTION('',(-0.382680826032,0.923880612086,0.));
#3224 = ADVANCED_FACE('',(#3225),#3250,.T.);
#3225 = FACE_BOUND('',#3226,.T.);
#3226 = EDGE_LOOP('',(#3227,#3228,#3236,#3244));
#3227 = ORIENTED_EDGE('',*,*,#3206,.T.);
#3228 = ORIENTED_EDGE('',*,*,#3229,.T.);
#3229 = EDGE_CURVE('',#3199,#3230,#3232,.T.);
#3230 = VERTEX_POINT('',#3231);
#3231 = CARTESIAN_POINT('',(0.1021,1.996895,1.545));
#3232 = LINE('',#3233,#3234);
#3233 = CARTESIAN_POINT('',(0.1021,0.1519,1.545));
#3234 = VECTOR('',#3235,1.);
#3235 = DIRECTION('',(0.,1.,0.));
#3236 = ORIENTED_EDGE('',*,*,#3237,.F.);
#3237 = EDGE_CURVE('',#3238,#3230,#3240,.T.);
#3238 = VERTEX_POINT('',#3239);
#3239 = CARTESIAN_POINT('',(0.1021,1.996895,1.51));
#3240 = LINE('',#3241,#3242);
#3241 = CARTESIAN_POINT('',(0.1021,1.996895,1.51));
#3242 = VECTOR('',#3243,1.);
#3243 = DIRECTION('',(0.,0.,1.));
#3244 = ORIENTED_EDGE('',*,*,#3245,.F.);
#3245 = EDGE_CURVE('',#3207,#3238,#3246,.T.);
#3246 = LINE('',#3247,#3248);
#3247 = CARTESIAN_POINT('',(0.1021,0.1519,1.51));
#3248 = VECTOR('',#3249,1.);
#3249 = DIRECTION('',(0.,1.,0.));
#3250 = PLANE('',#3251);
#3251 = AXIS2_PLACEMENT_3D('',#3252,#3253,#3254);
#3252 = CARTESIAN_POINT('',(0.1021,0.1519,1.51));
#3253 = DIRECTION('',(-1.,0.,0.));
#3254 = DIRECTION('',(0.,1.,0.));
#3255 = ADVANCED_FACE('',(#3256),#3283,.T.);
#3256 = FACE_BOUND('',#3257,.T.);
#3257 = EDGE_LOOP('',(#3258,#3259,#3268,#3276));
#3258 = ORIENTED_EDGE('',*,*,#3237,.T.);
#3259 = ORIENTED_EDGE('',*,*,#3260,.T.);
#3260 = EDGE_CURVE('',#3230,#3261,#3263,.T.);
#3261 = VERTEX_POINT('',#3262);
#3262 = CARTESIAN_POINT('',(0.187114,2.032109,1.545));
#3263 = CIRCLE('',#3264,4.980000000027E-02);
#3264 = AXIS2_PLACEMENT_3D('',#3265,#3266,#3267);
#3265 = CARTESIAN_POINT('',(0.1519,1.996895164594,1.545));
#3266 = DIRECTION('',(0.,0.,-1.));
#3267 = DIRECTION('',(-0.999999999995,-3.305092924003E-06,-0.));
#3268 = ORIENTED_EDGE('',*,*,#3269,.F.);
#3269 = EDGE_CURVE('',#3270,#3261,#3272,.T.);
#3270 = VERTEX_POINT('',#3271);
#3271 = CARTESIAN_POINT('',(0.187114,2.032109,1.51));
#3272 = LINE('',#3273,#3274);
#3273 = CARTESIAN_POINT('',(0.187114,2.032109,1.51));
#3274 = VECTOR('',#3275,1.);
#3275 = DIRECTION('',(0.,0.,1.));
#3276 = ORIENTED_EDGE('',*,*,#3277,.F.);
#3277 = EDGE_CURVE('',#3238,#3270,#3278,.T.);
#3278 = CIRCLE('',#3279,4.980000000027E-02);
#3279 = AXIS2_PLACEMENT_3D('',#3280,#3281,#3282);
#3280 = CARTESIAN_POINT('',(0.1519,1.996895164594,1.51));
#3281 = DIRECTION('',(0.,0.,-1.));
#3282 = DIRECTION('',(-0.999999999995,-3.305092924003E-06,-0.));
#3283 = CYLINDRICAL_SURFACE('',#3284,4.980000000027E-02);
#3284 = AXIS2_PLACEMENT_3D('',#3285,#3286,#3287);
#3285 = CARTESIAN_POINT('',(0.1519,1.996895164594,1.51));
#3286 = DIRECTION('',(0.,0.,-1.));
#3287 = DIRECTION('',(-0.999999999995,-3.305092924003E-06,-0.));
#3288 = ADVANCED_FACE('',(#3289),#3314,.T.);
#3289 = FACE_BOUND('',#3290,.T.);
#3290 = EDGE_LOOP('',(#3291,#3292,#3300,#3308));
#3291 = ORIENTED_EDGE('',*,*,#3269,.T.);
#3292 = ORIENTED_EDGE('',*,*,#3293,.T.);
#3293 = EDGE_CURVE('',#3261,#3294,#3296,.T.);
#3294 = VERTEX_POINT('',#3295);
#3295 = CARTESIAN_POINT('',(0.249653,1.914735,1.545));
#3296 = LINE('',#3297,#3298);
#3297 = CARTESIAN_POINT('',(0.187114,2.032109,1.545));
#3298 = VECTOR('',#3299,1.);
#3299 = DIRECTION('',(0.470234229421,-0.882541653114,0.));
#3300 = ORIENTED_EDGE('',*,*,#3301,.F.);
#3301 = EDGE_CURVE('',#3302,#3294,#3304,.T.);
#3302 = VERTEX_POINT('',#3303);
#3303 = CARTESIAN_POINT('',(0.249653,1.914735,1.51));
#3304 = LINE('',#3305,#3306);
#3305 = CARTESIAN_POINT('',(0.249653,1.914735,1.51));
#3306 = VECTOR('',#3307,1.);
#3307 = DIRECTION('',(0.,0.,1.));
#3308 = ORIENTED_EDGE('',*,*,#3309,.F.);
#3309 = EDGE_CURVE('',#3270,#3302,#3310,.T.);
#3310 = LINE('',#3311,#3312);
#3311 = CARTESIAN_POINT('',(0.187114,2.032109,1.51));
#3312 = VECTOR('',#3313,1.);
#3313 = DIRECTION('',(0.470234229421,-0.882541653114,0.));
#3314 = PLANE('',#3315);
#3315 = AXIS2_PLACEMENT_3D('',#3316,#3317,#3318);
#3316 = CARTESIAN_POINT('',(0.187114,2.032109,1.51));
#3317 = DIRECTION('',(0.882541653114,0.470234229421,-0.));
#3318 = DIRECTION('',(0.470234229421,-0.882541653114,0.));
#3319 = ADVANCED_FACE('',(#3320),#3347,.F.);
#3320 = FACE_BOUND('',#3321,.T.);
#3321 = EDGE_LOOP('',(#3322,#3323,#3332,#3340));
#3322 = ORIENTED_EDGE('',*,*,#3301,.T.);
#3323 = ORIENTED_EDGE('',*,*,#3324,.T.);
#3324 = EDGE_CURVE('',#3294,#3325,#3327,.T.);
#3325 = VERTEX_POINT('',#3326);
#3326 = CARTESIAN_POINT('',(0.990647,1.376375,1.545));
#3327 = CIRCLE('',#3328,1.196691635014);
#3328 = AXIS2_PLACEMENT_3D('',#3329,#3330,#3331);
#3329 = CARTESIAN_POINT('',(1.270000789451,2.540003948433,1.545));
#3330 = DIRECTION('',(0.,0.,1.));
#3331 = DIRECTION('',(-0.852640529604,-0.522497968682,0.));
#3332 = ORIENTED_EDGE('',*,*,#3333,.F.);
#3333 = EDGE_CURVE('',#3334,#3325,#3336,.T.);
#3334 = VERTEX_POINT('',#3335);
#3335 = CARTESIAN_POINT('',(0.990647,1.376375,1.51));
#3336 = LINE('',#3337,#3338);
#3337 = CARTESIAN_POINT('',(0.990647,1.376375,1.51));
#3338 = VECTOR('',#3339,1.);
#3339 = DIRECTION('',(0.,0.,1.));
#3340 = ORIENTED_EDGE('',*,*,#3341,.F.);
#3341 = EDGE_CURVE('',#3302,#3334,#3342,.T.);
#3342 = CIRCLE('',#3343,1.196691635014);
#3343 = AXIS2_PLACEMENT_3D('',#3344,#3345,#3346);
#3344 = CARTESIAN_POINT('',(1.270000789451,2.540003948433,1.51));
#3345 = DIRECTION('',(0.,0.,1.));
#3346 = DIRECTION('',(-0.852640529604,-0.522497968682,0.));
#3347 = CYLINDRICAL_SURFACE('',#3348,1.196691635014);
#3348 = AXIS2_PLACEMENT_3D('',#3349,#3350,#3351);
#3349 = CARTESIAN_POINT('',(1.270000789451,2.540003948433,1.51));
#3350 = DIRECTION('',(-0.,-0.,-1.));
#3351 = DIRECTION('',(-0.852640529604,-0.522497968682,0.));
#3352 = ADVANCED_FACE('',(#3353),#3378,.T.);
#3353 = FACE_BOUND('',#3354,.T.);
#3354 = EDGE_LOOP('',(#3355,#3356,#3364,#3372));
#3355 = ORIENTED_EDGE('',*,*,#3333,.T.);
#3356 = ORIENTED_EDGE('',*,*,#3357,.T.);
#3357 = EDGE_CURVE('',#3325,#3358,#3360,.T.);
#3358 = VERTEX_POINT('',#3359);
#3359 = CARTESIAN_POINT('',(1.1434,1.352182,1.545));
#3360 = LINE('',#3361,#3362);
#3361 = CARTESIAN_POINT('',(0.990647,1.376375,1.545));
#3362 = VECTOR('',#3363,1.);
#3363 = DIRECTION('',(0.987689038328,-0.156430059667,0.));
#3364 = ORIENTED_EDGE('',*,*,#3365,.F.);
#3365 = EDGE_CURVE('',#3366,#3358,#3368,.T.);
#3366 = VERTEX_POINT('',#3367);
#3367 = CARTESIAN_POINT('',(1.1434,1.352182,1.51));
#3368 = LINE('',#3369,#3370);
#3369 = CARTESIAN_POINT('',(1.1434,1.352182,1.51));
#3370 = VECTOR('',#3371,1.);
#3371 = DIRECTION('',(0.,0.,1.));
#3372 = ORIENTED_EDGE('',*,*,#3373,.F.);
#3373 = EDGE_CURVE('',#3334,#3366,#3374,.T.);
#3374 = LINE('',#3375,#3376);
#3375 = CARTESIAN_POINT('',(0.990647,1.376375,1.51));
#3376 = VECTOR('',#3377,1.);
#3377 = DIRECTION('',(0.987689038328,-0.156430059667,0.));
#3378 = PLANE('',#3379);
#3379 = AXIS2_PLACEMENT_3D('',#3380,#3381,#3382);
#3380 = CARTESIAN_POINT('',(0.990647,1.376375,1.51));
#3381 = DIRECTION('',(0.156430059667,0.987689038328,-0.));
#3382 = DIRECTION('',(0.987689038328,-0.156430059667,0.));
#3383 = ADVANCED_FACE('',(#3384),#3409,.T.);
#3384 = FACE_BOUND('',#3385,.T.);
#3385 = EDGE_LOOP('',(#3386,#3387,#3395,#3403));
#3386 = ORIENTED_EDGE('',*,*,#3365,.T.);
#3387 = ORIENTED_EDGE('',*,*,#3388,.T.);
#3388 = EDGE_CURVE('',#3358,#3389,#3391,.T.);
#3389 = VERTEX_POINT('',#3390);
#3390 = CARTESIAN_POINT('',(1.1434,2.048002,1.545));
#3391 = LINE('',#3392,#3393);
#3392 = CARTESIAN_POINT('',(1.1434,1.352182,1.545));
#3393 = VECTOR('',#3394,1.);
#3394 = DIRECTION('',(0.,1.,0.));
#3395 = ORIENTED_EDGE('',*,*,#3396,.F.);
#3396 = EDGE_CURVE('',#3397,#3389,#3399,.T.);
#3397 = VERTEX_POINT('',#3398);
#3398 = CARTESIAN_POINT('',(1.1434,2.048002,1.51));
#3399 = LINE('',#3400,#3401);
#3400 = CARTESIAN_POINT('',(1.1434,2.048002,1.51));
#3401 = VECTOR('',#3402,1.);
#3402 = DIRECTION('',(0.,0.,1.));
#3403 = ORIENTED_EDGE('',*,*,#3404,.F.);
#3404 = EDGE_CURVE('',#3366,#3397,#3405,.T.);
#3405 = LINE('',#3406,#3407);
#3406 = CARTESIAN_POINT('',(1.1434,1.352182,1.51));
#3407 = VECTOR('',#3408,1.);
#3408 = DIRECTION('',(0.,1.,0.));
#3409 = PLANE('',#3410);
#3410 = AXIS2_PLACEMENT_3D('',#3411,#3412,#3413);
#3411 = CARTESIAN_POINT('',(1.1434,1.352182,1.51));
#3412 = DIRECTION('',(-1.,0.,0.));
#3413 = DIRECTION('',(0.,1.,0.));
#3414 = ADVANCED_FACE('',(#3415),#3442,.F.);
#3415 = FACE_BOUND('',#3416,.T.);
#3416 = EDGE_LOOP('',(#3417,#3418,#3427,#3435));
#3417 = ORIENTED_EDGE('',*,*,#3396,.T.);
#3418 = ORIENTED_EDGE('',*,*,#3419,.T.);
#3419 = EDGE_CURVE('',#3389,#3420,#3422,.T.);
#3420 = VERTEX_POINT('',#3421);
#3421 = CARTESIAN_POINT('',(1.3966,2.048002,1.545));
#3422 = CIRCLE('',#3423,0.375049224879);
#3423 = AXIS2_PLACEMENT_3D('',#3424,#3425,#3426);
#3424 = CARTESIAN_POINT('',(1.27,2.401037920385,1.545));
#3425 = DIRECTION('',(0.,0.,1.));
#3426 = DIRECTION('',(-0.337555690299,-0.941305559288,0.));
#3427 = ORIENTED_EDGE('',*,*,#3428,.F.);
#3428 = EDGE_CURVE('',#3429,#3420,#3431,.T.);
#3429 = VERTEX_POINT('',#3430);
#3430 = CARTESIAN_POINT('',(1.3966,2.048002,1.51));
#3431 = LINE('',#3432,#3433);
#3432 = CARTESIAN_POINT('',(1.3966,2.048002,1.51));
#3433 = VECTOR('',#3434,1.);
#3434 = DIRECTION('',(0.,0.,1.));
#3435 = ORIENTED_EDGE('',*,*,#3436,.F.);
#3436 = EDGE_CURVE('',#3397,#3429,#3437,.T.);
#3437 = CIRCLE('',#3438,0.375049224879);
#3438 = AXIS2_PLACEMENT_3D('',#3439,#3440,#3441);
#3439 = CARTESIAN_POINT('',(1.27,2.401037920385,1.51));
#3440 = DIRECTION('',(0.,0.,1.));
#3441 = DIRECTION('',(-0.337555690299,-0.941305559288,0.));
#3442 = CYLINDRICAL_SURFACE('',#3443,0.375049224879);
#3443 = AXIS2_PLACEMENT_3D('',#3444,#3445,#3446);
#3444 = CARTESIAN_POINT('',(1.27,2.401037920385,1.51));
#3445 = DIRECTION('',(-0.,-0.,-1.));
#3446 = DIRECTION('',(-0.337555690299,-0.941305559288,0.));
#3447 = ADVANCED_FACE('',(#3448),#3473,.T.);
#3448 = FACE_BOUND('',#3449,.T.);
#3449 = EDGE_LOOP('',(#3450,#3451,#3459,#3467));
#3450 = ORIENTED_EDGE('',*,*,#3428,.T.);
#3451 = ORIENTED_EDGE('',*,*,#3452,.T.);
#3452 = EDGE_CURVE('',#3420,#3453,#3455,.T.);
#3453 = VERTEX_POINT('',#3454);
#3454 = CARTESIAN_POINT('',(1.3966,1.352182,1.545));
#3455 = LINE('',#3456,#3457);
#3456 = CARTESIAN_POINT('',(1.3966,2.048002,1.545));
#3457 = VECTOR('',#3458,1.);
#3458 = DIRECTION('',(0.,-1.,0.));
#3459 = ORIENTED_EDGE('',*,*,#3460,.F.);
#3460 = EDGE_CURVE('',#3461,#3453,#3463,.T.);
#3461 = VERTEX_POINT('',#3462);
#3462 = CARTESIAN_POINT('',(1.3966,1.352182,1.51));
#3463 = LINE('',#3464,#3465);
#3464 = CARTESIAN_POINT('',(1.3966,1.352182,1.51));
#3465 = VECTOR('',#3466,1.);
#3466 = DIRECTION('',(0.,0.,1.));
#3467 = ORIENTED_EDGE('',*,*,#3468,.F.);
#3468 = EDGE_CURVE('',#3429,#3461,#3469,.T.);
#3469 = LINE('',#3470,#3471);
#3470 = CARTESIAN_POINT('',(1.3966,2.048002,1.51));
#3471 = VECTOR('',#3472,1.);
#3472 = DIRECTION('',(0.,-1.,0.));
#3473 = PLANE('',#3474);
#3474 = AXIS2_PLACEMENT_3D('',#3475,#3476,#3477);
#3475 = CARTESIAN_POINT('',(1.3966,2.048002,1.51));
#3476 = DIRECTION('',(1.,0.,-0.));
#3477 = DIRECTION('',(0.,-1.,0.));
#3478 = ADVANCED_FACE('',(#3479),#3504,.T.);
#3479 = FACE_BOUND('',#3480,.T.);
#3480 = EDGE_LOOP('',(#3481,#3482,#3490,#3498));
#3481 = ORIENTED_EDGE('',*,*,#3460,.T.);
#3482 = ORIENTED_EDGE('',*,*,#3483,.T.);
#3483 = EDGE_CURVE('',#3453,#3484,#3486,.T.);
#3484 = VERTEX_POINT('',#3485);
#3485 = CARTESIAN_POINT('',(1.549352,1.376375,1.545));
#3486 = LINE('',#3487,#3488);
#3487 = CARTESIAN_POINT('',(1.3966,1.352182,1.545));
#3488 = VECTOR('',#3489,1.);
#3489 = DIRECTION('',(0.987688880103,0.156431058685,0.));
#3490 = ORIENTED_EDGE('',*,*,#3491,.F.);
#3491 = EDGE_CURVE('',#3492,#3484,#3494,.T.);
#3492 = VERTEX_POINT('',#3493);
#3493 = CARTESIAN_POINT('',(1.549352,1.376375,1.51));
#3494 = LINE('',#3495,#3496);
#3495 = CARTESIAN_POINT('',(1.549352,1.376375,1.51));
#3496 = VECTOR('',#3497,1.);
#3497 = DIRECTION('',(0.,0.,1.));
#3498 = ORIENTED_EDGE('',*,*,#3499,.F.);
#3499 = EDGE_CURVE('',#3461,#3492,#3500,.T.);
#3500 = LINE('',#3501,#3502);
#3501 = CARTESIAN_POINT('',(1.3966,1.352182,1.51));
#3502 = VECTOR('',#3503,1.);
#3503 = DIRECTION('',(0.987688880103,0.156431058685,0.));
#3504 = PLANE('',#3505);
#3505 = AXIS2_PLACEMENT_3D('',#3506,#3507,#3508);
#3506 = CARTESIAN_POINT('',(1.3966,1.352182,1.51));
#3507 = DIRECTION('',(-0.156431058685,0.987688880103,0.));
#3508 = DIRECTION('',(0.987688880103,0.156431058685,0.));
#3509 = ADVANCED_FACE('',(#3510),#3537,.F.);
#3510 = FACE_BOUND('',#3511,.T.);
#3511 = EDGE_LOOP('',(#3512,#3513,#3522,#3530));
#3512 = ORIENTED_EDGE('',*,*,#3491,.T.);
#3513 = ORIENTED_EDGE('',*,*,#3514,.T.);
#3514 = EDGE_CURVE('',#3484,#3515,#3517,.T.);
#3515 = VERTEX_POINT('',#3516);
#3516 = CARTESIAN_POINT('',(2.433625,2.260648,1.545));
#3517 = CIRCLE('',#3518,1.19668683133);
#3518 = AXIS2_PLACEMENT_3D('',#3519,#3520,#3521);
#3519 = CARTESIAN_POINT('',(1.270000453317,2.539999546683,1.545));
#3520 = DIRECTION('',(0.,0.,1.));
#3521 = DIRECTION('',(0.23343747033,-0.972371815432,0.));
#3522 = ORIENTED_EDGE('',*,*,#3523,.F.);
#3523 = EDGE_CURVE('',#3524,#3515,#3526,.T.);
#3524 = VERTEX_POINT('',#3525);
#3525 = CARTESIAN_POINT('',(2.433625,2.260648,1.51));
#3526 = LINE('',#3527,#3528);
#3527 = CARTESIAN_POINT('',(2.433625,2.260648,1.51));
#3528 = VECTOR('',#3529,1.);
#3529 = DIRECTION('',(0.,0.,1.));
#3530 = ORIENTED_EDGE('',*,*,#3531,.F.);
#3531 = EDGE_CURVE('',#3492,#3524,#3532,.T.);
#3532 = CIRCLE('',#3533,1.19668683133);
#3533 = AXIS2_PLACEMENT_3D('',#3534,#3535,#3536);
#3534 = CARTESIAN_POINT('',(1.270000453317,2.539999546683,1.51));
#3535 = DIRECTION('',(0.,0.,1.));
#3536 = DIRECTION('',(0.23343747033,-0.972371815432,0.));
#3537 = CYLINDRICAL_SURFACE('',#3538,1.19668683133);
#3538 = AXIS2_PLACEMENT_3D('',#3539,#3540,#3541);
#3539 = CARTESIAN_POINT('',(1.270000453317,2.539999546683,1.51));
#3540 = DIRECTION('',(-0.,-0.,-1.));
#3541 = DIRECTION('',(0.23343747033,-0.972371815432,0.));
#3542 = ADVANCED_FACE('',(#3543),#3568,.T.);
#3543 = FACE_BOUND('',#3544,.T.);
#3544 = EDGE_LOOP('',(#3545,#3546,#3554,#3562));
#3545 = ORIENTED_EDGE('',*,*,#3523,.T.);
#3546 = ORIENTED_EDGE('',*,*,#3547,.T.);
#3547 = EDGE_CURVE('',#3515,#3548,#3550,.T.);
#3548 = VERTEX_POINT('',#3549);
#3549 = CARTESIAN_POINT('',(2.457819,2.4134,1.545));
#3550 = LINE('',#3551,#3552);
#3551 = CARTESIAN_POINT('',(2.433625,2.260648,1.545));
#3552 = VECTOR('',#3553,1.);
#3553 = DIRECTION('',(0.156437366413,0.987687881058,0.));
#3554 = ORIENTED_EDGE('',*,*,#3555,.F.);
#3555 = EDGE_CURVE('',#3556,#3548,#3558,.T.);
#3556 = VERTEX_POINT('',#3557);
#3557 = CARTESIAN_POINT('',(2.457819,2.4134,1.51));
#3558 = LINE('',#3559,#3560);
#3559 = CARTESIAN_POINT('',(2.457819,2.4134,1.51));
#3560 = VECTOR('',#3561,1.);
#3561 = DIRECTION('',(0.,0.,1.));
#3562 = ORIENTED_EDGE('',*,*,#3563,.F.);
#3563 = EDGE_CURVE('',#3524,#3556,#3564,.T.);
#3564 = LINE('',#3565,#3566);
#3565 = CARTESIAN_POINT('',(2.433625,2.260648,1.51));
#3566 = VECTOR('',#3567,1.);
#3567 = DIRECTION('',(0.156437366413,0.987687881058,0.));
#3568 = PLANE('',#3569);
#3569 = AXIS2_PLACEMENT_3D('',#3570,#3571,#3572);
#3570 = CARTESIAN_POINT('',(2.433625,2.260648,1.51));
#3571 = DIRECTION('',(-0.987687881058,0.156437366413,0.));
#3572 = DIRECTION('',(0.156437366413,0.987687881058,0.));
#3573 = ADVANCED_FACE('',(#3574),#3599,.T.);
#3574 = FACE_BOUND('',#3575,.T.);
#3575 = EDGE_LOOP('',(#3576,#3577,#3585,#3593));
#3576 = ORIENTED_EDGE('',*,*,#3555,.T.);
#3577 = ORIENTED_EDGE('',*,*,#3578,.T.);
#3578 = EDGE_CURVE('',#3548,#3579,#3581,.T.);
#3579 = VERTEX_POINT('',#3580);
#3580 = CARTESIAN_POINT('',(1.761998,2.4134,1.545));
#3581 = LINE('',#3582,#3583);
#3582 = CARTESIAN_POINT('',(2.457819,2.4134,1.545));
#3583 = VECTOR('',#3584,1.);
#3584 = DIRECTION('',(-1.,0.,0.));
#3585 = ORIENTED_EDGE('',*,*,#3586,.F.);
#3586 = EDGE_CURVE('',#3587,#3579,#3589,.T.);
#3587 = VERTEX_POINT('',#3588);
#3588 = CARTESIAN_POINT('',(1.761998,2.4134,1.51));
#3589 = LINE('',#3590,#3591);
#3590 = CARTESIAN_POINT('',(1.761998,2.4134,1.51));
#3591 = VECTOR('',#3592,1.);
#3592 = DIRECTION('',(0.,0.,1.));
#3593 = ORIENTED_EDGE('',*,*,#3594,.F.);
#3594 = EDGE_CURVE('',#3556,#3587,#3595,.T.);
#3595 = LINE('',#3596,#3597);
#3596 = CARTESIAN_POINT('',(2.457819,2.4134,1.51));
#3597 = VECTOR('',#3598,1.);
#3598 = DIRECTION('',(-1.,0.,0.));
#3599 = PLANE('',#3600);
#3600 = AXIS2_PLACEMENT_3D('',#3601,#3602,#3603);
#3601 = CARTESIAN_POINT('',(2.457819,2.4134,1.51));
#3602 = DIRECTION('',(0.,-1.,0.));
#3603 = DIRECTION('',(-1.,0.,0.));
#3604 = ADVANCED_FACE('',(#3605),#3632,.F.);
#3605 = FACE_BOUND('',#3606,.T.);
#3606 = EDGE_LOOP('',(#3607,#3608,#3617,#3625));
#3607 = ORIENTED_EDGE('',*,*,#3586,.T.);
#3608 = ORIENTED_EDGE('',*,*,#3609,.T.);
#3609 = EDGE_CURVE('',#3579,#3610,#3612,.T.);
#3610 = VERTEX_POINT('',#3611);
#3611 = CARTESIAN_POINT('',(1.761998,2.6666,1.545));
#3612 = CIRCLE('',#3613,0.375049224879);
#3613 = AXIS2_PLACEMENT_3D('',#3614,#3615,#3616);
#3614 = CARTESIAN_POINT('',(1.408962079615,2.54,1.545));
#3615 = DIRECTION('',(0.,-0.,1.));
#3616 = DIRECTION('',(0.941305559288,-0.337555690299,-0.));
#3617 = ORIENTED_EDGE('',*,*,#3618,.F.);
#3618 = EDGE_CURVE('',#3619,#3610,#3621,.T.);
#3619 = VERTEX_POINT('',#3620);
#3620 = CARTESIAN_POINT('',(1.761998,2.6666,1.51));
#3621 = LINE('',#3622,#3623);
#3622 = CARTESIAN_POINT('',(1.761998,2.6666,1.51));
#3623 = VECTOR('',#3624,1.);
#3624 = DIRECTION('',(0.,0.,1.));
#3625 = ORIENTED_EDGE('',*,*,#3626,.F.);
#3626 = EDGE_CURVE('',#3587,#3619,#3627,.T.);
#3627 = CIRCLE('',#3628,0.375049224879);
#3628 = AXIS2_PLACEMENT_3D('',#3629,#3630,#3631);
#3629 = CARTESIAN_POINT('',(1.408962079615,2.54,1.51));
#3630 = DIRECTION('',(0.,-0.,1.));
#3631 = DIRECTION('',(0.941305559288,-0.337555690299,-0.));
#3632 = CYLINDRICAL_SURFACE('',#3633,0.375049224879);
#3633 = AXIS2_PLACEMENT_3D('',#3634,#3635,#3636);
#3634 = CARTESIAN_POINT('',(1.408962079615,2.54,1.51));
#3635 = DIRECTION('',(-0.,0.,-1.));
#3636 = DIRECTION('',(0.941305559288,-0.337555690299,-0.));
#3637 = ADVANCED_FACE('',(#3638),#3663,.T.);
#3638 = FACE_BOUND('',#3639,.T.);
#3639 = EDGE_LOOP('',(#3640,#3641,#3649,#3657));
#3640 = ORIENTED_EDGE('',*,*,#3618,.T.);
#3641 = ORIENTED_EDGE('',*,*,#3642,.T.);
#3642 = EDGE_CURVE('',#3610,#3643,#3645,.T.);
#3643 = VERTEX_POINT('',#3644);
#3644 = CARTESIAN_POINT('',(2.457818,2.6666,1.545));
#3645 = LINE('',#3646,#3647);
#3646 = CARTESIAN_POINT('',(1.761998,2.6666,1.545));
#3647 = VECTOR('',#3648,1.);
#3648 = DIRECTION('',(1.,0.,0.));
#3649 = ORIENTED_EDGE('',*,*,#3650,.F.);
#3650 = EDGE_CURVE('',#3651,#3643,#3653,.T.);
#3651 = VERTEX_POINT('',#3652);
#3652 = CARTESIAN_POINT('',(2.457818,2.6666,1.51));
#3653 = LINE('',#3654,#3655);
#3654 = CARTESIAN_POINT('',(2.457818,2.6666,1.51));
#3655 = VECTOR('',#3656,1.);
#3656 = DIRECTION('',(0.,0.,1.));
#3657 = ORIENTED_EDGE('',*,*,#3658,.F.);
#3658 = EDGE_CURVE('',#3619,#3651,#3659,.T.);
#3659 = LINE('',#3660,#3661);
#3660 = CARTESIAN_POINT('',(1.761998,2.6666,1.51));
#3661 = VECTOR('',#3662,1.);
#3662 = DIRECTION('',(1.,0.,0.));
#3663 = PLANE('',#3664);
#3664 = AXIS2_PLACEMENT_3D('',#3665,#3666,#3667);
#3665 = CARTESIAN_POINT('',(1.761998,2.6666,1.51));
#3666 = DIRECTION('',(0.,1.,0.));
#3667 = DIRECTION('',(1.,0.,0.));
#3668 = ADVANCED_FACE('',(#3669),#3694,.T.);
#3669 = FACE_BOUND('',#3670,.T.);
#3670 = EDGE_LOOP('',(#3671,#3672,#3680,#3688));
#3671 = ORIENTED_EDGE('',*,*,#3650,.T.);
#3672 = ORIENTED_EDGE('',*,*,#3673,.T.);
#3673 = EDGE_CURVE('',#3643,#3674,#3676,.T.);
#3674 = VERTEX_POINT('',#3675);
#3675 = CARTESIAN_POINT('',(2.433625,2.819353,1.545));
#3676 = LINE('',#3677,#3678);
#3677 = CARTESIAN_POINT('',(2.457818,2.6666,1.545));
#3678 = VECTOR('',#3679,1.);
#3679 = DIRECTION('',(-0.156430059667,0.987689038328,0.));
#3680 = ORIENTED_EDGE('',*,*,#3681,.F.);
#3681 = EDGE_CURVE('',#3682,#3674,#3684,.T.);
#3682 = VERTEX_POINT('',#3683);
#3683 = CARTESIAN_POINT('',(2.433625,2.819353,1.51));
#3684 = LINE('',#3685,#3686);
#3685 = CARTESIAN_POINT('',(2.433625,2.819353,1.51));
#3686 = VECTOR('',#3687,1.);
#3687 = DIRECTION('',(0.,0.,1.));
#3688 = ORIENTED_EDGE('',*,*,#3689,.F.);
#3689 = EDGE_CURVE('',#3651,#3682,#3690,.T.);
#3690 = LINE('',#3691,#3692);
#3691 = CARTESIAN_POINT('',(2.457818,2.6666,1.51));
#3692 = VECTOR('',#3693,1.);
#3693 = DIRECTION('',(-0.156430059667,0.987689038328,0.));
#3694 = PLANE('',#3695);
#3695 = AXIS2_PLACEMENT_3D('',#3696,#3697,#3698);
#3696 = CARTESIAN_POINT('',(2.457818,2.6666,1.51));
#3697 = DIRECTION('',(-0.987689038328,-0.156430059667,0.));
#3698 = DIRECTION('',(-0.156430059667,0.987689038328,0.));
#3699 = ADVANCED_FACE('',(#3700),#3727,.F.);
#3700 = FACE_BOUND('',#3701,.T.);
#3701 = EDGE_LOOP('',(#3702,#3703,#3712,#3720));
#3702 = ORIENTED_EDGE('',*,*,#3681,.T.);
#3703 = ORIENTED_EDGE('',*,*,#3704,.T.);
#3704 = EDGE_CURVE('',#3674,#3705,#3707,.T.);
#3705 = VERTEX_POINT('',#3706);
#3706 = CARTESIAN_POINT('',(1.549354,3.703626,1.545));
#3707 = CIRCLE('',#3708,1.19668823713);
#3708 = AXIS2_PLACEMENT_3D('',#3709,#3710,#3711);
#3709 = CARTESIAN_POINT('',(1.269999165143,2.54000079697,1.545));
#3710 = DIRECTION('',(0.,0.,1.));
#3711 = DIRECTION('',(0.972371749595,0.233437744571,-0.));
#3712 = ORIENTED_EDGE('',*,*,#3713,.F.);
#3713 = EDGE_CURVE('',#3714,#3705,#3716,.T.);
#3714 = VERTEX_POINT('',#3715);
#3715 = CARTESIAN_POINT('',(1.549354,3.703626,1.51));
#3716 = LINE('',#3717,#3718);
#3717 = CARTESIAN_POINT('',(1.549354,3.703626,1.51));
#3718 = VECTOR('',#3719,1.);
#3719 = DIRECTION('',(0.,0.,1.));
#3720 = ORIENTED_EDGE('',*,*,#3721,.F.);
#3721 = EDGE_CURVE('',#3682,#3714,#3722,.T.);
#3722 = CIRCLE('',#3723,1.19668823713);
#3723 = AXIS2_PLACEMENT_3D('',#3724,#3725,#3726);
#3724 = CARTESIAN_POINT('',(1.269999165143,2.54000079697,1.51));
#3725 = DIRECTION('',(0.,0.,1.));
#3726 = DIRECTION('',(0.972371749595,0.233437744571,-0.));
#3727 = CYLINDRICAL_SURFACE('',#3728,1.19668823713);
#3728 = AXIS2_PLACEMENT_3D('',#3729,#3730,#3731);
#3729 = CARTESIAN_POINT('',(1.269999165143,2.54000079697,1.51));
#3730 = DIRECTION('',(-0.,-0.,-1.));
#3731 = DIRECTION('',(0.972371749595,0.233437744571,-0.));
#3732 = ADVANCED_FACE('',(#3733),#3758,.T.);
#3733 = FACE_BOUND('',#3734,.T.);
#3734 = EDGE_LOOP('',(#3735,#3736,#3744,#3752));
#3735 = ORIENTED_EDGE('',*,*,#3713,.T.);
#3736 = ORIENTED_EDGE('',*,*,#3737,.T.);
#3737 = EDGE_CURVE('',#3705,#3738,#3740,.T.);
#3738 = VERTEX_POINT('',#3739);
#3739 = CARTESIAN_POINT('',(1.3966,3.72782,1.545));
#3740 = LINE('',#3741,#3742);
#3741 = CARTESIAN_POINT('',(1.549354,3.703626,1.545));
#3742 = VECTOR('',#3743,1.);
#3743 = DIRECTION('',(-0.987688197531,0.156435368312,0.));
#3744 = ORIENTED_EDGE('',*,*,#3745,.F.);
#3745 = EDGE_CURVE('',#3746,#3738,#3748,.T.);
#3746 = VERTEX_POINT('',#3747);
#3747 = CARTESIAN_POINT('',(1.3966,3.72782,1.51));
#3748 = LINE('',#3749,#3750);
#3749 = CARTESIAN_POINT('',(1.3966,3.72782,1.51));
#3750 = VECTOR('',#3751,1.);
#3751 = DIRECTION('',(0.,0.,1.));
#3752 = ORIENTED_EDGE('',*,*,#3753,.F.);
#3753 = EDGE_CURVE('',#3714,#3746,#3754,.T.);
#3754 = LINE('',#3755,#3756);
#3755 = CARTESIAN_POINT('',(1.549354,3.703626,1.51));
#3756 = VECTOR('',#3757,1.);
#3757 = DIRECTION('',(-0.987688197531,0.156435368312,0.));
#3758 = PLANE('',#3759);
#3759 = AXIS2_PLACEMENT_3D('',#3760,#3761,#3762);
#3760 = CARTESIAN_POINT('',(1.549354,3.703626,1.51));
#3761 = DIRECTION('',(-0.156435368312,-0.987688197531,0.));
#3762 = DIRECTION('',(-0.987688197531,0.156435368312,0.));
#3763 = ADVANCED_FACE('',(#3764),#3789,.T.);
#3764 = FACE_BOUND('',#3765,.T.);
#3765 = EDGE_LOOP('',(#3766,#3767,#3775,#3783));
#3766 = ORIENTED_EDGE('',*,*,#3745,.T.);
#3767 = ORIENTED_EDGE('',*,*,#3768,.T.);
#3768 = EDGE_CURVE('',#3738,#3769,#3771,.T.);
#3769 = VERTEX_POINT('',#3770);
#3770 = CARTESIAN_POINT('',(1.3966,3.031999,1.545));
#3771 = LINE('',#3772,#3773);
#3772 = CARTESIAN_POINT('',(1.3966,3.72782,1.545));
#3773 = VECTOR('',#3774,1.);
#3774 = DIRECTION('',(0.,-1.,0.));
#3775 = ORIENTED_EDGE('',*,*,#3776,.F.);
#3776 = EDGE_CURVE('',#3777,#3769,#3779,.T.);
#3777 = VERTEX_POINT('',#3778);
#3778 = CARTESIAN_POINT('',(1.3966,3.031999,1.51));
#3779 = LINE('',#3780,#3781);
#3780 = CARTESIAN_POINT('',(1.3966,3.031999,1.51));
#3781 = VECTOR('',#3782,1.);
#3782 = DIRECTION('',(0.,0.,1.));
#3783 = ORIENTED_EDGE('',*,*,#3784,.F.);
#3784 = EDGE_CURVE('',#3746,#3777,#3785,.T.);
#3785 = LINE('',#3786,#3787);
#3786 = CARTESIAN_POINT('',(1.3966,3.72782,1.51));
#3787 = VECTOR('',#3788,1.);
#3788 = DIRECTION('',(0.,-1.,0.));
#3789 = PLANE('',#3790);
#3790 = AXIS2_PLACEMENT_3D('',#3791,#3792,#3793);
#3791 = CARTESIAN_POINT('',(1.3966,3.72782,1.51));
#3792 = DIRECTION('',(1.,0.,-0.));
#3793 = DIRECTION('',(0.,-1.,0.));
#3794 = ADVANCED_FACE('',(#3795),#3822,.F.);
#3795 = FACE_BOUND('',#3796,.T.);
#3796 = EDGE_LOOP('',(#3797,#3798,#3807,#3815));
#3797 = ORIENTED_EDGE('',*,*,#3776,.T.);
#3798 = ORIENTED_EDGE('',*,*,#3799,.T.);
#3799 = EDGE_CURVE('',#3769,#3800,#3802,.T.);
#3800 = VERTEX_POINT('',#3801);
#3801 = CARTESIAN_POINT('',(1.1434,3.031999,1.545));
#3802 = CIRCLE('',#3803,0.375070934664);
#3803 = AXIS2_PLACEMENT_3D('',#3804,#3805,#3806);
#3804 = CARTESIAN_POINT('',(1.27,2.678940016218,1.545));
#3805 = DIRECTION('',(0.,0.,1.));
#3806 = DIRECTION('',(0.337536151964,0.941312565579,-0.));
#3807 = ORIENTED_EDGE('',*,*,#3808,.F.);
#3808 = EDGE_CURVE('',#3809,#3800,#3811,.T.);
#3809 = VERTEX_POINT('',#3810);
#3810 = CARTESIAN_POINT('',(1.1434,3.031999,1.51));
#3811 = LINE('',#3812,#3813);
#3812 = CARTESIAN_POINT('',(1.1434,3.031999,1.51));
#3813 = VECTOR('',#3814,1.);
#3814 = DIRECTION('',(0.,0.,1.));
#3815 = ORIENTED_EDGE('',*,*,#3816,.F.);
#3816 = EDGE_CURVE('',#3777,#3809,#3817,.T.);
#3817 = CIRCLE('',#3818,0.375070934664);
#3818 = AXIS2_PLACEMENT_3D('',#3819,#3820,#3821);
#3819 = CARTESIAN_POINT('',(1.27,2.678940016218,1.51));
#3820 = DIRECTION('',(0.,0.,1.));
#3821 = DIRECTION('',(0.337536151964,0.941312565579,-0.));
#3822 = CYLINDRICAL_SURFACE('',#3823,0.375070934664);
#3823 = AXIS2_PLACEMENT_3D('',#3824,#3825,#3826);
#3824 = CARTESIAN_POINT('',(1.27,2.678940016218,1.51));
#3825 = DIRECTION('',(-0.,-0.,-1.));
#3826 = DIRECTION('',(0.337536151964,0.941312565579,-0.));
#3827 = ADVANCED_FACE('',(#3828),#3853,.T.);
#3828 = FACE_BOUND('',#3829,.T.);
#3829 = EDGE_LOOP('',(#3830,#3831,#3839,#3847));
#3830 = ORIENTED_EDGE('',*,*,#3808,.T.);
#3831 = ORIENTED_EDGE('',*,*,#3832,.T.);
#3832 = EDGE_CURVE('',#3800,#3833,#3835,.T.);
#3833 = VERTEX_POINT('',#3834);
#3834 = CARTESIAN_POINT('',(1.1434,3.72782,1.545));
#3835 = LINE('',#3836,#3837);
#3836 = CARTESIAN_POINT('',(1.1434,3.031999,1.545));
#3837 = VECTOR('',#3838,1.);
#3838 = DIRECTION('',(0.,1.,0.));
#3839 = ORIENTED_EDGE('',*,*,#3840,.F.);
#3840 = EDGE_CURVE('',#3841,#3833,#3843,.T.);
#3841 = VERTEX_POINT('',#3842);
#3842 = CARTESIAN_POINT('',(1.1434,3.72782,1.51));
#3843 = LINE('',#3844,#3845);
#3844 = CARTESIAN_POINT('',(1.1434,3.72782,1.51));
#3845 = VECTOR('',#3846,1.);
#3846 = DIRECTION('',(0.,0.,1.));
#3847 = ORIENTED_EDGE('',*,*,#3848,.F.);
#3848 = EDGE_CURVE('',#3809,#3841,#3849,.T.);
#3849 = LINE('',#3850,#3851);
#3850 = CARTESIAN_POINT('',(1.1434,3.031999,1.51));
#3851 = VECTOR('',#3852,1.);
#3852 = DIRECTION('',(0.,1.,0.));
#3853 = PLANE('',#3854);
#3854 = AXIS2_PLACEMENT_3D('',#3855,#3856,#3857);
#3855 = CARTESIAN_POINT('',(1.1434,3.031999,1.51));
#3856 = DIRECTION('',(-1.,0.,0.));
#3857 = DIRECTION('',(0.,1.,0.));
#3858 = ADVANCED_FACE('',(#3859),#3884,.T.);
#3859 = FACE_BOUND('',#3860,.T.);
#3860 = EDGE_LOOP('',(#3861,#3862,#3870,#3878));
#3861 = ORIENTED_EDGE('',*,*,#3840,.T.);
#3862 = ORIENTED_EDGE('',*,*,#3863,.T.);
#3863 = EDGE_CURVE('',#3833,#3864,#3866,.T.);
#3864 = VERTEX_POINT('',#3865);
#3865 = CARTESIAN_POINT('',(0.990645,3.703626,1.545));
#3866 = LINE('',#3867,#3868);
#3867 = CARTESIAN_POINT('',(1.1434,3.72782,1.545));
#3868 = VECTOR('',#3869,1.);
#3869 = DIRECTION('',(-0.987688355762,-0.15643436928,0.));
#3870 = ORIENTED_EDGE('',*,*,#3871,.F.);
#3871 = EDGE_CURVE('',#3872,#3864,#3874,.T.);
#3872 = VERTEX_POINT('',#3873);
#3873 = CARTESIAN_POINT('',(0.990645,3.703626,1.51));
#3874 = LINE('',#3875,#3876);
#3875 = CARTESIAN_POINT('',(0.990645,3.703626,1.51));
#3876 = VECTOR('',#3877,1.);
#3877 = DIRECTION('',(0.,0.,1.));
#3878 = ORIENTED_EDGE('',*,*,#3879,.F.);
#3879 = EDGE_CURVE('',#3841,#3872,#3880,.T.);
#3880 = LINE('',#3881,#3882);
#3881 = CARTESIAN_POINT('',(1.1434,3.72782,1.51));
#3882 = VECTOR('',#3883,1.);
#3883 = DIRECTION('',(-0.987688355762,-0.15643436928,0.));
#3884 = PLANE('',#3885);
#3885 = AXIS2_PLACEMENT_3D('',#3886,#3887,#3888);
#3886 = CARTESIAN_POINT('',(1.1434,3.72782,1.51));
#3887 = DIRECTION('',(0.15643436928,-0.987688355762,0.));
#3888 = DIRECTION('',(-0.987688355762,-0.15643436928,0.));
#3889 = ADVANCED_FACE('',(#3890),#3917,.F.);
#3890 = FACE_BOUND('',#3891,.T.);
#3891 = EDGE_LOOP('',(#3892,#3893,#3902,#3910));
#3892 = ORIENTED_EDGE('',*,*,#3871,.T.);
#3893 = ORIENTED_EDGE('',*,*,#3894,.T.);
#3894 = EDGE_CURVE('',#3864,#3895,#3897,.T.);
#3895 = VERTEX_POINT('',#3896);
#3896 = CARTESIAN_POINT('',(0.249654,3.165268,1.545));
#3897 = CIRCLE('',#3898,1.196685040926);
#3898 = AXIS2_PLACEMENT_3D('',#3899,#3900,#3901);
#3899 = CARTESIAN_POINT('',(1.26999667468,2.54000332532,1.545));
#3900 = DIRECTION('',(0.,0.,1.));
#3901 = DIRECTION('',(-0.233437926544,0.972371705908,0.));
#3902 = ORIENTED_EDGE('',*,*,#3903,.F.);
#3903 = EDGE_CURVE('',#3904,#3895,#3906,.T.);
#3904 = VERTEX_POINT('',#3905);
#3905 = CARTESIAN_POINT('',(0.249654,3.165268,1.51));
#3906 = LINE('',#3907,#3908);
#3907 = CARTESIAN_POINT('',(0.249654,3.165268,1.51));
#3908 = VECTOR('',#3909,1.);
#3909 = DIRECTION('',(0.,0.,1.));
#3910 = ORIENTED_EDGE('',*,*,#3911,.F.);
#3911 = EDGE_CURVE('',#3872,#3904,#3912,.T.);
#3912 = CIRCLE('',#3913,1.196685040926);
#3913 = AXIS2_PLACEMENT_3D('',#3914,#3915,#3916);
#3914 = CARTESIAN_POINT('',(1.26999667468,2.54000332532,1.51));
#3915 = DIRECTION('',(0.,0.,1.));
#3916 = DIRECTION('',(-0.233437926544,0.972371705908,0.));
#3917 = CYLINDRICAL_SURFACE('',#3918,1.196685040926);
#3918 = AXIS2_PLACEMENT_3D('',#3919,#3920,#3921);
#3919 = CARTESIAN_POINT('',(1.26999667468,2.54000332532,1.51));
#3920 = DIRECTION('',(-0.,-0.,-1.));
#3921 = DIRECTION('',(-0.233437926544,0.972371705908,0.));
#3922 = ADVANCED_FACE('',(#3923),#3948,.T.);
#3923 = FACE_BOUND('',#3924,.T.);
#3924 = EDGE_LOOP('',(#3925,#3926,#3934,#3942));
#3925 = ORIENTED_EDGE('',*,*,#3903,.T.);
#3926 = ORIENTED_EDGE('',*,*,#3927,.T.);
#3927 = EDGE_CURVE('',#3895,#3928,#3930,.T.);
#3928 = VERTEX_POINT('',#3929);
#3929 = CARTESIAN_POINT('',(0.196272,3.060497,1.545));
#3930 = LINE('',#3931,#3932);
#3931 = CARTESIAN_POINT('',(0.249654,3.165268,1.545));
#3932 = VECTOR('',#3933,1.);
#3933 = DIRECTION('',(-0.453980434021,-0.891011652857,0.));
#3934 = ORIENTED_EDGE('',*,*,#3935,.F.);
#3935 = EDGE_CURVE('',#3936,#3928,#3938,.T.);
#3936 = VERTEX_POINT('',#3937);
#3937 = CARTESIAN_POINT('',(0.196272,3.060497,1.51));
#3938 = LINE('',#3939,#3940);
#3939 = CARTESIAN_POINT('',(0.196272,3.060497,1.51));
#3940 = VECTOR('',#3941,1.);
#3941 = DIRECTION('',(0.,0.,1.));
#3942 = ORIENTED_EDGE('',*,*,#3943,.F.);
#3943 = EDGE_CURVE('',#3904,#3936,#3944,.T.);
#3944 = LINE('',#3945,#3946);
#3945 = CARTESIAN_POINT('',(0.249654,3.165268,1.51));
#3946 = VECTOR('',#3947,1.);
#3947 = DIRECTION('',(-0.453980434021,-0.891011652857,0.));
#3948 = PLANE('',#3949);
#3949 = AXIS2_PLACEMENT_3D('',#3950,#3951,#3952);
#3950 = CARTESIAN_POINT('',(0.249654,3.165268,1.51));
#3951 = DIRECTION('',(0.891011652857,-0.453980434021,0.));
#3952 = DIRECTION('',(-0.453980434021,-0.891011652857,0.));
#3953 = ADVANCED_FACE('',(#3954),#3981,.T.);
#3954 = FACE_BOUND('',#3955,.T.);
#3955 = EDGE_LOOP('',(#3956,#3957,#3966,#3974));
#3956 = ORIENTED_EDGE('',*,*,#3935,.T.);
#3957 = ORIENTED_EDGE('',*,*,#3958,.T.);
#3958 = EDGE_CURVE('',#3928,#3959,#3961,.T.);
#3959 = VERTEX_POINT('',#3960);
#3960 = CARTESIAN_POINT('',(0.104537,3.067717,1.545));
#3961 = CIRCLE('',#3962,4.98000127018E-02);
#3962 = AXIS2_PLACEMENT_3D('',#3963,#3964,#3965);
#3963 = CARTESIAN_POINT('',(0.151899781957,3.08310557207,1.545));
#3964 = DIRECTION('',(-0.,0.,-1.));
#3965 = DIRECTION('',(0.891008167175,-0.453987275181,-0.));
#3966 = ORIENTED_EDGE('',*,*,#3967,.F.);
#3967 = EDGE_CURVE('',#3968,#3959,#3970,.T.);
#3968 = VERTEX_POINT('',#3969);
#3969 = CARTESIAN_POINT('',(0.104537,3.067717,1.51));
#3970 = LINE('',#3971,#3972);
#3971 = CARTESIAN_POINT('',(0.104537,3.067717,1.51));
#3972 = VECTOR('',#3973,1.);
#3973 = DIRECTION('',(0.,0.,1.));
#3974 = ORIENTED_EDGE('',*,*,#3975,.F.);
#3975 = EDGE_CURVE('',#3936,#3968,#3976,.T.);
#3976 = CIRCLE('',#3977,4.98000127018E-02);
#3977 = AXIS2_PLACEMENT_3D('',#3978,#3979,#3980);
#3978 = CARTESIAN_POINT('',(0.151899781957,3.08310557207,1.51));
#3979 = DIRECTION('',(-0.,0.,-1.));
#3980 = DIRECTION('',(0.891008167175,-0.453987275181,-0.));
#3981 = CYLINDRICAL_SURFACE('',#3982,4.98000127018E-02);
#3982 = AXIS2_PLACEMENT_3D('',#3983,#3984,#3985);
#3983 = CARTESIAN_POINT('',(0.151899781957,3.08310557207,1.51));
#3984 = DIRECTION('',(-0.,0.,-1.));
#3985 = DIRECTION('',(0.891008167175,-0.453987275181,-0.));
#3986 = ADVANCED_FACE('',(#3987),#4012,.T.);
#3987 = FACE_BOUND('',#3988,.T.);
#3988 = EDGE_LOOP('',(#3989,#3990,#3998,#4006));
#3989 = ORIENTED_EDGE('',*,*,#3967,.T.);
#3990 = ORIENTED_EDGE('',*,*,#3991,.T.);
#3991 = EDGE_CURVE('',#3959,#3992,#3994,.T.);
#3992 = VERTEX_POINT('',#3993);
#3993 = CARTESIAN_POINT('',(0.1021,4.422133,1.545));
#3994 = LINE('',#3995,#3996);
#3995 = CARTESIAN_POINT('',(0.104537,3.067717,1.545));
#3996 = VECTOR('',#3997,1.);
#3997 = DIRECTION('',(-1.799296564085E-03,0.999998381265,0.));
#3998 = ORIENTED_EDGE('',*,*,#3999,.F.);
#3999 = EDGE_CURVE('',#4000,#3992,#4002,.T.);
#4000 = VERTEX_POINT('',#4001);
#4001 = CARTESIAN_POINT('',(0.1021,4.422133,1.51));
#4002 = LINE('',#4003,#4004);
#4003 = CARTESIAN_POINT('',(0.1021,4.422133,1.51));
#4004 = VECTOR('',#4005,1.);
#4005 = DIRECTION('',(0.,0.,1.));
#4006 = ORIENTED_EDGE('',*,*,#4007,.F.);
#4007 = EDGE_CURVE('',#3968,#4000,#4008,.T.);
#4008 = LINE('',#4009,#4010);
#4009 = CARTESIAN_POINT('',(0.104537,3.067717,1.51));
#4010 = VECTOR('',#4011,1.);
#4011 = DIRECTION('',(-1.799296564085E-03,0.999998381265,0.));
#4012 = PLANE('',#4013);
#4013 = AXIS2_PLACEMENT_3D('',#4014,#4015,#4016);
#4014 = CARTESIAN_POINT('',(0.104537,3.067717,1.51));
#4015 = DIRECTION('',(-0.999998381265,-1.799296564085E-03,0.));
#4016 = DIRECTION('',(-1.799296564085E-03,0.999998381265,0.));
#4017 = ADVANCED_FACE('',(#4018),#4045,.T.);
#4018 = FACE_BOUND('',#4019,.T.);
#4019 = EDGE_LOOP('',(#4020,#4021,#4030,#4038));
#4020 = ORIENTED_EDGE('',*,*,#3999,.T.);
#4021 = ORIENTED_EDGE('',*,*,#4022,.T.);
#4022 = EDGE_CURVE('',#3992,#4023,#4025,.T.);
#4023 = VERTEX_POINT('',#4024);
#4024 = CARTESIAN_POINT('',(0.187114,4.457347,1.545));
#4025 = CIRCLE('',#4026,4.980000000027E-02);
#4026 = AXIS2_PLACEMENT_3D('',#4027,#4028,#4029);
#4027 = CARTESIAN_POINT('',(0.1519,4.422133164594,1.545));
#4028 = DIRECTION('',(0.,0.,-1.));
#4029 = DIRECTION('',(-0.999999999995,-3.305092941837E-06,-0.));
#4030 = ORIENTED_EDGE('',*,*,#4031,.F.);
#4031 = EDGE_CURVE('',#4032,#4023,#4034,.T.);
#4032 = VERTEX_POINT('',#4033);
#4033 = CARTESIAN_POINT('',(0.187114,4.457347,1.51));
#4034 = LINE('',#4035,#4036);
#4035 = CARTESIAN_POINT('',(0.187114,4.457347,1.51));
#4036 = VECTOR('',#4037,1.);
#4037 = DIRECTION('',(0.,0.,1.));
#4038 = ORIENTED_EDGE('',*,*,#4039,.F.);
#4039 = EDGE_CURVE('',#4000,#4032,#4040,.T.);
#4040 = CIRCLE('',#4041,4.980000000027E-02);
#4041 = AXIS2_PLACEMENT_3D('',#4042,#4043,#4044);
#4042 = CARTESIAN_POINT('',(0.1519,4.422133164594,1.51));
#4043 = DIRECTION('',(0.,0.,-1.));
#4044 = DIRECTION('',(-0.999999999995,-3.305092941837E-06,-0.));
#4045 = CYLINDRICAL_SURFACE('',#4046,4.980000000027E-02);
#4046 = AXIS2_PLACEMENT_3D('',#4047,#4048,#4049);
#4047 = CARTESIAN_POINT('',(0.1519,4.422133164594,1.51));
#4048 = DIRECTION('',(0.,0.,-1.));
#4049 = DIRECTION('',(-0.999999999995,-3.305092941837E-06,-0.));
#4050 = ADVANCED_FACE('',(#4051),#4076,.T.);
#4051 = FACE_BOUND('',#4052,.T.);
#4052 = EDGE_LOOP('',(#4053,#4054,#4062,#4070));
#4053 = ORIENTED_EDGE('',*,*,#4031,.T.);
#4054 = ORIENTED_EDGE('',*,*,#4055,.T.);
#4055 = EDGE_CURVE('',#4023,#4056,#4058,.T.);
#4056 = VERTEX_POINT('',#4057);
#4057 = CARTESIAN_POINT('',(0.320291,4.268872,1.545));
#4058 = LINE('',#4059,#4060);
#4059 = CARTESIAN_POINT('',(0.187114,4.457347,1.545));
#4060 = VECTOR('',#4061,1.);
#4061 = DIRECTION('',(0.577075946516,-0.816690487243,0.));
#4062 = ORIENTED_EDGE('',*,*,#4063,.F.);
#4063 = EDGE_CURVE('',#4064,#4056,#4066,.T.);
#4064 = VERTEX_POINT('',#4065);
#4065 = CARTESIAN_POINT('',(0.320291,4.268872,1.51));
#4066 = LINE('',#4067,#4068);
#4067 = CARTESIAN_POINT('',(0.320291,4.268872,1.51));
#4068 = VECTOR('',#4069,1.);
#4069 = DIRECTION('',(0.,0.,1.));
#4070 = ORIENTED_EDGE('',*,*,#4071,.F.);
#4071 = EDGE_CURVE('',#4032,#4064,#4072,.T.);
#4072 = LINE('',#4073,#4074);
#4073 = CARTESIAN_POINT('',(0.187114,4.457347,1.51));
#4074 = VECTOR('',#4075,1.);
#4075 = DIRECTION('',(0.577075946516,-0.816690487243,0.));
#4076 = PLANE('',#4077);
#4077 = AXIS2_PLACEMENT_3D('',#4078,#4079,#4080);
#4078 = CARTESIAN_POINT('',(0.187114,4.457347,1.51));
#4079 = DIRECTION('',(0.816690487243,0.577075946516,-0.));
#4080 = DIRECTION('',(0.577075946516,-0.816690487243,0.));
#4081 = ADVANCED_FACE('',(#4082),#4109,.F.);
#4082 = FACE_BOUND('',#4083,.T.);
#4083 = EDGE_LOOP('',(#4084,#4085,#4094,#4102));
#4084 = ORIENTED_EDGE('',*,*,#4063,.T.);
#4085 = ORIENTED_EDGE('',*,*,#4086,.T.);
#4086 = EDGE_CURVE('',#4056,#4087,#4089,.T.);
#4087 = VERTEX_POINT('',#4088);
#4088 = CARTESIAN_POINT('',(2.418512,5.568484,1.545));
#4089 = CIRCLE('',#4090,1.248435819139);
#4090 = AXIS2_PLACEMENT_3D('',#4091,#4092,#4093);
#4091 = CARTESIAN_POINT('',(1.269894483734,5.079331880679,1.545));
#4092 = DIRECTION('',(0.,0.,1.));
#4093 = DIRECTION('',(-0.760634603058,-0.649180252804,0.));
#4094 = ORIENTED_EDGE('',*,*,#4095,.F.);
#4095 = EDGE_CURVE('',#4096,#4087,#4098,.T.);
#4096 = VERTEX_POINT('',#4097);
#4097 = CARTESIAN_POINT('',(2.418512,5.568484,1.51));
#4098 = LINE('',#4099,#4100);
#4099 = CARTESIAN_POINT('',(2.418512,5.568484,1.51));
#4100 = VECTOR('',#4101,1.);
#4101 = DIRECTION('',(0.,0.,1.));
#4102 = ORIENTED_EDGE('',*,*,#4103,.F.);
#4103 = EDGE_CURVE('',#4064,#4096,#4104,.T.);
#4104 = CIRCLE('',#4105,1.248435819139);
#4105 = AXIS2_PLACEMENT_3D('',#4106,#4107,#4108);
#4106 = CARTESIAN_POINT('',(1.269894483734,5.079331880679,1.51));
#4107 = DIRECTION('',(0.,0.,1.));
#4108 = DIRECTION('',(-0.760634603058,-0.649180252804,0.));
#4109 = CYLINDRICAL_SURFACE('',#4110,1.248435819139);
#4110 = AXIS2_PLACEMENT_3D('',#4111,#4112,#4113);
#4111 = CARTESIAN_POINT('',(1.269894483734,5.079331880679,1.51));
#4112 = DIRECTION('',(-0.,-0.,-1.));
#4113 = DIRECTION('',(-0.760634603058,-0.649180252804,0.));
#4114 = ADVANCED_FACE('',(#4115),#4140,.T.);
#4115 = FACE_BOUND('',#4116,.T.);
#4116 = EDGE_LOOP('',(#4117,#4118,#4126,#4134));
#4117 = ORIENTED_EDGE('',*,*,#4095,.T.);
#4118 = ORIENTED_EDGE('',*,*,#4119,.T.);
#4119 = EDGE_CURVE('',#4087,#4120,#4122,.T.);
#4120 = VERTEX_POINT('',#4121);
#4121 = CARTESIAN_POINT('',(2.415521,5.60648,1.545));
#4122 = LINE('',#4123,#4124);
#4123 = CARTESIAN_POINT('',(2.418512,5.568484,1.545));
#4124 = VECTOR('',#4125,1.);
#4125 = DIRECTION('',(-7.847604366962E-02,0.996915999756,0.));
#4126 = ORIENTED_EDGE('',*,*,#4127,.F.);
#4127 = EDGE_CURVE('',#4128,#4120,#4130,.T.);
#4128 = VERTEX_POINT('',#4129);
#4129 = CARTESIAN_POINT('',(2.415521,5.60648,1.51));
#4130 = LINE('',#4131,#4132);
#4131 = CARTESIAN_POINT('',(2.415521,5.60648,1.51));
#4132 = VECTOR('',#4133,1.);
#4133 = DIRECTION('',(0.,0.,1.));
#4134 = ORIENTED_EDGE('',*,*,#4135,.F.);
#4135 = EDGE_CURVE('',#4096,#4128,#4136,.T.);
#4136 = LINE('',#4137,#4138);
#4137 = CARTESIAN_POINT('',(2.418512,5.568484,1.51));
#4138 = VECTOR('',#4139,1.);
#4139 = DIRECTION('',(-7.847604366962E-02,0.996915999756,0.));
#4140 = PLANE('',#4141);
#4141 = AXIS2_PLACEMENT_3D('',#4142,#4143,#4144);
#4142 = CARTESIAN_POINT('',(2.418512,5.568484,1.51));
#4143 = DIRECTION('',(-0.996915999756,-7.847604366962E-02,0.));
#4144 = DIRECTION('',(-7.847604366962E-02,0.996915999756,0.));
#4145 = ADVANCED_FACE('',(#4146),#4171,.T.);
#4146 = FACE_BOUND('',#4147,.T.);
#4147 = EDGE_LOOP('',(#4148,#4149,#4157,#4165));
#4148 = ORIENTED_EDGE('',*,*,#4127,.T.);
#4149 = ORIENTED_EDGE('',*,*,#4150,.T.);
#4150 = EDGE_CURVE('',#4120,#4151,#4153,.T.);
#4151 = VERTEX_POINT('',#4152);
#4152 = CARTESIAN_POINT('',(2.427668,5.626305,1.545));
#4153 = LINE('',#4154,#4155);
#4154 = CARTESIAN_POINT('',(2.415521,5.60648,1.545));
#4155 = VECTOR('',#4156,1.);
#4156 = DIRECTION('',(0.522443043192,0.852674185501,0.));
#4157 = ORIENTED_EDGE('',*,*,#4158,.F.);
#4158 = EDGE_CURVE('',#4159,#4151,#4161,.T.);
#4159 = VERTEX_POINT('',#4160);
#4160 = CARTESIAN_POINT('',(2.427668,5.626305,1.51));
#4161 = LINE('',#4162,#4163);
#4162 = CARTESIAN_POINT('',(2.427668,5.626305,1.51));
#4163 = VECTOR('',#4164,1.);
#4164 = DIRECTION('',(0.,0.,1.));
#4165 = ORIENTED_EDGE('',*,*,#4166,.F.);
#4166 = EDGE_CURVE('',#4128,#4159,#4167,.T.);
#4167 = LINE('',#4168,#4169);
#4168 = CARTESIAN_POINT('',(2.415521,5.60648,1.51));
#4169 = VECTOR('',#4170,1.);
#4170 = DIRECTION('',(0.522443043192,0.852674185501,0.));
#4171 = PLANE('',#4172);
#4172 = AXIS2_PLACEMENT_3D('',#4173,#4174,#4175);
#4173 = CARTESIAN_POINT('',(2.415521,5.60648,1.51));
#4174 = DIRECTION('',(-0.852674185501,0.522443043192,0.));
#4175 = DIRECTION('',(0.522443043192,0.852674185501,0.));
#4176 = ADVANCED_FACE('',(#4177),#4202,.T.);
#4177 = FACE_BOUND('',#4178,.T.);
#4178 = EDGE_LOOP('',(#4179,#4180,#4188,#4196));
#4179 = ORIENTED_EDGE('',*,*,#4158,.T.);
#4180 = ORIENTED_EDGE('',*,*,#4181,.T.);
#4181 = EDGE_CURVE('',#4151,#4182,#4184,.T.);
#4182 = VERTEX_POINT('',#4183);
#4183 = CARTESIAN_POINT('',(4.736479,7.935114,1.545));
#4184 = LINE('',#4185,#4186);
#4185 = CARTESIAN_POINT('',(2.427668,5.626305,1.545));
#4186 = VECTOR('',#4187,1.);
#4187 = DIRECTION('',(0.707107087451,0.707106474922,0.));
#4188 = ORIENTED_EDGE('',*,*,#4189,.F.);
#4189 = EDGE_CURVE('',#4190,#4182,#4192,.T.);
#4190 = VERTEX_POINT('',#4191);
#4191 = CARTESIAN_POINT('',(4.736479,7.935114,1.51));
#4192 = LINE('',#4193,#4194);
#4193 = CARTESIAN_POINT('',(4.736479,7.935114,1.51));
#4194 = VECTOR('',#4195,1.);
#4195 = DIRECTION('',(0.,0.,1.));
#4196 = ORIENTED_EDGE('',*,*,#4197,.F.);
#4197 = EDGE_CURVE('',#4159,#4190,#4198,.T.);
#4198 = LINE('',#4199,#4200);
#4199 = CARTESIAN_POINT('',(2.427668,5.626305,1.51));
#4200 = VECTOR('',#4201,1.);
#4201 = DIRECTION('',(0.707107087451,0.707106474922,0.));
#4202 = PLANE('',#4203);
#4203 = AXIS2_PLACEMENT_3D('',#4204,#4205,#4206);
#4204 = CARTESIAN_POINT('',(2.427668,5.626305,1.51));
#4205 = DIRECTION('',(-0.707106474922,0.707107087451,0.));
#4206 = DIRECTION('',(0.707107087451,0.707106474922,0.));
#4207 = ADVANCED_FACE('',(#4208),#4233,.T.);
#4208 = FACE_BOUND('',#4209,.T.);
#4209 = EDGE_LOOP('',(#4210,#4211,#4219,#4227));
#4210 = ORIENTED_EDGE('',*,*,#4189,.T.);
#4211 = ORIENTED_EDGE('',*,*,#4212,.T.);
#4212 = EDGE_CURVE('',#4182,#4213,#4215,.T.);
#4213 = VERTEX_POINT('',#4214);
#4214 = CARTESIAN_POINT('',(4.771693,7.9497,1.545));
#4215 = LINE('',#4216,#4217);
#4216 = CARTESIAN_POINT('',(4.736479,7.935114,1.545));
#4217 = VECTOR('',#4218,1.);
#4218 = DIRECTION('',(0.923880612086,0.382680826032,0.));
#4219 = ORIENTED_EDGE('',*,*,#4220,.F.);
#4220 = EDGE_CURVE('',#4221,#4213,#4223,.T.);
#4221 = VERTEX_POINT('',#4222);
#4222 = CARTESIAN_POINT('',(4.771693,7.9497,1.51));
#4223 = LINE('',#4224,#4225);
#4224 = CARTESIAN_POINT('',(4.771693,7.9497,1.51));
#4225 = VECTOR('',#4226,1.);
#4226 = DIRECTION('',(0.,0.,1.));
#4227 = ORIENTED_EDGE('',*,*,#4228,.F.);
#4228 = EDGE_CURVE('',#4190,#4221,#4229,.T.);
#4229 = LINE('',#4230,#4231);
#4230 = CARTESIAN_POINT('',(4.736479,7.935114,1.51));
#4231 = VECTOR('',#4232,1.);
#4232 = DIRECTION('',(0.923880612086,0.382680826032,0.));
#4233 = PLANE('',#4234);
#4234 = AXIS2_PLACEMENT_3D('',#4235,#4236,#4237);
#4235 = CARTESIAN_POINT('',(4.736479,7.935114,1.51));
#4236 = DIRECTION('',(-0.382680826032,0.923880612086,0.));
#4237 = DIRECTION('',(0.923880612086,0.382680826032,0.));
#4238 = ADVANCED_FACE('',(#4239),#4264,.T.);
#4239 = FACE_BOUND('',#4240,.T.);
#4240 = EDGE_LOOP('',(#4241,#4242,#4250,#4258));
#4241 = ORIENTED_EDGE('',*,*,#4220,.T.);
#4242 = ORIENTED_EDGE('',*,*,#4243,.T.);
#4243 = EDGE_CURVE('',#4213,#4244,#4246,.T.);
#4244 = VERTEX_POINT('',#4245);
#4245 = CARTESIAN_POINT('',(5.756901,7.9497,1.545));
#4246 = LINE('',#4247,#4248);
#4247 = CARTESIAN_POINT('',(4.771693,7.9497,1.545));
#4248 = VECTOR('',#4249,1.);
#4249 = DIRECTION('',(1.,0.,0.));
#4250 = ORIENTED_EDGE('',*,*,#4251,.F.);
#4251 = EDGE_CURVE('',#4252,#4244,#4254,.T.);
#4252 = VERTEX_POINT('',#4253);
#4253 = CARTESIAN_POINT('',(5.756901,7.9497,1.51));
#4254 = LINE('',#4255,#4256);
#4255 = CARTESIAN_POINT('',(5.756901,7.9497,1.51));
#4256 = VECTOR('',#4257,1.);
#4257 = DIRECTION('',(0.,0.,1.));
#4258 = ORIENTED_EDGE('',*,*,#4259,.F.);
#4259 = EDGE_CURVE('',#4221,#4252,#4260,.T.);
#4260 = LINE('',#4261,#4262);
#4261 = CARTESIAN_POINT('',(4.771693,7.9497,1.51));
#4262 = VECTOR('',#4263,1.);
#4263 = DIRECTION('',(1.,0.,0.));
#4264 = PLANE('',#4265);
#4265 = AXIS2_PLACEMENT_3D('',#4266,#4267,#4268);
#4266 = CARTESIAN_POINT('',(4.771693,7.9497,1.51));
#4267 = DIRECTION('',(0.,1.,0.));
#4268 = DIRECTION('',(1.,0.,0.));
#4269 = ADVANCED_FACE('',(#4270),#4295,.T.);
#4270 = FACE_BOUND('',#4271,.T.);
#4271 = EDGE_LOOP('',(#4272,#4273,#4281,#4289));
#4272 = ORIENTED_EDGE('',*,*,#4251,.T.);
#4273 = ORIENTED_EDGE('',*,*,#4274,.T.);
#4274 = EDGE_CURVE('',#4244,#4275,#4277,.T.);
#4275 = VERTEX_POINT('',#4276);
#4276 = CARTESIAN_POINT('',(5.792115,7.935114,1.545));
#4277 = LINE('',#4278,#4279);
#4278 = CARTESIAN_POINT('',(5.756901,7.9497,1.545));
#4279 = VECTOR('',#4280,1.);
#4280 = DIRECTION('',(0.923880612086,-0.382680826032,0.));
#4281 = ORIENTED_EDGE('',*,*,#4282,.F.);
#4282 = EDGE_CURVE('',#4283,#4275,#4285,.T.);
#4283 = VERTEX_POINT('',#4284);
#4284 = CARTESIAN_POINT('',(5.792115,7.935114,1.51));
#4285 = LINE('',#4286,#4287);
#4286 = CARTESIAN_POINT('',(5.792115,7.935114,1.51));
#4287 = VECTOR('',#4288,1.);
#4288 = DIRECTION('',(0.,0.,1.));
#4289 = ORIENTED_EDGE('',*,*,#4290,.F.);
#4290 = EDGE_CURVE('',#4252,#4283,#4291,.T.);
#4291 = LINE('',#4292,#4293);
#4292 = CARTESIAN_POINT('',(5.756901,7.9497,1.51));
#4293 = VECTOR('',#4294,1.);
#4294 = DIRECTION('',(0.923880612086,-0.382680826032,0.));
#4295 = PLANE('',#4296);
#4296 = AXIS2_PLACEMENT_3D('',#4297,#4298,#4299);
#4297 = CARTESIAN_POINT('',(5.756901,7.9497,1.51));
#4298 = DIRECTION('',(0.382680826032,0.923880612086,-0.));
#4299 = DIRECTION('',(0.923880612086,-0.382680826032,0.));
#4300 = ADVANCED_FACE('',(#4301),#4326,.T.);
#4301 = FACE_BOUND('',#4302,.T.);
#4302 = EDGE_LOOP('',(#4303,#4304,#4312,#4320));
#4303 = ORIENTED_EDGE('',*,*,#4282,.T.);
#4304 = ORIENTED_EDGE('',*,*,#4305,.T.);
#4305 = EDGE_CURVE('',#4275,#4306,#4308,.T.);
#4306 = VERTEX_POINT('',#4307);
#4307 = CARTESIAN_POINT('',(5.806701,7.8999,1.545));
#4308 = LINE('',#4309,#4310);
#4309 = CARTESIAN_POINT('',(5.792115,7.935114,1.545));
#4310 = VECTOR('',#4311,1.);
#4311 = DIRECTION('',(0.382680826032,-0.923880612086,0.));
#4312 = ORIENTED_EDGE('',*,*,#4313,.F.);
#4313 = EDGE_CURVE('',#4314,#4306,#4316,.T.);
#4314 = VERTEX_POINT('',#4315);
#4315 = CARTESIAN_POINT('',(5.806701,7.8999,1.51));
#4316 = LINE('',#4317,#4318);
#4317 = CARTESIAN_POINT('',(5.806701,7.8999,1.51));
#4318 = VECTOR('',#4319,1.);
#4319 = DIRECTION('',(0.,0.,1.));
#4320 = ORIENTED_EDGE('',*,*,#4321,.F.);
#4321 = EDGE_CURVE('',#4283,#4314,#4322,.T.);
#4322 = LINE('',#4323,#4324);
#4323 = CARTESIAN_POINT('',(5.792115,7.935114,1.51));
#4324 = VECTOR('',#4325,1.);
#4325 = DIRECTION('',(0.382680826032,-0.923880612086,0.));
#4326 = PLANE('',#4327);
#4327 = AXIS2_PLACEMENT_3D('',#4328,#4329,#4330);
#4328 = CARTESIAN_POINT('',(5.792115,7.935114,1.51));
#4329 = DIRECTION('',(0.923880612086,0.382680826032,-0.));
#4330 = DIRECTION('',(0.382680826032,-0.923880612086,0.));
#4331 = ADVANCED_FACE('',(#4332),#4357,.T.);
#4332 = FACE_BOUND('',#4333,.T.);
#4333 = EDGE_LOOP('',(#4334,#4335,#4343,#4351));
#4334 = ORIENTED_EDGE('',*,*,#4313,.T.);
#4335 = ORIENTED_EDGE('',*,*,#4336,.T.);
#4336 = EDGE_CURVE('',#4306,#4337,#4339,.T.);
#4337 = VERTEX_POINT('',#4338);
#4338 = CARTESIAN_POINT('',(5.809661,7.860894,1.545));
#4339 = LINE('',#4340,#4341);
#4340 = CARTESIAN_POINT('',(5.806701,7.8999,1.545));
#4341 = VECTOR('',#4342,1.);
#4342 = DIRECTION('',(7.566820063458E-02,-0.997133052011,0.));
#4343 = ORIENTED_EDGE('',*,*,#4344,.F.);
#4344 = EDGE_CURVE('',#4345,#4337,#4347,.T.);
#4345 = VERTEX_POINT('',#4346);
#4346 = CARTESIAN_POINT('',(5.809661,7.860894,1.51));
#4347 = LINE('',#4348,#4349);
#4348 = CARTESIAN_POINT('',(5.809661,7.860894,1.51));
#4349 = VECTOR('',#4350,1.);
#4350 = DIRECTION('',(0.,0.,1.));
#4351 = ORIENTED_EDGE('',*,*,#4352,.F.);
#4352 = EDGE_CURVE('',#4314,#4345,#4353,.T.);
#4353 = LINE('',#4354,#4355);
#4354 = CARTESIAN_POINT('',(5.806701,7.8999,1.51));
#4355 = VECTOR('',#4356,1.);
#4356 = DIRECTION('',(7.566820063458E-02,-0.997133052011,0.));
#4357 = PLANE('',#4358);
#4358 = AXIS2_PLACEMENT_3D('',#4359,#4360,#4361);
#4359 = CARTESIAN_POINT('',(5.806701,7.8999,1.51));
#4360 = DIRECTION('',(0.997133052011,7.566820063458E-02,-0.));
#4361 = DIRECTION('',(7.566820063458E-02,-0.997133052011,0.));
#4362 = ADVANCED_FACE('',(#4363),#4390,.F.);
#4363 = FACE_BOUND('',#4364,.T.);
#4364 = EDGE_LOOP('',(#4365,#4366,#4375,#4383));
#4365 = ORIENTED_EDGE('',*,*,#4344,.T.);
#4366 = ORIENTED_EDGE('',*,*,#4367,.T.);
#4367 = EDGE_CURVE('',#4337,#4368,#4370,.T.);
#4368 = VERTEX_POINT('',#4369);
#4369 = CARTESIAN_POINT('',(6.040891,7.629662,1.545));
#4370 = CIRCLE('',#4371,0.310587776962);
#4371 = AXIS2_PLACEMENT_3D('',#4372,#4373,#4374);
#4372 = CARTESIAN_POINT('',(6.111999703162,7.932000088128,1.545));
#4373 = DIRECTION('',(0.,0.,1.));
#4374 = DIRECTION('',(-0.973440442888,-0.228940394319,0.));
#4375 = ORIENTED_EDGE('',*,*,#4376,.F.);
#4376 = EDGE_CURVE('',#4377,#4368,#4379,.T.);
#4377 = VERTEX_POINT('',#4378);
#4378 = CARTESIAN_POINT('',(6.040891,7.629662,1.51));
#4379 = LINE('',#4380,#4381);
#4380 = CARTESIAN_POINT('',(6.040891,7.629662,1.51));
#4381 = VECTOR('',#4382,1.);
#4382 = DIRECTION('',(0.,0.,1.));
#4383 = ORIENTED_EDGE('',*,*,#4384,.F.);
#4384 = EDGE_CURVE('',#4345,#4377,#4385,.T.);
#4385 = CIRCLE('',#4386,0.310587776962);
#4386 = AXIS2_PLACEMENT_3D('',#4387,#4388,#4389);
#4387 = CARTESIAN_POINT('',(6.111999703162,7.932000088128,1.51));
#4388 = DIRECTION('',(0.,0.,1.));
#4389 = DIRECTION('',(-0.973440442888,-0.228940394319,0.));
#4390 = CYLINDRICAL_SURFACE('',#4391,0.310587776962);
#4391 = AXIS2_PLACEMENT_3D('',#4392,#4393,#4394);
#4392 = CARTESIAN_POINT('',(6.111999703162,7.932000088128,1.51));
#4393 = DIRECTION('',(-0.,-0.,-1.));
#4394 = DIRECTION('',(-0.973440442888,-0.228940394319,0.));
#4395 = ADVANCED_FACE('',(#4396),#4421,.T.);
#4396 = FACE_BOUND('',#4397,.T.);
#4397 = EDGE_LOOP('',(#4398,#4399,#4407,#4415));
#4398 = ORIENTED_EDGE('',*,*,#4376,.T.);
#4399 = ORIENTED_EDGE('',*,*,#4400,.T.);
#4400 = EDGE_CURVE('',#4368,#4401,#4403,.T.);
#4401 = VERTEX_POINT('',#4402);
#4402 = CARTESIAN_POINT('',(6.883109,7.629662,1.545));
#4403 = LINE('',#4404,#4405);
#4404 = CARTESIAN_POINT('',(6.040891,7.629662,1.545));
#4405 = VECTOR('',#4406,1.);
#4406 = DIRECTION('',(1.,0.,0.));
#4407 = ORIENTED_EDGE('',*,*,#4408,.F.);
#4408 = EDGE_CURVE('',#4409,#4401,#4411,.T.);
#4409 = VERTEX_POINT('',#4410);
#4410 = CARTESIAN_POINT('',(6.883109,7.629662,1.51));
#4411 = LINE('',#4412,#4413);
#4412 = CARTESIAN_POINT('',(6.883109,7.629662,1.51));
#4413 = VECTOR('',#4414,1.);
#4414 = DIRECTION('',(0.,0.,1.));
#4415 = ORIENTED_EDGE('',*,*,#4416,.F.);
#4416 = EDGE_CURVE('',#4377,#4409,#4417,.T.);
#4417 = LINE('',#4418,#4419);
#4418 = CARTESIAN_POINT('',(6.040891,7.629662,1.51));
#4419 = VECTOR('',#4420,1.);
#4420 = DIRECTION('',(1.,0.,0.));
#4421 = PLANE('',#4422);
#4422 = AXIS2_PLACEMENT_3D('',#4423,#4424,#4425);
#4423 = CARTESIAN_POINT('',(6.040891,7.629662,1.51));
#4424 = DIRECTION('',(0.,1.,0.));
#4425 = DIRECTION('',(1.,0.,0.));
#4426 = ADVANCED_FACE('',(#4427),#4452,.T.);
#4427 = FACE_BOUND('',#4428,.T.);
#4428 = EDGE_LOOP('',(#4429,#4430,#4438,#4446));
#4429 = ORIENTED_EDGE('',*,*,#4408,.T.);
#4430 = ORIENTED_EDGE('',*,*,#4431,.T.);
#4431 = EDGE_CURVE('',#4401,#4432,#4434,.T.);
#4432 = VERTEX_POINT('',#4433);
#4433 = CARTESIAN_POINT('',(6.987525,7.675766,1.545));
#4434 = LINE('',#4435,#4436);
#4435 = CARTESIAN_POINT('',(6.883109,7.629662,1.545));
#4436 = VECTOR('',#4437,1.);
#4437 = DIRECTION('',(0.914794431619,0.403919729499,0.));
#4438 = ORIENTED_EDGE('',*,*,#4439,.F.);
#4439 = EDGE_CURVE('',#4440,#4432,#4442,.T.);
#4440 = VERTEX_POINT('',#4441);
#4441 = CARTESIAN_POINT('',(6.987525,7.675766,1.51));
#4442 = LINE('',#4443,#4444);
#4443 = CARTESIAN_POINT('',(6.987525,7.675766,1.51));
#4444 = VECTOR('',#4445,1.);
#4445 = DIRECTION('',(0.,0.,1.));
#4446 = ORIENTED_EDGE('',*,*,#4447,.F.);
#4447 = EDGE_CURVE('',#4409,#4440,#4448,.T.);
#4448 = LINE('',#4449,#4450);
#4449 = CARTESIAN_POINT('',(6.883109,7.629662,1.51));
#4450 = VECTOR('',#4451,1.);
#4451 = DIRECTION('',(0.914794431619,0.403919729499,0.));
#4452 = PLANE('',#4453);
#4453 = AXIS2_PLACEMENT_3D('',#4454,#4455,#4456);
#4454 = CARTESIAN_POINT('',(6.883109,7.629662,1.51));
#4455 = DIRECTION('',(-0.403919729499,0.914794431619,0.));
#4456 = DIRECTION('',(0.914794431619,0.403919729499,0.));
#4457 = ADVANCED_FACE('',(#4458),#4483,.T.);
#4458 = FACE_BOUND('',#4459,.T.);
#4459 = EDGE_LOOP('',(#4460,#4461,#4469,#4477));
#4460 = ORIENTED_EDGE('',*,*,#4439,.T.);
#4461 = ORIENTED_EDGE('',*,*,#4462,.T.);
#4462 = EDGE_CURVE('',#4432,#4463,#4465,.T.);
#4463 = VERTEX_POINT('',#4464);
#4464 = CARTESIAN_POINT('',(7.093941,7.778714,1.545));
#4465 = LINE('',#4466,#4467);
#4466 = CARTESIAN_POINT('',(6.987525,7.675766,1.545));
#4467 = VECTOR('',#4468,1.);
#4468 = DIRECTION('',(0.718721022801,0.695298562766,0.));
#4469 = ORIENTED_EDGE('',*,*,#4470,.F.);
#4470 = EDGE_CURVE('',#4471,#4463,#4473,.T.);
#4471 = VERTEX_POINT('',#4472);
#4472 = CARTESIAN_POINT('',(7.093941,7.778714,1.51));
#4473 = LINE('',#4474,#4475);
#4474 = CARTESIAN_POINT('',(7.093941,7.778714,1.51));
#4475 = VECTOR('',#4476,1.);
#4476 = DIRECTION('',(0.,0.,1.));
#4477 = ORIENTED_EDGE('',*,*,#4478,.F.);
#4478 = EDGE_CURVE('',#4440,#4471,#4479,.T.);
#4479 = LINE('',#4480,#4481);
#4480 = CARTESIAN_POINT('',(6.987525,7.675766,1.51));
#4481 = VECTOR('',#4482,1.);
#4482 = DIRECTION('',(0.718721022801,0.695298562766,0.));
#4483 = PLANE('',#4484);
#4484 = AXIS2_PLACEMENT_3D('',#4485,#4486,#4487);
#4485 = CARTESIAN_POINT('',(6.987525,7.675766,1.51));
#4486 = DIRECTION('',(-0.695298562766,0.718721022801,0.));
#4487 = DIRECTION('',(0.718721022801,0.695298562766,0.));
#4488 = ADVANCED_FACE('',(#4489),#4514,.T.);
#4489 = FACE_BOUND('',#4490,.T.);
#4490 = EDGE_LOOP('',(#4491,#4492,#4500,#4508));
#4491 = ORIENTED_EDGE('',*,*,#4470,.T.);
#4492 = ORIENTED_EDGE('',*,*,#4493,.T.);
#4493 = EDGE_CURVE('',#4463,#4494,#4496,.T.);
#4494 = VERTEX_POINT('',#4495);
#4495 = CARTESIAN_POINT('',(7.132047,7.777891,1.545));
#4496 = LINE('',#4497,#4498);
#4497 = CARTESIAN_POINT('',(7.093941,7.778714,1.545));
#4498 = VECTOR('',#4499,1.);
#4499 = DIRECTION('',(0.999766852348,-2.159261322317E-02,0.));
#4500 = ORIENTED_EDGE('',*,*,#4501,.F.);
#4501 = EDGE_CURVE('',#4502,#4494,#4504,.T.);
#4502 = VERTEX_POINT('',#4503);
#4503 = CARTESIAN_POINT('',(7.132047,7.777891,1.51));
#4504 = LINE('',#4505,#4506);
#4505 = CARTESIAN_POINT('',(7.132047,7.777891,1.51));
#4506 = VECTOR('',#4507,1.);
#4507 = DIRECTION('',(0.,0.,1.));
#4508 = ORIENTED_EDGE('',*,*,#4509,.F.);
#4509 = EDGE_CURVE('',#4471,#4502,#4510,.T.);
#4510 = LINE('',#4511,#4512);
#4511 = CARTESIAN_POINT('',(7.093941,7.778714,1.51));
#4512 = VECTOR('',#4513,1.);
#4513 = DIRECTION('',(0.999766852348,-2.159261322317E-02,0.));
#4514 = PLANE('',#4515);
#4515 = AXIS2_PLACEMENT_3D('',#4516,#4517,#4518);
#4516 = CARTESIAN_POINT('',(7.093941,7.778714,1.51));
#4517 = DIRECTION('',(2.159261322317E-02,0.999766852348,-0.));
#4518 = DIRECTION('',(0.999766852348,-2.159261322317E-02,0.));
#4519 = ADVANCED_FACE('',(#4520),#4545,.T.);
#4520 = FACE_BOUND('',#4521,.T.);
#4521 = EDGE_LOOP('',(#4522,#4523,#4531,#4539));
#4522 = ORIENTED_EDGE('',*,*,#4501,.T.);
#4523 = ORIENTED_EDGE('',*,*,#4524,.T.);
#4524 = EDGE_CURVE('',#4494,#4525,#4527,.T.);
#4525 = VERTEX_POINT('',#4526);
#4526 = CARTESIAN_POINT('',(7.236475,7.675766,1.545));
#4527 = LINE('',#4528,#4529);
#4528 = CARTESIAN_POINT('',(7.132047,7.777891,1.545));
#4529 = VECTOR('',#4530,1.);
#4530 = DIRECTION('',(0.714946357993,-0.699179308327,0.));
#4531 = ORIENTED_EDGE('',*,*,#4532,.F.);
#4532 = EDGE_CURVE('',#4533,#4525,#4535,.T.);
#4533 = VERTEX_POINT('',#4534);
#4534 = CARTESIAN_POINT('',(7.236475,7.675766,1.51));
#4535 = LINE('',#4536,#4537);
#4536 = CARTESIAN_POINT('',(7.236475,7.675766,1.51));
#4537 = VECTOR('',#4538,1.);
#4538 = DIRECTION('',(0.,0.,1.));
#4539 = ORIENTED_EDGE('',*,*,#4540,.F.);
#4540 = EDGE_CURVE('',#4502,#4533,#4541,.T.);
#4541 = LINE('',#4542,#4543);
#4542 = CARTESIAN_POINT('',(7.132047,7.777891,1.51));
#4543 = VECTOR('',#4544,1.);
#4544 = DIRECTION('',(0.714946357993,-0.699179308327,0.));
#4545 = PLANE('',#4546);
#4546 = AXIS2_PLACEMENT_3D('',#4547,#4548,#4549);
#4547 = CARTESIAN_POINT('',(7.132047,7.777891,1.51));
#4548 = DIRECTION('',(0.699179308327,0.714946357993,-0.));
#4549 = DIRECTION('',(0.714946357993,-0.699179308327,0.));
#4550 = ADVANCED_FACE('',(#4551),#4576,.T.);
#4551 = FACE_BOUND('',#4552,.T.);
#4552 = EDGE_LOOP('',(#4553,#4554,#4562,#4570));
#4553 = ORIENTED_EDGE('',*,*,#4532,.T.);
#4554 = ORIENTED_EDGE('',*,*,#4555,.T.);
#4555 = EDGE_CURVE('',#4525,#4556,#4558,.T.);
#4556 = VERTEX_POINT('',#4557);
#4557 = CARTESIAN_POINT('',(7.300015,7.647711,1.545));
#4558 = LINE('',#4559,#4560);
#4559 = CARTESIAN_POINT('',(7.236475,7.675766,1.545));
#4560 = VECTOR('',#4561,1.);
#4561 = DIRECTION('',(0.914797349911,-0.403913120109,0.));
#4562 = ORIENTED_EDGE('',*,*,#4563,.F.);
#4563 = EDGE_CURVE('',#4564,#4556,#4566,.T.);
#4564 = VERTEX_POINT('',#4565);
#4565 = CARTESIAN_POINT('',(7.300015,7.647711,1.51));
#4566 = LINE('',#4567,#4568);
#4567 = CARTESIAN_POINT('',(7.300015,7.647711,1.51));
#4568 = VECTOR('',#4569,1.);
#4569 = DIRECTION('',(0.,0.,1.));
#4570 = ORIENTED_EDGE('',*,*,#4571,.F.);
#4571 = EDGE_CURVE('',#4533,#4564,#4572,.T.);
#4572 = LINE('',#4573,#4574);
#4573 = CARTESIAN_POINT('',(7.236475,7.675766,1.51));
#4574 = VECTOR('',#4575,1.);
#4575 = DIRECTION('',(0.914797349911,-0.403913120109,0.));
#4576 = PLANE('',#4577);
#4577 = AXIS2_PLACEMENT_3D('',#4578,#4579,#4580);
#4578 = CARTESIAN_POINT('',(7.236475,7.675766,1.51));
#4579 = DIRECTION('',(0.403913120109,0.914797349911,-0.));
#4580 = DIRECTION('',(0.914797349911,-0.403913120109,0.));
#4581 = ADVANCED_FACE('',(#4582),#4607,.T.);
#4582 = FACE_BOUND('',#4583,.T.);
#4583 = EDGE_LOOP('',(#4584,#4585,#4593,#4601));
#4584 = ORIENTED_EDGE('',*,*,#4563,.T.);
#4585 = ORIENTED_EDGE('',*,*,#4586,.T.);
#4586 = EDGE_CURVE('',#4556,#4587,#4589,.T.);
#4587 = VERTEX_POINT('',#4588);
#4588 = CARTESIAN_POINT('',(7.326337,7.620146,1.545));
#4589 = LINE('',#4590,#4591);
#4590 = CARTESIAN_POINT('',(7.300015,7.647711,1.545));
#4591 = VECTOR('',#4592,1.);
#4592 = DIRECTION('',(0.690612394086,-0.723225083314,0.));
#4593 = ORIENTED_EDGE('',*,*,#4594,.F.);
#4594 = EDGE_CURVE('',#4595,#4587,#4597,.T.);
#4595 = VERTEX_POINT('',#4596);
#4596 = CARTESIAN_POINT('',(7.326337,7.620146,1.51));
#4597 = LINE('',#4598,#4599);
#4598 = CARTESIAN_POINT('',(7.326337,7.620146,1.51));
#4599 = VECTOR('',#4600,1.);
#4600 = DIRECTION('',(0.,0.,1.));
#4601 = ORIENTED_EDGE('',*,*,#4602,.F.);
#4602 = EDGE_CURVE('',#4564,#4595,#4603,.T.);
#4603 = LINE('',#4604,#4605);
#4604 = CARTESIAN_POINT('',(7.300015,7.647711,1.51));
#4605 = VECTOR('',#4606,1.);
#4606 = DIRECTION('',(0.690612394086,-0.723225083314,0.));
#4607 = PLANE('',#4608);
#4608 = AXIS2_PLACEMENT_3D('',#4609,#4610,#4611);
#4609 = CARTESIAN_POINT('',(7.300015,7.647711,1.51));
#4610 = DIRECTION('',(0.723225083314,0.690612394086,-0.));
#4611 = DIRECTION('',(0.690612394086,-0.723225083314,0.));
#4612 = ADVANCED_FACE('',(#4613),#4638,.T.);
#4613 = FACE_BOUND('',#4614,.T.);
#4614 = EDGE_LOOP('',(#4615,#4616,#4624,#4632));
#4615 = ORIENTED_EDGE('',*,*,#4594,.T.);
#4616 = ORIENTED_EDGE('',*,*,#4617,.T.);
#4617 = EDGE_CURVE('',#4587,#4618,#4620,.T.);
#4618 = VERTEX_POINT('',#4619);
#4619 = CARTESIAN_POINT('',(7.3297,7.602155,1.545));
#4620 = LINE('',#4621,#4622);
#4621 = CARTESIAN_POINT('',(7.326337,7.620146,1.545));
#4622 = VECTOR('',#4623,1.);
#4623 = DIRECTION('',(0.18374419866,-0.982974093992,0.));
#4624 = ORIENTED_EDGE('',*,*,#4625,.F.);
#4625 = EDGE_CURVE('',#4626,#4618,#4628,.T.);
#4626 = VERTEX_POINT('',#4627);
#4627 = CARTESIAN_POINT('',(7.3297,7.602155,1.51));
#4628 = LINE('',#4629,#4630);
#4629 = CARTESIAN_POINT('',(7.3297,7.602155,1.51));
#4630 = VECTOR('',#4631,1.);
#4631 = DIRECTION('',(0.,0.,1.));
#4632 = ORIENTED_EDGE('',*,*,#4633,.F.);
#4633 = EDGE_CURVE('',#4595,#4626,#4634,.T.);
#4634 = LINE('',#4635,#4636);
#4635 = CARTESIAN_POINT('',(7.326337,7.620146,1.51));
#4636 = VECTOR('',#4637,1.);
#4637 = DIRECTION('',(0.18374419866,-0.982974093992,0.));
#4638 = PLANE('',#4639);
#4639 = AXIS2_PLACEMENT_3D('',#4640,#4641,#4642);
#4640 = CARTESIAN_POINT('',(7.326337,7.620146,1.51));
#4641 = DIRECTION('',(0.982974093992,0.18374419866,-0.));
#4642 = DIRECTION('',(0.18374419866,-0.982974093992,0.));
#4643 = ADVANCED_FACE('',(#4644),#4669,.T.);
#4644 = FACE_BOUND('',#4645,.T.);
#4645 = EDGE_LOOP('',(#4646,#4647,#4655,#4663));
#4646 = ORIENTED_EDGE('',*,*,#4625,.T.);
#4647 = ORIENTED_EDGE('',*,*,#4648,.T.);
#4648 = EDGE_CURVE('',#4618,#4649,#4651,.T.);
#4649 = VERTEX_POINT('',#4650);
#4650 = CARTESIAN_POINT('',(7.3297,7.088958,1.545));
#4651 = LINE('',#4652,#4653);
#4652 = CARTESIAN_POINT('',(7.3297,7.602155,1.545));
#4653 = VECTOR('',#4654,1.);
#4654 = DIRECTION('',(0.,-1.,0.));
#4655 = ORIENTED_EDGE('',*,*,#4656,.F.);
#4656 = EDGE_CURVE('',#4657,#4649,#4659,.T.);
#4657 = VERTEX_POINT('',#4658);
#4658 = CARTESIAN_POINT('',(7.3297,7.088958,1.51));
#4659 = LINE('',#4660,#4661);
#4660 = CARTESIAN_POINT('',(7.3297,7.088958,1.51));
#4661 = VECTOR('',#4662,1.);
#4662 = DIRECTION('',(0.,0.,1.));
#4663 = ORIENTED_EDGE('',*,*,#4664,.F.);
#4664 = EDGE_CURVE('',#4626,#4657,#4665,.T.);
#4665 = LINE('',#4666,#4667);
#4666 = CARTESIAN_POINT('',(7.3297,7.602155,1.51));
#4667 = VECTOR('',#4668,1.);
#4668 = DIRECTION('',(0.,-1.,0.));
#4669 = PLANE('',#4670);
#4670 = AXIS2_PLACEMENT_3D('',#4671,#4672,#4673);
#4671 = CARTESIAN_POINT('',(7.3297,7.602155,1.51));
#4672 = DIRECTION('',(1.,0.,-0.));
#4673 = DIRECTION('',(0.,-1.,0.));
#4674 = ADVANCED_FACE('',(#4675),#4700,.T.);
#4675 = FACE_BOUND('',#4676,.T.);
#4676 = EDGE_LOOP('',(#4677,#4678,#4686,#4694));
#4677 = ORIENTED_EDGE('',*,*,#4656,.T.);
#4678 = ORIENTED_EDGE('',*,*,#4679,.T.);
#4679 = EDGE_CURVE('',#4649,#4680,#4682,.T.);
#4680 = VERTEX_POINT('',#4681);
#4681 = CARTESIAN_POINT('',(7.315114,7.053744,1.545));
#4682 = LINE('',#4683,#4684);
#4683 = CARTESIAN_POINT('',(7.3297,7.088958,1.545));
#4684 = VECTOR('',#4685,1.);
#4685 = DIRECTION('',(-0.382680826032,-0.923880612086,0.));
#4686 = ORIENTED_EDGE('',*,*,#4687,.F.);
#4687 = EDGE_CURVE('',#4688,#4680,#4690,.T.);
#4688 = VERTEX_POINT('',#4689);
#4689 = CARTESIAN_POINT('',(7.315114,7.053744,1.51));
#4690 = LINE('',#4691,#4692);
#4691 = CARTESIAN_POINT('',(7.315114,7.053744,1.51));
#4692 = VECTOR('',#4693,1.);
#4693 = DIRECTION('',(0.,0.,1.));
#4694 = ORIENTED_EDGE('',*,*,#4695,.F.);
#4695 = EDGE_CURVE('',#4657,#4688,#4696,.T.);
#4696 = LINE('',#4697,#4698);
#4697 = CARTESIAN_POINT('',(7.3297,7.088958,1.51));
#4698 = VECTOR('',#4699,1.);
#4699 = DIRECTION('',(-0.382680826032,-0.923880612086,0.));
#4700 = PLANE('',#4701);
#4701 = AXIS2_PLACEMENT_3D('',#4702,#4703,#4704);
#4702 = CARTESIAN_POINT('',(7.3297,7.088958,1.51));
#4703 = DIRECTION('',(0.923880612086,-0.382680826032,0.));
#4704 = DIRECTION('',(-0.382680826032,-0.923880612086,0.));
#4705 = ADVANCED_FACE('',(#4706),#4731,.T.);
#4706 = FACE_BOUND('',#4707,.T.);
#4707 = EDGE_LOOP('',(#4708,#4709,#4717,#4725));
#4708 = ORIENTED_EDGE('',*,*,#4687,.T.);
#4709 = ORIENTED_EDGE('',*,*,#4710,.T.);
#4710 = EDGE_CURVE('',#4680,#4711,#4713,.T.);
#4711 = VERTEX_POINT('',#4712);
#4712 = CARTESIAN_POINT('',(7.186475,6.994235,1.545));
#4713 = LINE('',#4714,#4715);
#4714 = CARTESIAN_POINT('',(7.315114,7.053744,1.545));
#4715 = VECTOR('',#4716,1.);
#4716 = DIRECTION('',(-0.907590848975,-0.419855750058,0.));
#4717 = ORIENTED_EDGE('',*,*,#4718,.F.);
#4718 = EDGE_CURVE('',#4719,#4711,#4721,.T.);
#4719 = VERTEX_POINT('',#4720);
#4720 = CARTESIAN_POINT('',(7.186475,6.994235,1.51));
#4721 = LINE('',#4722,#4723);
#4722 = CARTESIAN_POINT('',(7.186475,6.994235,1.51));
#4723 = VECTOR('',#4724,1.);
#4724 = DIRECTION('',(0.,0.,1.));
#4725 = ORIENTED_EDGE('',*,*,#4726,.F.);
#4726 = EDGE_CURVE('',#4688,#4719,#4727,.T.);
#4727 = LINE('',#4728,#4729);
#4728 = CARTESIAN_POINT('',(7.315114,7.053744,1.51));
#4729 = VECTOR('',#4730,1.);
#4730 = DIRECTION('',(-0.907590848975,-0.419855750058,0.));
#4731 = PLANE('',#4732);
#4732 = AXIS2_PLACEMENT_3D('',#4733,#4734,#4735);
#4733 = CARTESIAN_POINT('',(7.315114,7.053744,1.51));
#4734 = DIRECTION('',(0.419855750058,-0.907590848975,0.));
#4735 = DIRECTION('',(-0.907590848975,-0.419855750058,0.));
#4736 = ADVANCED_FACE('',(#4737),#4762,.T.);
#4737 = FACE_BOUND('',#4738,.T.);
#4738 = EDGE_LOOP('',(#4739,#4740,#4748,#4756));
#4739 = ORIENTED_EDGE('',*,*,#4718,.T.);
#4740 = ORIENTED_EDGE('',*,*,#4741,.T.);
#4741 = EDGE_CURVE('',#4711,#4742,#4744,.T.);
#4742 = VERTEX_POINT('',#4743);
#4743 = CARTESIAN_POINT('',(7.147214,6.954973,1.545));
#4744 = LINE('',#4745,#4746);
#4745 = CARTESIAN_POINT('',(7.186475,6.994235,1.545));
#4746 = VECTOR('',#4747,1.);
#4747 = DIRECTION('',(-0.707097776038,-0.70711578622,0.));
#4748 = ORIENTED_EDGE('',*,*,#4749,.F.);
#4749 = EDGE_CURVE('',#4750,#4742,#4752,.T.);
#4750 = VERTEX_POINT('',#4751);
#4751 = CARTESIAN_POINT('',(7.147214,6.954973,1.51));
#4752 = LINE('',#4753,#4754);
#4753 = CARTESIAN_POINT('',(7.147214,6.954973,1.51));
#4754 = VECTOR('',#4755,1.);
#4755 = DIRECTION('',(0.,0.,1.));
#4756 = ORIENTED_EDGE('',*,*,#4757,.F.);
#4757 = EDGE_CURVE('',#4719,#4750,#4758,.T.);
#4758 = LINE('',#4759,#4760);
#4759 = CARTESIAN_POINT('',(7.186475,6.994235,1.51));
#4760 = VECTOR('',#4761,1.);
#4761 = DIRECTION('',(-0.707097776038,-0.70711578622,0.));
#4762 = PLANE('',#4763);
#4763 = AXIS2_PLACEMENT_3D('',#4764,#4765,#4766);
#4764 = CARTESIAN_POINT('',(7.186475,6.994235,1.51));
#4765 = DIRECTION('',(0.70711578622,-0.707097776038,0.));
#4766 = DIRECTION('',(-0.707097776038,-0.70711578622,0.));
#4767 = ADVANCED_FACE('',(#4768),#4793,.T.);
#4768 = FACE_BOUND('',#4769,.T.);
#4769 = EDGE_LOOP('',(#4770,#4771,#4779,#4787));
#4770 = ORIENTED_EDGE('',*,*,#4749,.T.);
#4771 = ORIENTED_EDGE('',*,*,#4772,.T.);
#4772 = EDGE_CURVE('',#4742,#4773,#4775,.T.);
#4773 = VERTEX_POINT('',#4774);
#4774 = CARTESIAN_POINT('',(7.112,6.940387,1.545));
#4775 = LINE('',#4776,#4777);
#4776 = CARTESIAN_POINT('',(7.147214,6.954973,1.545));
#4777 = VECTOR('',#4778,1.);
#4778 = DIRECTION('',(-0.923880612086,-0.382680826032,0.));
#4779 = ORIENTED_EDGE('',*,*,#4780,.F.);
#4780 = EDGE_CURVE('',#4781,#4773,#4783,.T.);
#4781 = VERTEX_POINT('',#4782);
#4782 = CARTESIAN_POINT('',(7.112,6.940387,1.51));
#4783 = LINE('',#4784,#4785);
#4784 = CARTESIAN_POINT('',(7.112,6.940387,1.51));
#4785 = VECTOR('',#4786,1.);
#4786 = DIRECTION('',(0.,0.,1.));
#4787 = ORIENTED_EDGE('',*,*,#4788,.F.);
#4788 = EDGE_CURVE('',#4750,#4781,#4789,.T.);
#4789 = LINE('',#4790,#4791);
#4790 = CARTESIAN_POINT('',(7.147214,6.954973,1.51));
#4791 = VECTOR('',#4792,1.);
#4792 = DIRECTION('',(-0.923880612086,-0.382680826032,0.));
#4793 = PLANE('',#4794);
#4794 = AXIS2_PLACEMENT_3D('',#4795,#4796,#4797);
#4795 = CARTESIAN_POINT('',(7.147214,6.954973,1.51));
#4796 = DIRECTION('',(0.382680826032,-0.923880612086,0.));
#4797 = DIRECTION('',(-0.923880612086,-0.382680826032,0.));
#4798 = ADVANCED_FACE('',(#4799),#4824,.T.);
#4799 = FACE_BOUND('',#4800,.T.);
#4800 = EDGE_LOOP('',(#4801,#4802,#4810,#4818));
#4801 = ORIENTED_EDGE('',*,*,#4780,.T.);
#4802 = ORIENTED_EDGE('',*,*,#4803,.T.);
#4803 = EDGE_CURVE('',#4773,#4804,#4806,.T.);
#4804 = VERTEX_POINT('',#4805);
#4805 = CARTESIAN_POINT('',(7.076786,6.954973,1.545));
#4806 = LINE('',#4807,#4808);
#4807 = CARTESIAN_POINT('',(7.112,6.940387,1.545));
#4808 = VECTOR('',#4809,1.);
#4809 = DIRECTION('',(-0.923880612086,0.382680826032,0.));
#4810 = ORIENTED_EDGE('',*,*,#4811,.F.);
#4811 = EDGE_CURVE('',#4812,#4804,#4814,.T.);
#4812 = VERTEX_POINT('',#4813);
#4813 = CARTESIAN_POINT('',(7.076786,6.954973,1.51));
#4814 = LINE('',#4815,#4816);
#4815 = CARTESIAN_POINT('',(7.076786,6.954973,1.51));
#4816 = VECTOR('',#4817,1.);
#4817 = DIRECTION('',(0.,0.,1.));
#4818 = ORIENTED_EDGE('',*,*,#4819,.F.);
#4819 = EDGE_CURVE('',#4781,#4812,#4820,.T.);
#4820 = LINE('',#4821,#4822);
#4821 = CARTESIAN_POINT('',(7.112,6.940387,1.51));
#4822 = VECTOR('',#4823,1.);
#4823 = DIRECTION('',(-0.923880612086,0.382680826032,0.));
#4824 = PLANE('',#4825);
#4825 = AXIS2_PLACEMENT_3D('',#4826,#4827,#4828);
#4826 = CARTESIAN_POINT('',(7.112,6.940387,1.51));
#4827 = DIRECTION('',(-0.382680826032,-0.923880612086,0.));
#4828 = DIRECTION('',(-0.923880612086,0.382680826032,0.));
#4829 = ADVANCED_FACE('',(#4830),#4855,.T.);
#4830 = FACE_BOUND('',#4831,.T.);
#4831 = EDGE_LOOP('',(#4832,#4833,#4841,#4849));
#4832 = ORIENTED_EDGE('',*,*,#4811,.T.);
#4833 = ORIENTED_EDGE('',*,*,#4834,.T.);
#4834 = EDGE_CURVE('',#4804,#4835,#4837,.T.);
#4835 = VERTEX_POINT('',#4836);
#4836 = CARTESIAN_POINT('',(7.037524,6.994235,1.545));
#4837 = LINE('',#4838,#4839);
#4838 = CARTESIAN_POINT('',(7.076786,6.954973,1.545));
#4839 = VECTOR('',#4840,1.);
#4840 = DIRECTION('',(-0.707106781187,0.707106781187,0.));
#4841 = ORIENTED_EDGE('',*,*,#4842,.F.);
#4842 = EDGE_CURVE('',#4843,#4835,#4845,.T.);
#4843 = VERTEX_POINT('',#4844);
#4844 = CARTESIAN_POINT('',(7.037524,6.994235,1.51));
#4845 = LINE('',#4846,#4847);
#4846 = CARTESIAN_POINT('',(7.037524,6.994235,1.51));
#4847 = VECTOR('',#4848,1.);
#4848 = DIRECTION('',(0.,0.,1.));
#4849 = ORIENTED_EDGE('',*,*,#4850,.F.);
#4850 = EDGE_CURVE('',#4812,#4843,#4851,.T.);
#4851 = LINE('',#4852,#4853);
#4852 = CARTESIAN_POINT('',(7.076786,6.954973,1.51));
#4853 = VECTOR('',#4854,1.);
#4854 = DIRECTION('',(-0.707106781187,0.707106781187,0.));
#4855 = PLANE('',#4856);
#4856 = AXIS2_PLACEMENT_3D('',#4857,#4858,#4859);
#4857 = CARTESIAN_POINT('',(7.076786,6.954973,1.51));
#4858 = DIRECTION('',(-0.707106781187,-0.707106781187,0.));
#4859 = DIRECTION('',(-0.707106781187,0.707106781187,0.));
#4860 = ADVANCED_FACE('',(#4861),#4886,.T.);
#4861 = FACE_BOUND('',#4862,.T.);
#4862 = EDGE_LOOP('',(#4863,#4864,#4872,#4880));
#4863 = ORIENTED_EDGE('',*,*,#4842,.T.);
#4864 = ORIENTED_EDGE('',*,*,#4865,.T.);
#4865 = EDGE_CURVE('',#4835,#4866,#4868,.T.);
#4866 = VERTEX_POINT('',#4867);
#4867 = CARTESIAN_POINT('',(6.933109,7.040338,1.545));
#4868 = LINE('',#4869,#4870);
#4869 = CARTESIAN_POINT('',(7.037524,6.994235,1.545));
#4870 = VECTOR('',#4871,1.);
#4871 = DIRECTION('',(-0.914796239496,0.403915635009,0.));
#4872 = ORIENTED_EDGE('',*,*,#4873,.F.);
#4873 = EDGE_CURVE('',#4874,#4866,#4876,.T.);
#4874 = VERTEX_POINT('',#4875);
#4875 = CARTESIAN_POINT('',(6.933109,7.040338,1.51));
#4876 = LINE('',#4877,#4878);
#4877 = CARTESIAN_POINT('',(6.933109,7.040338,1.51));
#4878 = VECTOR('',#4879,1.);
#4879 = DIRECTION('',(0.,0.,1.));
#4880 = ORIENTED_EDGE('',*,*,#4881,.F.);
#4881 = EDGE_CURVE('',#4843,#4874,#4882,.T.);
#4882 = LINE('',#4883,#4884);
#4883 = CARTESIAN_POINT('',(7.037524,6.994235,1.51));
#4884 = VECTOR('',#4885,1.);
#4885 = DIRECTION('',(-0.914796239496,0.403915635009,0.));
#4886 = PLANE('',#4887);
#4887 = AXIS2_PLACEMENT_3D('',#4888,#4889,#4890);
#4888 = CARTESIAN_POINT('',(7.037524,6.994235,1.51));
#4889 = DIRECTION('',(-0.403915635009,-0.914796239496,0.));
#4890 = DIRECTION('',(-0.914796239496,0.403915635009,0.));
#4891 = ADVANCED_FACE('',(#4892),#4917,.T.);
#4892 = FACE_BOUND('',#4893,.T.);
#4893 = EDGE_LOOP('',(#4894,#4895,#4903,#4911));
#4894 = ORIENTED_EDGE('',*,*,#4873,.T.);
#4895 = ORIENTED_EDGE('',*,*,#4896,.T.);
#4896 = EDGE_CURVE('',#4866,#4897,#4899,.T.);
#4897 = VERTEX_POINT('',#4898);
#4898 = CARTESIAN_POINT('',(5.990893,7.040339,1.545));
#4899 = LINE('',#4900,#4901);
#4900 = CARTESIAN_POINT('',(6.933109,7.040338,1.545));
#4901 = VECTOR('',#4902,1.);
#4902 = DIRECTION('',(-0.999999999999,1.061327763633E-06,0.));
#4903 = ORIENTED_EDGE('',*,*,#4904,.F.);
#4904 = EDGE_CURVE('',#4905,#4897,#4907,.T.);
#4905 = VERTEX_POINT('',#4906);
#4906 = CARTESIAN_POINT('',(5.990893,7.040339,1.51));
#4907 = LINE('',#4908,#4909);
#4908 = CARTESIAN_POINT('',(5.990893,7.040339,1.51));
#4909 = VECTOR('',#4910,1.);
#4910 = DIRECTION('',(0.,0.,1.));
#4911 = ORIENTED_EDGE('',*,*,#4912,.F.);
#4912 = EDGE_CURVE('',#4874,#4905,#4913,.T.);
#4913 = LINE('',#4914,#4915);
#4914 = CARTESIAN_POINT('',(6.933109,7.040338,1.51));
#4915 = VECTOR('',#4916,1.);
#4916 = DIRECTION('',(-0.999999999999,1.061327763633E-06,0.));
#4917 = PLANE('',#4918);
#4918 = AXIS2_PLACEMENT_3D('',#4919,#4920,#4921);
#4919 = CARTESIAN_POINT('',(6.933109,7.040338,1.51));
#4920 = DIRECTION('',(-1.061327763633E-06,-0.999999999999,0.));
#4921 = DIRECTION('',(-0.999999999999,1.061327763633E-06,0.));
#4922 = ADVANCED_FACE('',(#4923),#4950,.F.);
#4923 = FACE_BOUND('',#4924,.T.);
#4924 = EDGE_LOOP('',(#4925,#4926,#4935,#4943));
#4925 = ORIENTED_EDGE('',*,*,#4904,.T.);
#4926 = ORIENTED_EDGE('',*,*,#4927,.T.);
#4927 = EDGE_CURVE('',#4897,#4928,#4930,.T.);
#4928 = VERTEX_POINT('',#4929);
#4929 = CARTESIAN_POINT('',(5.759663,6.809114,1.545));
#4930 = CIRCLE('',#4931,0.31058403976);
#4931 = AXIS2_PLACEMENT_3D('',#4932,#4933,#4934);
#4932 = CARTESIAN_POINT('',(6.06199685224,6.738003610159,1.545));
#4933 = DIRECTION('',(0.,0.,1.));
#4934 = DIRECTION('',(-0.228935950139,0.97344148809,0.));
#4935 = ORIENTED_EDGE('',*,*,#4936,.F.);
#4936 = EDGE_CURVE('',#4937,#4928,#4939,.T.);
#4937 = VERTEX_POINT('',#4938);
#4938 = CARTESIAN_POINT('',(5.759663,6.809114,1.51));
#4939 = LINE('',#4940,#4941);
#4940 = CARTESIAN_POINT('',(5.759663,6.809114,1.51));
#4941 = VECTOR('',#4942,1.);
#4942 = DIRECTION('',(0.,0.,1.));
#4943 = ORIENTED_EDGE('',*,*,#4944,.F.);
#4944 = EDGE_CURVE('',#4905,#4937,#4945,.T.);
#4945 = CIRCLE('',#4946,0.31058403976);
#4946 = AXIS2_PLACEMENT_3D('',#4947,#4948,#4949);
#4947 = CARTESIAN_POINT('',(6.06199685224,6.738003610159,1.51));
#4948 = DIRECTION('',(0.,0.,1.));
#4949 = DIRECTION('',(-0.228935950139,0.97344148809,0.));
#4950 = CYLINDRICAL_SURFACE('',#4951,0.31058403976);
#4951 = AXIS2_PLACEMENT_3D('',#4952,#4953,#4954);
#4952 = CARTESIAN_POINT('',(6.06199685224,6.738003610159,1.51));
#4953 = DIRECTION('',(-0.,-0.,-1.));
#4954 = DIRECTION('',(-0.228935950139,0.97344148809,0.));
#4955 = ADVANCED_FACE('',(#4956),#4981,.T.);
#4956 = FACE_BOUND('',#4957,.T.);
#4957 = EDGE_LOOP('',(#4958,#4959,#4967,#4975));
#4958 = ORIENTED_EDGE('',*,*,#4936,.T.);
#4959 = ORIENTED_EDGE('',*,*,#4960,.T.);
#4960 = EDGE_CURVE('',#4928,#4961,#4963,.T.);
#4961 = VERTEX_POINT('',#4962);
#4962 = CARTESIAN_POINT('',(5.759661,5.566894,1.545));
#4963 = LINE('',#4964,#4965);
#4964 = CARTESIAN_POINT('',(5.759663,6.809114,1.545));
#4965 = VECTOR('',#4966,1.);
#4966 = DIRECTION('',(-1.610020768776E-06,-0.999999999999,0.));
#4967 = ORIENTED_EDGE('',*,*,#4968,.F.);
#4968 = EDGE_CURVE('',#4969,#4961,#4971,.T.);
#4969 = VERTEX_POINT('',#4970);
#4970 = CARTESIAN_POINT('',(5.759661,5.566894,1.51));
#4971 = LINE('',#4972,#4973);
#4972 = CARTESIAN_POINT('',(5.759661,5.566894,1.51));
#4973 = VECTOR('',#4974,1.);
#4974 = DIRECTION('',(0.,0.,1.));
#4975 = ORIENTED_EDGE('',*,*,#4976,.F.);
#4976 = EDGE_CURVE('',#4937,#4969,#4977,.T.);
#4977 = LINE('',#4978,#4979);
#4978 = CARTESIAN_POINT('',(5.759663,6.809114,1.51));
#4979 = VECTOR('',#4980,1.);
#4980 = DIRECTION('',(-1.610020768776E-06,-0.999999999999,0.));
#4981 = PLANE('',#4982);
#4982 = AXIS2_PLACEMENT_3D('',#4983,#4984,#4985);
#4983 = CARTESIAN_POINT('',(5.759663,6.809114,1.51));
#4984 = DIRECTION('',(0.999999999999,-1.610020768776E-06,0.));
#4985 = DIRECTION('',(-1.610020768776E-06,-0.999999999999,0.));
#4986 = ADVANCED_FACE('',(#4987),#5014,.F.);
#4987 = FACE_BOUND('',#4988,.T.);
#4988 = EDGE_LOOP('',(#4989,#4990,#4999,#5007));
#4989 = ORIENTED_EDGE('',*,*,#4968,.T.);
#4990 = ORIENTED_EDGE('',*,*,#4991,.T.);
#4991 = EDGE_CURVE('',#4961,#4992,#4994,.T.);
#4992 = VERTEX_POINT('',#4993);
#4993 = CARTESIAN_POINT('',(5.990891,5.335662,1.545));
#4994 = CIRCLE('',#4995,0.310587776962);
#4995 = AXIS2_PLACEMENT_3D('',#4996,#4997,#4998);
#4996 = CARTESIAN_POINT('',(6.061999703162,5.638000088128,1.545));
#4997 = DIRECTION('',(0.,0.,1.));
#4998 = DIRECTION('',(-0.973440442888,-0.228940394319,0.));
#4999 = ORIENTED_EDGE('',*,*,#5000,.F.);
#5000 = EDGE_CURVE('',#5001,#4992,#5003,.T.);
#5001 = VERTEX_POINT('',#5002);
#5002 = CARTESIAN_POINT('',(5.990891,5.335662,1.51));
#5003 = LINE('',#5004,#5005);
#5004 = CARTESIAN_POINT('',(5.990891,5.335662,1.51));
#5005 = VECTOR('',#5006,1.);
#5006 = DIRECTION('',(0.,0.,1.));
#5007 = ORIENTED_EDGE('',*,*,#5008,.F.);
#5008 = EDGE_CURVE('',#4969,#5001,#5009,.T.);
#5009 = CIRCLE('',#5010,0.310587776962);
#5010 = AXIS2_PLACEMENT_3D('',#5011,#5012,#5013);
#5011 = CARTESIAN_POINT('',(6.061999703162,5.638000088128,1.51));
#5012 = DIRECTION('',(0.,0.,1.));
#5013 = DIRECTION('',(-0.973440442888,-0.228940394319,0.));
#5014 = CYLINDRICAL_SURFACE('',#5015,0.310587776962);
#5015 = AXIS2_PLACEMENT_3D('',#5016,#5017,#5018);
#5016 = CARTESIAN_POINT('',(6.061999703162,5.638000088128,1.51));
#5017 = DIRECTION('',(-0.,-0.,-1.));
#5018 = DIRECTION('',(-0.973440442888,-0.228940394319,0.));
#5019 = ADVANCED_FACE('',(#5020),#5045,.T.);
#5020 = FACE_BOUND('',#5021,.T.);
#5021 = EDGE_LOOP('',(#5022,#5023,#5031,#5039));
#5022 = ORIENTED_EDGE('',*,*,#5000,.T.);
#5023 = ORIENTED_EDGE('',*,*,#5024,.T.);
#5024 = EDGE_CURVE('',#4992,#5025,#5027,.T.);
#5025 = VERTEX_POINT('',#5026);
#5026 = CARTESIAN_POINT('',(6.933109,5.335662,1.545));
#5027 = LINE('',#5028,#5029);
#5028 = CARTESIAN_POINT('',(5.990891,5.335662,1.545));
#5029 = VECTOR('',#5030,1.);
#5030 = DIRECTION('',(1.,0.,0.));
#5031 = ORIENTED_EDGE('',*,*,#5032,.F.);
#5032 = EDGE_CURVE('',#5033,#5025,#5035,.T.);
#5033 = VERTEX_POINT('',#5034);
#5034 = CARTESIAN_POINT('',(6.933109,5.335662,1.51));
#5035 = LINE('',#5036,#5037);
#5036 = CARTESIAN_POINT('',(6.933109,5.335662,1.51));
#5037 = VECTOR('',#5038,1.);
#5038 = DIRECTION('',(0.,0.,1.));
#5039 = ORIENTED_EDGE('',*,*,#5040,.F.);
#5040 = EDGE_CURVE('',#5001,#5033,#5041,.T.);
#5041 = LINE('',#5042,#5043);
#5042 = CARTESIAN_POINT('',(5.990891,5.335662,1.51));
#5043 = VECTOR('',#5044,1.);
#5044 = DIRECTION('',(1.,0.,0.));
#5045 = PLANE('',#5046);
#5046 = AXIS2_PLACEMENT_3D('',#5047,#5048,#5049);
#5047 = CARTESIAN_POINT('',(5.990891,5.335662,1.51));
#5048 = DIRECTION('',(0.,1.,0.));
#5049 = DIRECTION('',(1.,0.,0.));
#5050 = ADVANCED_FACE('',(#5051),#5076,.T.);
#5051 = FACE_BOUND('',#5052,.T.);
#5052 = EDGE_LOOP('',(#5053,#5054,#5062,#5070));
#5053 = ORIENTED_EDGE('',*,*,#5032,.T.);
#5054 = ORIENTED_EDGE('',*,*,#5055,.T.);
#5055 = EDGE_CURVE('',#5025,#5056,#5058,.T.);
#5056 = VERTEX_POINT('',#5057);
#5057 = CARTESIAN_POINT('',(7.037525,5.381766,1.545));
#5058 = LINE('',#5059,#5060);
#5059 = CARTESIAN_POINT('',(6.933109,5.335662,1.545));
#5060 = VECTOR('',#5061,1.);
#5061 = DIRECTION('',(0.914794431619,0.403919729499,0.));
#5062 = ORIENTED_EDGE('',*,*,#5063,.F.);
#5063 = EDGE_CURVE('',#5064,#5056,#5066,.T.);
#5064 = VERTEX_POINT('',#5065);
#5065 = CARTESIAN_POINT('',(7.037525,5.381766,1.51));
#5066 = LINE('',#5067,#5068);
#5067 = CARTESIAN_POINT('',(7.037525,5.381766,1.51));
#5068 = VECTOR('',#5069,1.);
#5069 = DIRECTION('',(0.,0.,1.));
#5070 = ORIENTED_EDGE('',*,*,#5071,.F.);
#5071 = EDGE_CURVE('',#5033,#5064,#5072,.T.);
#5072 = LINE('',#5073,#5074);
#5073 = CARTESIAN_POINT('',(6.933109,5.335662,1.51));
#5074 = VECTOR('',#5075,1.);
#5075 = DIRECTION('',(0.914794431619,0.403919729499,0.));
#5076 = PLANE('',#5077);
#5077 = AXIS2_PLACEMENT_3D('',#5078,#5079,#5080);
#5078 = CARTESIAN_POINT('',(6.933109,5.335662,1.51));
#5079 = DIRECTION('',(-0.403919729499,0.914794431619,0.));
#5080 = DIRECTION('',(0.914794431619,0.403919729499,0.));
#5081 = ADVANCED_FACE('',(#5082),#5107,.T.);
#5082 = FACE_BOUND('',#5083,.T.);
#5083 = EDGE_LOOP('',(#5084,#5085,#5093,#5101));
#5084 = ORIENTED_EDGE('',*,*,#5063,.T.);
#5085 = ORIENTED_EDGE('',*,*,#5086,.T.);
#5086 = EDGE_CURVE('',#5056,#5087,#5089,.T.);
#5087 = VERTEX_POINT('',#5088);
#5088 = CARTESIAN_POINT('',(7.076786,5.421027,1.545));
#5089 = LINE('',#5090,#5091);
#5090 = CARTESIAN_POINT('',(7.037525,5.381766,1.545));
#5091 = VECTOR('',#5092,1.);
#5092 = DIRECTION('',(0.707106781187,0.707106781187,0.));
#5093 = ORIENTED_EDGE('',*,*,#5094,.F.);
#5094 = EDGE_CURVE('',#5095,#5087,#5097,.T.);
#5095 = VERTEX_POINT('',#5096);
#5096 = CARTESIAN_POINT('',(7.076786,5.421027,1.51));
#5097 = LINE('',#5098,#5099);
#5098 = CARTESIAN_POINT('',(7.076786,5.421027,1.51));
#5099 = VECTOR('',#5100,1.);
#5100 = DIRECTION('',(0.,0.,1.));
#5101 = ORIENTED_EDGE('',*,*,#5102,.F.);
#5102 = EDGE_CURVE('',#5064,#5095,#5103,.T.);
#5103 = LINE('',#5104,#5105);
#5104 = CARTESIAN_POINT('',(7.037525,5.381766,1.51));
#5105 = VECTOR('',#5106,1.);
#5106 = DIRECTION('',(0.707106781187,0.707106781187,0.));
#5107 = PLANE('',#5108);
#5108 = AXIS2_PLACEMENT_3D('',#5109,#5110,#5111);
#5109 = CARTESIAN_POINT('',(7.037525,5.381766,1.51));
#5110 = DIRECTION('',(-0.707106781187,0.707106781187,0.));
#5111 = DIRECTION('',(0.707106781187,0.707106781187,0.));
#5112 = ADVANCED_FACE('',(#5113),#5138,.T.);
#5113 = FACE_BOUND('',#5114,.T.);
#5114 = EDGE_LOOP('',(#5115,#5116,#5124,#5132));
#5115 = ORIENTED_EDGE('',*,*,#5094,.T.);
#5116 = ORIENTED_EDGE('',*,*,#5117,.T.);
#5117 = EDGE_CURVE('',#5087,#5118,#5120,.T.);
#5118 = VERTEX_POINT('',#5119);
#5119 = CARTESIAN_POINT('',(7.112,5.435613,1.545));
#5120 = LINE('',#5121,#5122);
#5121 = CARTESIAN_POINT('',(7.076786,5.421027,1.545));
#5122 = VECTOR('',#5123,1.);
#5123 = DIRECTION('',(0.923880612086,0.382680826032,0.));
#5124 = ORIENTED_EDGE('',*,*,#5125,.F.);
#5125 = EDGE_CURVE('',#5126,#5118,#5128,.T.);
#5126 = VERTEX_POINT('',#5127);
#5127 = CARTESIAN_POINT('',(7.112,5.435613,1.51));
#5128 = LINE('',#5129,#5130);
#5129 = CARTESIAN_POINT('',(7.112,5.435613,1.51));
#5130 = VECTOR('',#5131,1.);
#5131 = DIRECTION('',(0.,0.,1.));
#5132 = ORIENTED_EDGE('',*,*,#5133,.F.);
#5133 = EDGE_CURVE('',#5095,#5126,#5134,.T.);
#5134 = LINE('',#5135,#5136);
#5135 = CARTESIAN_POINT('',(7.076786,5.421027,1.51));
#5136 = VECTOR('',#5137,1.);
#5137 = DIRECTION('',(0.923880612086,0.382680826032,0.));
#5138 = PLANE('',#5139);
#5139 = AXIS2_PLACEMENT_3D('',#5140,#5141,#5142);
#5140 = CARTESIAN_POINT('',(7.076786,5.421027,1.51));
#5141 = DIRECTION('',(-0.382680826032,0.923880612086,0.));
#5142 = DIRECTION('',(0.923880612086,0.382680826032,0.));
#5143 = ADVANCED_FACE('',(#5144),#5169,.T.);
#5144 = FACE_BOUND('',#5145,.T.);
#5145 = EDGE_LOOP('',(#5146,#5147,#5155,#5163));
#5146 = ORIENTED_EDGE('',*,*,#5125,.T.);
#5147 = ORIENTED_EDGE('',*,*,#5148,.T.);
#5148 = EDGE_CURVE('',#5118,#5149,#5151,.T.);
#5149 = VERTEX_POINT('',#5150);
#5150 = CARTESIAN_POINT('',(7.147214,5.421027,1.545));
#5151 = LINE('',#5152,#5153);
#5152 = CARTESIAN_POINT('',(7.112,5.435613,1.545));
#5153 = VECTOR('',#5154,1.);
#5154 = DIRECTION('',(0.923880612086,-0.382680826032,0.));
#5155 = ORIENTED_EDGE('',*,*,#5156,.F.);
#5156 = EDGE_CURVE('',#5157,#5149,#5159,.T.);
#5157 = VERTEX_POINT('',#5158);
#5158 = CARTESIAN_POINT('',(7.147214,5.421027,1.51));
#5159 = LINE('',#5160,#5161);
#5160 = CARTESIAN_POINT('',(7.147214,5.421027,1.51));
#5161 = VECTOR('',#5162,1.);
#5162 = DIRECTION('',(0.,0.,1.));
#5163 = ORIENTED_EDGE('',*,*,#5164,.F.);
#5164 = EDGE_CURVE('',#5126,#5157,#5165,.T.);
#5165 = LINE('',#5166,#5167);
#5166 = CARTESIAN_POINT('',(7.112,5.435613,1.51));
#5167 = VECTOR('',#5168,1.);
#5168 = DIRECTION('',(0.923880612086,-0.382680826032,0.));
#5169 = PLANE('',#5170);
#5170 = AXIS2_PLACEMENT_3D('',#5171,#5172,#5173);
#5171 = CARTESIAN_POINT('',(7.112,5.435613,1.51));
#5172 = DIRECTION('',(0.382680826032,0.923880612086,-0.));
#5173 = DIRECTION('',(0.923880612086,-0.382680826032,0.));
#5174 = ADVANCED_FACE('',(#5175),#5200,.T.);
#5175 = FACE_BOUND('',#5176,.T.);
#5176 = EDGE_LOOP('',(#5177,#5178,#5186,#5194));
#5177 = ORIENTED_EDGE('',*,*,#5156,.T.);
#5178 = ORIENTED_EDGE('',*,*,#5179,.T.);
#5179 = EDGE_CURVE('',#5149,#5180,#5182,.T.);
#5180 = VERTEX_POINT('',#5181);
#5181 = CARTESIAN_POINT('',(7.186475,5.381766,1.545));
#5182 = LINE('',#5183,#5184);
#5183 = CARTESIAN_POINT('',(7.147214,5.421027,1.545));
#5184 = VECTOR('',#5185,1.);
#5185 = DIRECTION('',(0.707106781187,-0.707106781187,0.));
#5186 = ORIENTED_EDGE('',*,*,#5187,.F.);
#5187 = EDGE_CURVE('',#5188,#5180,#5190,.T.);
#5188 = VERTEX_POINT('',#5189);
#5189 = CARTESIAN_POINT('',(7.186475,5.381766,1.51));
#5190 = LINE('',#5191,#5192);
#5191 = CARTESIAN_POINT('',(7.186475,5.381766,1.51));
#5192 = VECTOR('',#5193,1.);
#5193 = DIRECTION('',(0.,0.,1.));
#5194 = ORIENTED_EDGE('',*,*,#5195,.F.);
#5195 = EDGE_CURVE('',#5157,#5188,#5196,.T.);
#5196 = LINE('',#5197,#5198);
#5197 = CARTESIAN_POINT('',(7.147214,5.421027,1.51));
#5198 = VECTOR('',#5199,1.);
#5199 = DIRECTION('',(0.707106781187,-0.707106781187,0.));
#5200 = PLANE('',#5201);
#5201 = AXIS2_PLACEMENT_3D('',#5202,#5203,#5204);
#5202 = CARTESIAN_POINT('',(7.147214,5.421027,1.51));
#5203 = DIRECTION('',(0.707106781187,0.707106781187,-0.));
#5204 = DIRECTION('',(0.707106781187,-0.707106781187,0.));
#5205 = ADVANCED_FACE('',(#5206),#5231,.T.);
#5206 = FACE_BOUND('',#5207,.T.);
#5207 = EDGE_LOOP('',(#5208,#5209,#5217,#5225));
#5208 = ORIENTED_EDGE('',*,*,#5187,.T.);
#5209 = ORIENTED_EDGE('',*,*,#5210,.T.);
#5210 = EDGE_CURVE('',#5180,#5211,#5213,.T.);
#5211 = VERTEX_POINT('',#5212);
#5212 = CARTESIAN_POINT('',(7.290891,5.335662,1.545));
#5213 = LINE('',#5214,#5215);
#5214 = CARTESIAN_POINT('',(7.186475,5.381766,1.545));
#5215 = VECTOR('',#5216,1.);
#5216 = DIRECTION('',(0.914794431619,-0.403919729499,0.));
#5217 = ORIENTED_EDGE('',*,*,#5218,.F.);
#5218 = EDGE_CURVE('',#5219,#5211,#5221,.T.);
#5219 = VERTEX_POINT('',#5220);
#5220 = CARTESIAN_POINT('',(7.290891,5.335662,1.51));
#5221 = LINE('',#5222,#5223);
#5222 = CARTESIAN_POINT('',(7.290891,5.335662,1.51));
#5223 = VECTOR('',#5224,1.);
#5224 = DIRECTION('',(0.,0.,1.));
#5225 = ORIENTED_EDGE('',*,*,#5226,.F.);
#5226 = EDGE_CURVE('',#5188,#5219,#5227,.T.);
#5227 = LINE('',#5228,#5229);
#5228 = CARTESIAN_POINT('',(7.186475,5.381766,1.51));
#5229 = VECTOR('',#5230,1.);
#5230 = DIRECTION('',(0.914794431619,-0.403919729499,0.));
#5231 = PLANE('',#5232);
#5232 = AXIS2_PLACEMENT_3D('',#5233,#5234,#5235);
#5233 = CARTESIAN_POINT('',(7.186475,5.381766,1.51));
#5234 = DIRECTION('',(0.403919729499,0.914794431619,-0.));
#5235 = DIRECTION('',(0.914794431619,-0.403919729499,0.));
#5236 = ADVANCED_FACE('',(#5237),#5262,.T.);
#5237 = FACE_BOUND('',#5238,.T.);
#5238 = EDGE_LOOP('',(#5239,#5240,#5248,#5256));
#5239 = ORIENTED_EDGE('',*,*,#5218,.T.);
#5240 = ORIENTED_EDGE('',*,*,#5241,.T.);
#5241 = EDGE_CURVE('',#5211,#5242,#5244,.T.);
#5242 = VERTEX_POINT('',#5243);
#5243 = CARTESIAN_POINT('',(8.233109,5.335662,1.545));
#5244 = LINE('',#5245,#5246);
#5245 = CARTESIAN_POINT('',(7.290891,5.335662,1.545));
#5246 = VECTOR('',#5247,1.);
#5247 = DIRECTION('',(1.,0.,0.));
#5248 = ORIENTED_EDGE('',*,*,#5249,.F.);
#5249 = EDGE_CURVE('',#5250,#5242,#5252,.T.);
#5250 = VERTEX_POINT('',#5251);
#5251 = CARTESIAN_POINT('',(8.233109,5.335662,1.51));
#5252 = LINE('',#5253,#5254);
#5253 = CARTESIAN_POINT('',(8.233109,5.335662,1.51));
#5254 = VECTOR('',#5255,1.);
#5255 = DIRECTION('',(0.,0.,1.));
#5256 = ORIENTED_EDGE('',*,*,#5257,.F.);
#5257 = EDGE_CURVE('',#5219,#5250,#5258,.T.);
#5258 = LINE('',#5259,#5260);
#5259 = CARTESIAN_POINT('',(7.290891,5.335662,1.51));
#5260 = VECTOR('',#5261,1.);
#5261 = DIRECTION('',(1.,0.,0.));
#5262 = PLANE('',#5263);
#5263 = AXIS2_PLACEMENT_3D('',#5264,#5265,#5266);
#5264 = CARTESIAN_POINT('',(7.290891,5.335662,1.51));
#5265 = DIRECTION('',(0.,1.,0.));
#5266 = DIRECTION('',(1.,0.,0.));
#5267 = ADVANCED_FACE('',(#5268),#5295,.F.);
#5268 = FACE_BOUND('',#5269,.T.);
#5269 = EDGE_LOOP('',(#5270,#5271,#5280,#5288));
#5270 = ORIENTED_EDGE('',*,*,#5249,.T.);
#5271 = ORIENTED_EDGE('',*,*,#5272,.T.);
#5272 = EDGE_CURVE('',#5242,#5273,#5275,.T.);
#5273 = VERTEX_POINT('',#5274);
#5274 = CARTESIAN_POINT('',(8.464338,5.566891,1.545));
#5275 = CIRCLE('',#5276,0.310586395584);
#5276 = AXIS2_PLACEMENT_3D('',#5277,#5278,#5279);
#5277 = CARTESIAN_POINT('',(8.162001134038,5.637998865962,1.545));
#5278 = DIRECTION('',(0.,0.,1.));
#5279 = DIRECTION('',(0.228947136686,-0.973438857147,0.));
#5280 = ORIENTED_EDGE('',*,*,#5281,.F.);
#5281 = EDGE_CURVE('',#5282,#5273,#5284,.T.);
#5282 = VERTEX_POINT('',#5283);
#5283 = CARTESIAN_POINT('',(8.464338,5.566891,1.51));
#5284 = LINE('',#5285,#5286);
#5285 = CARTESIAN_POINT('',(8.464338,5.566891,1.51));
#5286 = VECTOR('',#5287,1.);
#5287 = DIRECTION('',(0.,0.,1.));
#5288 = ORIENTED_EDGE('',*,*,#5289,.F.);
#5289 = EDGE_CURVE('',#5250,#5282,#5290,.T.);
#5290 = CIRCLE('',#5291,0.310586395584);
#5291 = AXIS2_PLACEMENT_3D('',#5292,#5293,#5294);
#5292 = CARTESIAN_POINT('',(8.162001134038,5.637998865962,1.51));
#5293 = DIRECTION('',(0.,0.,1.));
#5294 = DIRECTION('',(0.228947136686,-0.973438857147,0.));
#5295 = CYLINDRICAL_SURFACE('',#5296,0.310586395584);
#5296 = AXIS2_PLACEMENT_3D('',#5297,#5298,#5299);
#5297 = CARTESIAN_POINT('',(8.162001134038,5.637998865962,1.51));
#5298 = DIRECTION('',(-0.,-0.,-1.));
#5299 = DIRECTION('',(0.228947136686,-0.973438857147,0.));
#5300 = ADVANCED_FACE('',(#5301),#5326,.T.);
#5301 = FACE_BOUND('',#5302,.T.);
#5302 = EDGE_LOOP('',(#5303,#5304,#5312,#5320));
#5303 = ORIENTED_EDGE('',*,*,#5281,.T.);
#5304 = ORIENTED_EDGE('',*,*,#5305,.T.);
#5305 = EDGE_CURVE('',#5273,#5306,#5308,.T.);
#5306 = VERTEX_POINT('',#5307);
#5307 = CARTESIAN_POINT('',(8.464338,6.809109,1.545));
#5308 = LINE('',#5309,#5310);
#5309 = CARTESIAN_POINT('',(8.464338,5.566891,1.545));
#5310 = VECTOR('',#5311,1.);
#5311 = DIRECTION('',(0.,1.,0.));
#5312 = ORIENTED_EDGE('',*,*,#5313,.F.);
#5313 = EDGE_CURVE('',#5314,#5306,#5316,.T.);
#5314 = VERTEX_POINT('',#5315);
#5315 = CARTESIAN_POINT('',(8.464338,6.809109,1.51));
#5316 = LINE('',#5317,#5318);
#5317 = CARTESIAN_POINT('',(8.464338,6.809109,1.51));
#5318 = VECTOR('',#5319,1.);
#5319 = DIRECTION('',(0.,0.,1.));
#5320 = ORIENTED_EDGE('',*,*,#5321,.F.);
#5321 = EDGE_CURVE('',#5282,#5314,#5322,.T.);
#5322 = LINE('',#5323,#5324);
#5323 = CARTESIAN_POINT('',(8.464338,5.566891,1.51));
#5324 = VECTOR('',#5325,1.);
#5325 = DIRECTION('',(0.,1.,0.));
#5326 = PLANE('',#5327);
#5327 = AXIS2_PLACEMENT_3D('',#5328,#5329,#5330);
#5328 = CARTESIAN_POINT('',(8.464338,5.566891,1.51));
#5329 = DIRECTION('',(-1.,0.,0.));
#5330 = DIRECTION('',(0.,1.,0.));
#5331 = ADVANCED_FACE('',(#5332),#5359,.F.);
#5332 = FACE_BOUND('',#5333,.T.);
#5333 = EDGE_LOOP('',(#5334,#5335,#5344,#5352));
#5334 = ORIENTED_EDGE('',*,*,#5313,.T.);
#5335 = ORIENTED_EDGE('',*,*,#5336,.T.);
#5336 = EDGE_CURVE('',#5306,#5337,#5339,.T.);
#5337 = VERTEX_POINT('',#5338);
#5338 = CARTESIAN_POINT('',(8.229713,7.041921,1.545));
#5339 = CIRCLE('',#5340,0.312576556524);
#5340 = AXIS2_PLACEMENT_3D('',#5341,#5342,#5343);
#5341 = CARTESIAN_POINT('',(8.160149215222,6.737183434977,1.545));
#5342 = DIRECTION('',(0.,0.,1.));
#5343 = DIRECTION('',(0.973165704301,0.230105436641,-0.));
#5344 = ORIENTED_EDGE('',*,*,#5345,.F.);
#5345 = EDGE_CURVE('',#5346,#5337,#5348,.T.);
#5346 = VERTEX_POINT('',#5347);
#5347 = CARTESIAN_POINT('',(8.229713,7.041921,1.51));
#5348 = LINE('',#5349,#5350);
#5349 = CARTESIAN_POINT('',(8.229713,7.041921,1.51));
#5350 = VECTOR('',#5351,1.);
#5351 = DIRECTION('',(0.,0.,1.));
#5352 = ORIENTED_EDGE('',*,*,#5353,.F.);
#5353 = EDGE_CURVE('',#5314,#5346,#5354,.T.);
#5354 = CIRCLE('',#5355,0.312576556524);
#5355 = AXIS2_PLACEMENT_3D('',#5356,#5357,#5358);
#5356 = CARTESIAN_POINT('',(8.160149215222,6.737183434977,1.51));
#5357 = DIRECTION('',(0.,0.,1.));
#5358 = DIRECTION('',(0.973165704301,0.230105436641,-0.));
#5359 = CYLINDRICAL_SURFACE('',#5360,0.312576556524);
#5360 = AXIS2_PLACEMENT_3D('',#5361,#5362,#5363);
#5361 = CARTESIAN_POINT('',(8.160149215222,6.737183434977,1.51));
#5362 = DIRECTION('',(-0.,-0.,-1.));
#5363 = DIRECTION('',(0.973165704301,0.230105436641,-0.));
#5364 = ADVANCED_FACE('',(#5365),#5390,.T.);
#5365 = FACE_BOUND('',#5366,.T.);
#5366 = EDGE_LOOP('',(#5367,#5368,#5376,#5384));
#5367 = ORIENTED_EDGE('',*,*,#5345,.T.);
#5368 = ORIENTED_EDGE('',*,*,#5369,.T.);
#5369 = EDGE_CURVE('',#5337,#5370,#5372,.T.);
#5370 = VERTEX_POINT('',#5371);
#5371 = CARTESIAN_POINT('',(8.200878,7.064222,1.545));
#5372 = LINE('',#5373,#5374);
#5373 = CARTESIAN_POINT('',(8.229713,7.041921,1.545));
#5374 = VECTOR('',#5375,1.);
#5375 = DIRECTION('',(-0.791027317537,0.611780829145,0.));
#5376 = ORIENTED_EDGE('',*,*,#5377,.F.);
#5377 = EDGE_CURVE('',#5378,#5370,#5380,.T.);
#5378 = VERTEX_POINT('',#5379);
#5379 = CARTESIAN_POINT('',(8.200878,7.064222,1.51));
#5380 = LINE('',#5381,#5382);
#5381 = CARTESIAN_POINT('',(8.200878,7.064222,1.51));
#5382 = VECTOR('',#5383,1.);
#5383 = DIRECTION('',(0.,0.,1.));
#5384 = ORIENTED_EDGE('',*,*,#5385,.F.);
#5385 = EDGE_CURVE('',#5346,#5378,#5386,.T.);
#5386 = LINE('',#5387,#5388);
#5387 = CARTESIAN_POINT('',(8.229713,7.041921,1.51));
#5388 = VECTOR('',#5389,1.);
#5389 = DIRECTION('',(-0.791027317537,0.611780829145,0.));
#5390 = PLANE('',#5391);
#5391 = AXIS2_PLACEMENT_3D('',#5392,#5393,#5394);
#5392 = CARTESIAN_POINT('',(8.229713,7.041921,1.51));
#5393 = DIRECTION('',(-0.611780829145,-0.791027317537,0.));
#5394 = DIRECTION('',(-0.791027317537,0.611780829145,0.));
#5395 = ADVANCED_FACE('',(#5396),#5421,.T.);
#5396 = FACE_BOUND('',#5397,.T.);
#5397 = EDGE_LOOP('',(#5398,#5399,#5407,#5415));
#5398 = ORIENTED_EDGE('',*,*,#5377,.T.);
#5399 = ORIENTED_EDGE('',*,*,#5400,.T.);
#5400 = EDGE_CURVE('',#5370,#5401,#5403,.T.);
#5401 = VERTEX_POINT('',#5402);
#5402 = CARTESIAN_POINT('',(8.1943,7.088958,1.545));
#5403 = LINE('',#5404,#5405);
#5404 = CARTESIAN_POINT('',(8.200878,7.064222,1.545));
#5405 = VECTOR('',#5406,1.);
#5406 = DIRECTION('',(-0.256996307741,0.966412384962,0.));
#5407 = ORIENTED_EDGE('',*,*,#5408,.F.);
#5408 = EDGE_CURVE('',#5409,#5401,#5411,.T.);
#5409 = VERTEX_POINT('',#5410);
#5410 = CARTESIAN_POINT('',(8.1943,7.088958,1.51));
#5411 = LINE('',#5412,#5413);
#5412 = CARTESIAN_POINT('',(8.1943,7.088958,1.51));
#5413 = VECTOR('',#5414,1.);
#5414 = DIRECTION('',(0.,0.,1.));
#5415 = ORIENTED_EDGE('',*,*,#5416,.F.);
#5416 = EDGE_CURVE('',#5378,#5409,#5417,.T.);
#5417 = LINE('',#5418,#5419);
#5418 = CARTESIAN_POINT('',(8.200878,7.064222,1.51));
#5419 = VECTOR('',#5420,1.);
#5420 = DIRECTION('',(-0.256996307741,0.966412384962,0.));
#5421 = PLANE('',#5422);
#5422 = AXIS2_PLACEMENT_3D('',#5423,#5424,#5425);
#5423 = CARTESIAN_POINT('',(8.200878,7.064222,1.51));
#5424 = DIRECTION('',(-0.966412384962,-0.256996307741,0.));
#5425 = DIRECTION('',(-0.256996307741,0.966412384962,0.));
#5426 = ADVANCED_FACE('',(#5427),#5452,.T.);
#5427 = FACE_BOUND('',#5428,.T.);
#5428 = EDGE_LOOP('',(#5429,#5430,#5438,#5446));
#5429 = ORIENTED_EDGE('',*,*,#5408,.T.);
#5430 = ORIENTED_EDGE('',*,*,#5431,.T.);
#5431 = EDGE_CURVE('',#5401,#5432,#5434,.T.);
#5432 = VERTEX_POINT('',#5433);
#5433 = CARTESIAN_POINT('',(8.1943,7.602155,1.545));
#5434 = LINE('',#5435,#5436);
#5435 = CARTESIAN_POINT('',(8.1943,7.088958,1.545));
#5436 = VECTOR('',#5437,1.);
#5437 = DIRECTION('',(0.,1.,0.));
#5438 = ORIENTED_EDGE('',*,*,#5439,.F.);
#5439 = EDGE_CURVE('',#5440,#5432,#5442,.T.);
#5440 = VERTEX_POINT('',#5441);
#5441 = CARTESIAN_POINT('',(8.1943,7.602155,1.51));
#5442 = LINE('',#5443,#5444);
#5443 = CARTESIAN_POINT('',(8.1943,7.602155,1.51));
#5444 = VECTOR('',#5445,1.);
#5445 = DIRECTION('',(0.,0.,1.));
#5446 = ORIENTED_EDGE('',*,*,#5447,.F.);
#5447 = EDGE_CURVE('',#5409,#5440,#5448,.T.);
#5448 = LINE('',#5449,#5450);
#5449 = CARTESIAN_POINT('',(8.1943,7.088958,1.51));
#5450 = VECTOR('',#5451,1.);
#5451 = DIRECTION('',(0.,1.,0.));
#5452 = PLANE('',#5453);
#5453 = AXIS2_PLACEMENT_3D('',#5454,#5455,#5456);
#5454 = CARTESIAN_POINT('',(8.1943,7.088958,1.51));
#5455 = DIRECTION('',(-1.,0.,0.));
#5456 = DIRECTION('',(0.,1.,0.));
#5457 = ADVANCED_FACE('',(#5458),#5483,.T.);
#5458 = FACE_BOUND('',#5459,.T.);
#5459 = EDGE_LOOP('',(#5460,#5461,#5469,#5477));
#5460 = ORIENTED_EDGE('',*,*,#5439,.T.);
#5461 = ORIENTED_EDGE('',*,*,#5462,.T.);
#5462 = EDGE_CURVE('',#5432,#5463,#5465,.T.);
#5463 = VERTEX_POINT('',#5464);
#5464 = CARTESIAN_POINT('',(8.208886,7.637369,1.545));
#5465 = LINE('',#5466,#5467);
#5466 = CARTESIAN_POINT('',(8.1943,7.602155,1.545));
#5467 = VECTOR('',#5468,1.);
#5468 = DIRECTION('',(0.382680826032,0.923880612086,0.));
#5469 = ORIENTED_EDGE('',*,*,#5470,.F.);
#5470 = EDGE_CURVE('',#5471,#5463,#5473,.T.);
#5471 = VERTEX_POINT('',#5472);
#5472 = CARTESIAN_POINT('',(8.208886,7.637369,1.51));
#5473 = LINE('',#5474,#5475);
#5474 = CARTESIAN_POINT('',(8.208886,7.637369,1.51));
#5475 = VECTOR('',#5476,1.);
#5476 = DIRECTION('',(0.,0.,1.));
#5477 = ORIENTED_EDGE('',*,*,#5478,.F.);
#5478 = EDGE_CURVE('',#5440,#5471,#5479,.T.);
#5479 = LINE('',#5480,#5481);
#5480 = CARTESIAN_POINT('',(8.1943,7.602155,1.51));
#5481 = VECTOR('',#5482,1.);
#5482 = DIRECTION('',(0.382680826032,0.923880612086,0.));
#5483 = PLANE('',#5484);
#5484 = AXIS2_PLACEMENT_3D('',#5485,#5486,#5487);
#5485 = CARTESIAN_POINT('',(8.1943,7.602155,1.51));
#5486 = DIRECTION('',(-0.923880612086,0.382680826032,0.));
#5487 = DIRECTION('',(0.382680826032,0.923880612086,0.));
#5488 = ADVANCED_FACE('',(#5489),#5516,.F.);
#5489 = FACE_BOUND('',#5490,.T.);
#5490 = EDGE_LOOP('',(#5491,#5492,#5501,#5509));
#5491 = ORIENTED_EDGE('',*,*,#5470,.T.);
#5492 = ORIENTED_EDGE('',*,*,#5493,.T.);
#5493 = EDGE_CURVE('',#5463,#5494,#5496,.T.);
#5494 = VERTEX_POINT('',#5495);
#5495 = CARTESIAN_POINT('',(8.414338,7.860891,1.545));
#5496 = CIRCLE('',#5497,0.307667872013);
#5497 = AXIS2_PLACEMENT_3D('',#5498,#5499,#5500);
#5498 = CARTESIAN_POINT('',(8.11458512064,7.930228801989,1.545));
#5499 = DIRECTION('',(0.,0.,1.));
#5500 = DIRECTION('',(0.306502199085,-0.951869950128,0.));
#5501 = ORIENTED_EDGE('',*,*,#5502,.F.);
#5502 = EDGE_CURVE('',#5503,#5494,#5505,.T.);
#5503 = VERTEX_POINT('',#5504);
#5504 = CARTESIAN_POINT('',(8.414338,7.860891,1.51));
#5505 = LINE('',#5506,#5507);
#5506 = CARTESIAN_POINT('',(8.414338,7.860891,1.51));
#5507 = VECTOR('',#5508,1.);
#5508 = DIRECTION('',(0.,0.,1.));
#5509 = ORIENTED_EDGE('',*,*,#5510,.F.);
#5510 = EDGE_CURVE('',#5471,#5503,#5511,.T.);
#5511 = CIRCLE('',#5512,0.307667872013);
#5512 = AXIS2_PLACEMENT_3D('',#5513,#5514,#5515);
#5513 = CARTESIAN_POINT('',(8.11458512064,7.930228801989,1.51));
#5514 = DIRECTION('',(0.,0.,1.));
#5515 = DIRECTION('',(0.306502199085,-0.951869950128,0.));
#5516 = CYLINDRICAL_SURFACE('',#5517,0.307667872013);
#5517 = AXIS2_PLACEMENT_3D('',#5518,#5519,#5520);
#5518 = CARTESIAN_POINT('',(8.11458512064,7.930228801989,1.51));
#5519 = DIRECTION('',(-0.,-0.,-1.));
#5520 = DIRECTION('',(0.306502199085,-0.951869950128,0.));
#5521 = ADVANCED_FACE('',(#5522),#5547,.T.);
#5522 = FACE_BOUND('',#5523,.T.);
#5523 = EDGE_LOOP('',(#5524,#5525,#5533,#5541));
#5524 = ORIENTED_EDGE('',*,*,#5502,.T.);
#5525 = ORIENTED_EDGE('',*,*,#5526,.T.);
#5526 = EDGE_CURVE('',#5494,#5527,#5529,.T.);
#5527 = VERTEX_POINT('',#5528);
#5528 = CARTESIAN_POINT('',(8.414338,8.903109,1.545));
#5529 = LINE('',#5530,#5531);
#5530 = CARTESIAN_POINT('',(8.414338,7.860891,1.545));
#5531 = VECTOR('',#5532,1.);
#5532 = DIRECTION('',(0.,1.,0.));
#5533 = ORIENTED_EDGE('',*,*,#5534,.F.);
#5534 = EDGE_CURVE('',#5535,#5527,#5537,.T.);
#5535 = VERTEX_POINT('',#5536);
#5536 = CARTESIAN_POINT('',(8.414338,8.903109,1.51));
#5537 = LINE('',#5538,#5539);
#5538 = CARTESIAN_POINT('',(8.414338,8.903109,1.51));
#5539 = VECTOR('',#5540,1.);
#5540 = DIRECTION('',(0.,0.,1.));
#5541 = ORIENTED_EDGE('',*,*,#5542,.F.);
#5542 = EDGE_CURVE('',#5503,#5535,#5543,.T.);
#5543 = LINE('',#5544,#5545);
#5544 = CARTESIAN_POINT('',(8.414338,7.860891,1.51));
#5545 = VECTOR('',#5546,1.);
#5546 = DIRECTION('',(0.,1.,0.));
#5547 = PLANE('',#5548);
#5548 = AXIS2_PLACEMENT_3D('',#5549,#5550,#5551);
#5549 = CARTESIAN_POINT('',(8.414338,7.860891,1.51));
#5550 = DIRECTION('',(-1.,0.,0.));
#5551 = DIRECTION('',(0.,1.,0.));
#5552 = ADVANCED_FACE('',(#5553),#5578,.T.);
#5553 = FACE_BOUND('',#5554,.T.);
#5554 = EDGE_LOOP('',(#5555,#5556,#5564,#5572));
#5555 = ORIENTED_EDGE('',*,*,#5534,.T.);
#5556 = ORIENTED_EDGE('',*,*,#5557,.T.);
#5557 = EDGE_CURVE('',#5527,#5558,#5560,.T.);
#5558 = VERTEX_POINT('',#5559);
#5559 = CARTESIAN_POINT('',(8.368234,9.007525,1.545));
#5560 = LINE('',#5561,#5562);
#5561 = CARTESIAN_POINT('',(8.414338,8.903109,1.545));
#5562 = VECTOR('',#5563,1.);
#5563 = DIRECTION('',(-0.403919729499,0.914794431619,0.));
#5564 = ORIENTED_EDGE('',*,*,#5565,.F.);
#5565 = EDGE_CURVE('',#5566,#5558,#5568,.T.);
#5566 = VERTEX_POINT('',#5567);
#5567 = CARTESIAN_POINT('',(8.368234,9.007525,1.51));
#5568 = LINE('',#5569,#5570);
#5569 = CARTESIAN_POINT('',(8.368234,9.007525,1.51));
#5570 = VECTOR('',#5571,1.);
#5571 = DIRECTION('',(0.,0.,1.));
#5572 = ORIENTED_EDGE('',*,*,#5573,.F.);
#5573 = EDGE_CURVE('',#5535,#5566,#5574,.T.);
#5574 = LINE('',#5575,#5576);
#5575 = CARTESIAN_POINT('',(8.414338,8.903109,1.51));
#5576 = VECTOR('',#5577,1.);
#5577 = DIRECTION('',(-0.403919729499,0.914794431619,0.));
#5578 = PLANE('',#5579);
#5579 = AXIS2_PLACEMENT_3D('',#5580,#5581,#5582);
#5580 = CARTESIAN_POINT('',(8.414338,8.903109,1.51));
#5581 = DIRECTION('',(-0.914794431619,-0.403919729499,0.));
#5582 = DIRECTION('',(-0.403919729499,0.914794431619,0.));
#5583 = ADVANCED_FACE('',(#5584),#5609,.T.);
#5584 = FACE_BOUND('',#5585,.T.);
#5585 = EDGE_LOOP('',(#5586,#5587,#5595,#5603));
#5586 = ORIENTED_EDGE('',*,*,#5565,.T.);
#5587 = ORIENTED_EDGE('',*,*,#5588,.T.);
#5588 = EDGE_CURVE('',#5558,#5589,#5591,.T.);
#5589 = VERTEX_POINT('',#5590);
#5590 = CARTESIAN_POINT('',(8.287525,9.088235,1.545));
#5591 = LINE('',#5592,#5593);
#5592 = CARTESIAN_POINT('',(8.368234,9.007525,1.545));
#5593 = VECTOR('',#5594,1.);
#5594 = DIRECTION('',(-0.707102400606,0.70711116174,0.));
#5595 = ORIENTED_EDGE('',*,*,#5596,.F.);
#5596 = EDGE_CURVE('',#5597,#5589,#5599,.T.);
#5597 = VERTEX_POINT('',#5598);
#5598 = CARTESIAN_POINT('',(8.287525,9.088235,1.51));
#5599 = LINE('',#5600,#5601);
#5600 = CARTESIAN_POINT('',(8.287525,9.088235,1.51));
#5601 = VECTOR('',#5602,1.);
#5602 = DIRECTION('',(0.,0.,1.));
#5603 = ORIENTED_EDGE('',*,*,#5604,.F.);
#5604 = EDGE_CURVE('',#5566,#5597,#5605,.T.);
#5605 = LINE('',#5606,#5607);
#5606 = CARTESIAN_POINT('',(8.368234,9.007525,1.51));
#5607 = VECTOR('',#5608,1.);
#5608 = DIRECTION('',(-0.707102400606,0.70711116174,0.));
#5609 = PLANE('',#5610);
#5610 = AXIS2_PLACEMENT_3D('',#5611,#5612,#5613);
#5611 = CARTESIAN_POINT('',(8.368234,9.007525,1.51));
#5612 = DIRECTION('',(-0.70711116174,-0.707102400606,0.));
#5613 = DIRECTION('',(-0.707102400606,0.70711116174,0.));
#5614 = ADVANCED_FACE('',(#5615),#5640,.T.);
#5615 = FACE_BOUND('',#5616,.T.);
#5616 = EDGE_LOOP('',(#5617,#5618,#5626,#5634));
#5617 = ORIENTED_EDGE('',*,*,#5596,.T.);
#5618 = ORIENTED_EDGE('',*,*,#5619,.T.);
#5619 = EDGE_CURVE('',#5589,#5620,#5622,.T.);
#5620 = VERTEX_POINT('',#5621);
#5621 = CARTESIAN_POINT('',(8.223985,9.11629,1.545));
#5622 = LINE('',#5623,#5624);
#5623 = CARTESIAN_POINT('',(8.287525,9.088235,1.545));
#5624 = VECTOR('',#5625,1.);
#5625 = DIRECTION('',(-0.914797349911,0.403913120109,0.));
#5626 = ORIENTED_EDGE('',*,*,#5627,.F.);
#5627 = EDGE_CURVE('',#5628,#5620,#5630,.T.);
#5628 = VERTEX_POINT('',#5629);
#5629 = CARTESIAN_POINT('',(8.223985,9.11629,1.51));
#5630 = LINE('',#5631,#5632);
#5631 = CARTESIAN_POINT('',(8.223985,9.11629,1.51));
#5632 = VECTOR('',#5633,1.);
#5633 = DIRECTION('',(0.,0.,1.));
#5634 = ORIENTED_EDGE('',*,*,#5635,.F.);
#5635 = EDGE_CURVE('',#5597,#5628,#5636,.T.);
#5636 = LINE('',#5637,#5638);
#5637 = CARTESIAN_POINT('',(8.287525,9.088235,1.51));
#5638 = VECTOR('',#5639,1.);
#5639 = DIRECTION('',(-0.914797349911,0.403913120109,0.));
#5640 = PLANE('',#5641);
#5641 = AXIS2_PLACEMENT_3D('',#5642,#5643,#5644);
#5642 = CARTESIAN_POINT('',(8.287525,9.088235,1.51));
#5643 = DIRECTION('',(-0.403913120109,-0.914797349911,0.));
#5644 = DIRECTION('',(-0.914797349911,0.403913120109,0.));
#5645 = ADVANCED_FACE('',(#5646),#5671,.T.);
#5646 = FACE_BOUND('',#5647,.T.);
#5647 = EDGE_LOOP('',(#5648,#5649,#5657,#5665));
#5648 = ORIENTED_EDGE('',*,*,#5627,.T.);
#5649 = ORIENTED_EDGE('',*,*,#5650,.T.);
#5650 = EDGE_CURVE('',#5620,#5651,#5653,.T.);
#5651 = VERTEX_POINT('',#5652);
#5652 = CARTESIAN_POINT('',(8.197663,9.143857,1.545));
#5653 = LINE('',#5654,#5655);
#5654 = CARTESIAN_POINT('',(8.223985,9.11629,1.545));
#5655 = VECTOR('',#5656,1.);
#5656 = DIRECTION('',(-0.690586185454,0.723250109202,0.));
#5657 = ORIENTED_EDGE('',*,*,#5658,.F.);
#5658 = EDGE_CURVE('',#5659,#5651,#5661,.T.);
#5659 = VERTEX_POINT('',#5660);
#5660 = CARTESIAN_POINT('',(8.197663,9.143857,1.51));
#5661 = LINE('',#5662,#5663);
#5662 = CARTESIAN_POINT('',(8.197663,9.143857,1.51));
#5663 = VECTOR('',#5664,1.);
#5664 = DIRECTION('',(0.,0.,1.));
#5665 = ORIENTED_EDGE('',*,*,#5666,.F.);
#5666 = EDGE_CURVE('',#5628,#5659,#5667,.T.);
#5667 = LINE('',#5668,#5669);
#5668 = CARTESIAN_POINT('',(8.223985,9.11629,1.51));
#5669 = VECTOR('',#5670,1.);
#5670 = DIRECTION('',(-0.690586185454,0.723250109202,0.));
#5671 = PLANE('',#5672);
#5672 = AXIS2_PLACEMENT_3D('',#5673,#5674,#5675);
#5673 = CARTESIAN_POINT('',(8.223985,9.11629,1.51));
#5674 = DIRECTION('',(-0.723250109202,-0.690586185454,0.));
#5675 = DIRECTION('',(-0.690586185454,0.723250109202,0.));
#5676 = ADVANCED_FACE('',(#5677),#5702,.T.);
#5677 = FACE_BOUND('',#5678,.T.);
#5678 = EDGE_LOOP('',(#5679,#5680,#5688,#5696));
#5679 = ORIENTED_EDGE('',*,*,#5658,.T.);
#5680 = ORIENTED_EDGE('',*,*,#5681,.T.);
#5681 = EDGE_CURVE('',#5651,#5682,#5684,.T.);
#5682 = VERTEX_POINT('',#5683);
#5683 = CARTESIAN_POINT('',(8.1943,9.161847,1.545));
#5684 = LINE('',#5685,#5686);
#5685 = CARTESIAN_POINT('',(8.197663,9.143857,1.545));
#5686 = VECTOR('',#5687,1.);
#5687 = DIRECTION('',(-0.183754067484,0.982972249193,0.));
#5688 = ORIENTED_EDGE('',*,*,#5689,.F.);
#5689 = EDGE_CURVE('',#5690,#5682,#5692,.T.);
#5690 = VERTEX_POINT('',#5691);
#5691 = CARTESIAN_POINT('',(8.1943,9.161847,1.51));
#5692 = LINE('',#5693,#5694);
#5693 = CARTESIAN_POINT('',(8.1943,9.161847,1.51));
#5694 = VECTOR('',#5695,1.);
#5695 = DIRECTION('',(0.,0.,1.));
#5696 = ORIENTED_EDGE('',*,*,#5697,.F.);
#5697 = EDGE_CURVE('',#5659,#5690,#5698,.T.);
#5698 = LINE('',#5699,#5700);
#5699 = CARTESIAN_POINT('',(8.197663,9.143857,1.51));
#5700 = VECTOR('',#5701,1.);
#5701 = DIRECTION('',(-0.183754067484,0.982972249193,0.));
#5702 = PLANE('',#5703);
#5703 = AXIS2_PLACEMENT_3D('',#5704,#5705,#5706);
#5704 = CARTESIAN_POINT('',(8.197663,9.143857,1.51));
#5705 = DIRECTION('',(-0.982972249193,-0.183754067484,0.));
#5706 = DIRECTION('',(-0.183754067484,0.982972249193,0.));
#5707 = ADVANCED_FACE('',(#5708),#5733,.T.);
#5708 = FACE_BOUND('',#5709,.T.);
#5709 = EDGE_LOOP('',(#5710,#5711,#5719,#5727));
#5710 = ORIENTED_EDGE('',*,*,#5689,.T.);
#5711 = ORIENTED_EDGE('',*,*,#5712,.T.);
#5712 = EDGE_CURVE('',#5682,#5713,#5715,.T.);
#5713 = VERTEX_POINT('',#5714);
#5714 = CARTESIAN_POINT('',(8.1943,9.312914,1.545));
#5715 = LINE('',#5716,#5717);
#5716 = CARTESIAN_POINT('',(8.1943,9.161847,1.545));
#5717 = VECTOR('',#5718,1.);
#5718 = DIRECTION('',(0.,1.,0.));
#5719 = ORIENTED_EDGE('',*,*,#5720,.F.);
#5720 = EDGE_CURVE('',#5721,#5713,#5723,.T.);
#5721 = VERTEX_POINT('',#5722);
#5722 = CARTESIAN_POINT('',(8.1943,9.312914,1.51));
#5723 = LINE('',#5724,#5725);
#5724 = CARTESIAN_POINT('',(8.1943,9.312914,1.51));
#5725 = VECTOR('',#5726,1.);
#5726 = DIRECTION('',(0.,0.,1.));
#5727 = ORIENTED_EDGE('',*,*,#5728,.F.);
#5728 = EDGE_CURVE('',#5690,#5721,#5729,.T.);
#5729 = LINE('',#5730,#5731);
#5730 = CARTESIAN_POINT('',(8.1943,9.161847,1.51));
#5731 = VECTOR('',#5732,1.);
#5732 = DIRECTION('',(0.,1.,0.));
#5733 = PLANE('',#5734);
#5734 = AXIS2_PLACEMENT_3D('',#5735,#5736,#5737);
#5735 = CARTESIAN_POINT('',(8.1943,9.161847,1.51));
#5736 = DIRECTION('',(-1.,0.,0.));
#5737 = DIRECTION('',(0.,1.,0.));
#5738 = ADVANCED_FACE('',(#5739),#5764,.T.);
#5739 = FACE_BOUND('',#5740,.T.);
#5740 = EDGE_LOOP('',(#5741,#5742,#5750,#5758));
#5741 = ORIENTED_EDGE('',*,*,#5720,.T.);
#5742 = ORIENTED_EDGE('',*,*,#5743,.T.);
#5743 = EDGE_CURVE('',#5713,#5744,#5746,.T.);
#5744 = VERTEX_POINT('',#5745);
#5745 = CARTESIAN_POINT('',(8.164839,9.422861,1.545));
#5746 = LINE('',#5747,#5748);
#5747 = CARTESIAN_POINT('',(8.1943,9.312914,1.545));
#5748 = VECTOR('',#5749,1.);
#5749 = DIRECTION('',(-0.258825521757,0.965924090852,0.));
#5750 = ORIENTED_EDGE('',*,*,#5751,.F.);
#5751 = EDGE_CURVE('',#5752,#5744,#5754,.T.);
#5752 = VERTEX_POINT('',#5753);
#5753 = CARTESIAN_POINT('',(8.164839,9.422861,1.51));
#5754 = LINE('',#5755,#5756);
#5755 = CARTESIAN_POINT('',(8.164839,9.422861,1.51));
#5756 = VECTOR('',#5757,1.);
#5757 = DIRECTION('',(0.,0.,1.));
#5758 = ORIENTED_EDGE('',*,*,#5759,.F.);
#5759 = EDGE_CURVE('',#5721,#5752,#5760,.T.);
#5760 = LINE('',#5761,#5762);
#5761 = CARTESIAN_POINT('',(8.1943,9.312914,1.51));
#5762 = VECTOR('',#5763,1.);
#5763 = DIRECTION('',(-0.258825521757,0.965924090852,0.));
#5764 = PLANE('',#5765);
#5765 = AXIS2_PLACEMENT_3D('',#5766,#5767,#5768);
#5766 = CARTESIAN_POINT('',(8.1943,9.312914,1.51));
#5767 = DIRECTION('',(-0.965924090852,-0.258825521757,0.));
#5768 = DIRECTION('',(-0.258825521757,0.965924090852,0.));
#5769 = ADVANCED_FACE('',(#5770),#5795,.T.);
#5770 = FACE_BOUND('',#5771,.T.);
#5771 = EDGE_LOOP('',(#5772,#5773,#5781,#5789));
#5772 = ORIENTED_EDGE('',*,*,#5751,.T.);
#5773 = ORIENTED_EDGE('',*,*,#5774,.T.);
#5774 = EDGE_CURVE('',#5744,#5775,#5777,.T.);
#5775 = VERTEX_POINT('',#5776);
#5776 = CARTESIAN_POINT('',(8.107926,9.521438,1.545));
#5777 = LINE('',#5778,#5779);
#5778 = CARTESIAN_POINT('',(8.164839,9.422861,1.545));
#5779 = VECTOR('',#5780,1.);
#5780 = DIRECTION('',(-0.499996985639,0.86602714412,0.));
#5781 = ORIENTED_EDGE('',*,*,#5782,.F.);
#5782 = EDGE_CURVE('',#5783,#5775,#5785,.T.);
#5783 = VERTEX_POINT('',#5784);
#5784 = CARTESIAN_POINT('',(8.107926,9.521438,1.51));
#5785 = LINE('',#5786,#5787);
#5786 = CARTESIAN_POINT('',(8.107926,9.521438,1.51));
#5787 = VECTOR('',#5788,1.);
#5788 = DIRECTION('',(0.,0.,1.));
#5789 = ORIENTED_EDGE('',*,*,#5790,.F.);
#5790 = EDGE_CURVE('',#5752,#5783,#5791,.T.);
#5791 = LINE('',#5792,#5793);
#5792 = CARTESIAN_POINT('',(8.164839,9.422861,1.51));
#5793 = VECTOR('',#5794,1.);
#5794 = DIRECTION('',(-0.499996985639,0.86602714412,0.));
#5795 = PLANE('',#5796);
#5796 = AXIS2_PLACEMENT_3D('',#5797,#5798,#5799);
#5797 = CARTESIAN_POINT('',(8.164839,9.422861,1.51));
#5798 = DIRECTION('',(-0.86602714412,-0.499996985639,0.));
#5799 = DIRECTION('',(-0.499996985639,0.86602714412,0.));
#5800 = ADVANCED_FACE('',(#5801),#5817,.T.);
#5801 = FACE_BOUND('',#5802,.T.);
#5802 = EDGE_LOOP('',(#5803,#5804,#5810,#5811));
#5803 = ORIENTED_EDGE('',*,*,#5782,.T.);
#5804 = ORIENTED_EDGE('',*,*,#5805,.T.);
#5805 = EDGE_CURVE('',#5775,#2559,#5806,.T.);
#5806 = LINE('',#5807,#5808);
#5807 = CARTESIAN_POINT('',(8.107926,9.521438,1.545));
#5808 = VECTOR('',#5809,1.);
#5809 = DIRECTION('',(-0.707105998031,0.707107564341,0.));
#5810 = ORIENTED_EDGE('',*,*,#2556,.F.);
#5811 = ORIENTED_EDGE('',*,*,#5812,.F.);
#5812 = EDGE_CURVE('',#5783,#2557,#5813,.T.);
#5813 = LINE('',#5814,#5815);
#5814 = CARTESIAN_POINT('',(8.107926,9.521438,1.51));
#5815 = VECTOR('',#5816,1.);
#5816 = DIRECTION('',(-0.707105998031,0.707107564341,0.));
#5817 = PLANE('',#5818);
#5818 = AXIS2_PLACEMENT_3D('',#5819,#5820,#5821);
#5819 = CARTESIAN_POINT('',(8.107926,9.521438,1.51));
#5820 = DIRECTION('',(-0.707107564341,-0.707105998031,0.));
#5821 = DIRECTION('',(-0.707105998031,0.707107564341,0.));
#5822 = ADVANCED_FACE('',(#5823),#5859,.F.);
#5823 = FACE_BOUND('',#5824,.T.);
#5824 = EDGE_LOOP('',(#5825,#5835,#5844,#5852));
#5825 = ORIENTED_EDGE('',*,*,#5826,.T.);
#5826 = EDGE_CURVE('',#5827,#5829,#5831,.T.);
#5827 = VERTEX_POINT('',#5828);
#5828 = CARTESIAN_POINT('',(3.101326,1.806079,1.51));
#5829 = VERTEX_POINT('',#5830);
#5830 = CARTESIAN_POINT('',(3.101326,1.806079,1.545));
#5831 = LINE('',#5832,#5833);
#5832 = CARTESIAN_POINT('',(3.101326,1.806079,1.51));
#5833 = VECTOR('',#5834,1.);
#5834 = DIRECTION('',(0.,0.,1.));
#5835 = ORIENTED_EDGE('',*,*,#5836,.T.);
#5836 = EDGE_CURVE('',#5829,#5837,#5839,.T.);
#5837 = VERTEX_POINT('',#5838);
#5838 = CARTESIAN_POINT('',(2.740665,1.806077,1.545));
#5839 = CIRCLE('',#5840,1.009599956737);
#5840 = AXIS2_PLACEMENT_3D('',#5841,#5842,#5843);
#5841 = CARTESIAN_POINT('',(2.921001008577,0.812713523395,1.545));
#5842 = DIRECTION('',(0.,0.,1.));
#5843 = DIRECTION('',(0.178610339887,0.983919888246,-0.));
#5844 = ORIENTED_EDGE('',*,*,#5845,.F.);
#5845 = EDGE_CURVE('',#5846,#5837,#5848,.T.);
#5846 = VERTEX_POINT('',#5847);
#5847 = CARTESIAN_POINT('',(2.740665,1.806077,1.51));
#5848 = LINE('',#5849,#5850);
#5849 = CARTESIAN_POINT('',(2.740665,1.806077,1.51));
#5850 = VECTOR('',#5851,1.);
#5851 = DIRECTION('',(0.,0.,1.));
#5852 = ORIENTED_EDGE('',*,*,#5853,.F.);
#5853 = EDGE_CURVE('',#5827,#5846,#5854,.T.);
#5854 = CIRCLE('',#5855,1.009599956737);
#5855 = AXIS2_PLACEMENT_3D('',#5856,#5857,#5858);
#5856 = CARTESIAN_POINT('',(2.921001008577,0.812713523395,1.51));
#5857 = DIRECTION('',(0.,0.,1.));
#5858 = DIRECTION('',(0.178610339887,0.983919888246,-0.));
#5859 = CYLINDRICAL_SURFACE('',#5860,1.009599956737);
#5860 = AXIS2_PLACEMENT_3D('',#5861,#5862,#5863);
#5861 = CARTESIAN_POINT('',(2.921001008577,0.812713523395,1.51));
#5862 = DIRECTION('',(-0.,-0.,-1.));
#5863 = DIRECTION('',(0.178610339887,0.983919888246,-0.));
#5864 = ADVANCED_FACE('',(#5865),#5890,.T.);
#5865 = FACE_BOUND('',#5866,.T.);
#5866 = EDGE_LOOP('',(#5867,#5868,#5876,#5884));
#5867 = ORIENTED_EDGE('',*,*,#5845,.T.);
#5868 = ORIENTED_EDGE('',*,*,#5869,.T.);
#5869 = EDGE_CURVE('',#5837,#5870,#5872,.T.);
#5870 = VERTEX_POINT('',#5871);
#5871 = CARTESIAN_POINT('',(2.569383,1.746144,1.545));
#5872 = LINE('',#5873,#5874);
#5873 = CARTESIAN_POINT('',(2.740665,1.806077,1.545));
#5874 = VECTOR('',#5875,1.);
#5875 = DIRECTION('',(-0.943885329921,-0.330273347335,0.));
#5876 = ORIENTED_EDGE('',*,*,#5877,.F.);
#5877 = EDGE_CURVE('',#5878,#5870,#5880,.T.);
#5878 = VERTEX_POINT('',#5879);
#5879 = CARTESIAN_POINT('',(2.569383,1.746144,1.51));
#5880 = LINE('',#5881,#5882);
#5881 = CARTESIAN_POINT('',(2.569383,1.746144,1.51));
#5882 = VECTOR('',#5883,1.);
#5883 = DIRECTION('',(0.,0.,1.));
#5884 = ORIENTED_EDGE('',*,*,#5885,.F.);
#5885 = EDGE_CURVE('',#5846,#5878,#5886,.T.);
#5886 = LINE('',#5887,#5888);
#5887 = CARTESIAN_POINT('',(2.740665,1.806077,1.51));
#5888 = VECTOR('',#5889,1.);
#5889 = DIRECTION('',(-0.943885329921,-0.330273347335,0.));
#5890 = PLANE('',#5891);
#5891 = AXIS2_PLACEMENT_3D('',#5892,#5893,#5894);
#5892 = CARTESIAN_POINT('',(2.740665,1.806077,1.51));
#5893 = DIRECTION('',(0.330273347335,-0.943885329921,0.));
#5894 = DIRECTION('',(-0.943885329921,-0.330273347335,0.));
#5895 = ADVANCED_FACE('',(#5896),#5923,.F.);
#5896 = FACE_BOUND('',#5897,.T.);
#5897 = EDGE_LOOP('',(#5898,#5899,#5908,#5916));
#5898 = ORIENTED_EDGE('',*,*,#5877,.T.);
#5899 = ORIENTED_EDGE('',*,*,#5900,.T.);
#5900 = EDGE_CURVE('',#5870,#5901,#5903,.T.);
#5901 = VERTEX_POINT('',#5902);
#5902 = CARTESIAN_POINT('',(2.130921,1.196327,1.545));
#5903 = CIRCLE('',#5904,0.810404533349);
#5904 = AXIS2_PLACEMENT_3D('',#5905,#5906,#5907);
#5905 = CARTESIAN_POINT('',(2.921007254907,1.015996144402,1.545));
#5906 = DIRECTION('',(0.,0.,1.));
#5907 = DIRECTION('',(-0.433887324709,0.900967141164,0.));
#5908 = ORIENTED_EDGE('',*,*,#5909,.F.);
#5909 = EDGE_CURVE('',#5910,#5901,#5912,.T.);
#5910 = VERTEX_POINT('',#5911);
#5911 = CARTESIAN_POINT('',(2.130921,1.196327,1.51));
#5912 = LINE('',#5913,#5914);
#5913 = CARTESIAN_POINT('',(2.130921,1.196327,1.51));
#5914 = VECTOR('',#5915,1.);
#5915 = DIRECTION('',(0.,0.,1.));
#5916 = ORIENTED_EDGE('',*,*,#5917,.F.);
#5917 = EDGE_CURVE('',#5878,#5910,#5918,.T.);
#5918 = CIRCLE('',#5919,0.810404533349);
#5919 = AXIS2_PLACEMENT_3D('',#5920,#5921,#5922);
#5920 = CARTESIAN_POINT('',(2.921007254907,1.015996144402,1.51));
#5921 = DIRECTION('',(0.,0.,1.));
#5922 = DIRECTION('',(-0.433887324709,0.900967141164,0.));
#5923 = CYLINDRICAL_SURFACE('',#5924,0.810404533349);
#5924 = AXIS2_PLACEMENT_3D('',#5925,#5926,#5927);
#5925 = CARTESIAN_POINT('',(2.921007254907,1.015996144402,1.51));
#5926 = DIRECTION('',(-0.,-0.,-1.));
#5927 = DIRECTION('',(-0.433887324709,0.900967141164,0.));
#5928 = ADVANCED_FACE('',(#5929),#5954,.T.);
#5929 = FACE_BOUND('',#5930,.T.);
#5930 = EDGE_LOOP('',(#5931,#5932,#5940,#5948));
#5931 = ORIENTED_EDGE('',*,*,#5909,.T.);
#5932 = ORIENTED_EDGE('',*,*,#5933,.T.);
#5933 = EDGE_CURVE('',#5901,#5934,#5936,.T.);
#5934 = VERTEX_POINT('',#5935);
#5935 = CARTESIAN_POINT('',(2.1157,1.061225,1.545));
#5936 = LINE('',#5937,#5938);
#5937 = CARTESIAN_POINT('',(2.130921,1.196327,1.545));
#5938 = VECTOR('',#5939,1.);
#5939 = DIRECTION('',(-0.111954747016,-0.99371330605,0.));
#5940 = ORIENTED_EDGE('',*,*,#5941,.F.);
#5941 = EDGE_CURVE('',#5942,#5934,#5944,.T.);
#5942 = VERTEX_POINT('',#5943);
#5943 = CARTESIAN_POINT('',(2.1157,1.061225,1.51));
#5944 = LINE('',#5945,#5946);
#5945 = CARTESIAN_POINT('',(2.1157,1.061225,1.51));
#5946 = VECTOR('',#5947,1.);
#5947 = DIRECTION('',(0.,0.,1.));
#5948 = ORIENTED_EDGE('',*,*,#5949,.F.);
#5949 = EDGE_CURVE('',#5910,#5942,#5950,.T.);
#5950 = LINE('',#5951,#5952);
#5951 = CARTESIAN_POINT('',(2.130921,1.196327,1.51));
#5952 = VECTOR('',#5953,1.);
#5953 = DIRECTION('',(-0.111954747016,-0.99371330605,0.));
#5954 = PLANE('',#5955);
#5955 = AXIS2_PLACEMENT_3D('',#5956,#5957,#5958);
#5956 = CARTESIAN_POINT('',(2.130921,1.196327,1.51));
#5957 = DIRECTION('',(0.99371330605,-0.111954747016,0.));
#5958 = DIRECTION('',(-0.111954747016,-0.99371330605,0.));
#5959 = ADVANCED_FACE('',(#5960),#5985,.T.);
#5960 = FACE_BOUND('',#5961,.T.);
#5961 = EDGE_LOOP('',(#5962,#5963,#5971,#5979));
#5962 = ORIENTED_EDGE('',*,*,#5941,.T.);
#5963 = ORIENTED_EDGE('',*,*,#5964,.T.);
#5964 = EDGE_CURVE('',#5934,#5965,#5967,.T.);
#5965 = VERTEX_POINT('',#5966);
#5966 = CARTESIAN_POINT('',(2.1157,0.970776,1.545));
#5967 = LINE('',#5968,#5969);
#5968 = CARTESIAN_POINT('',(2.1157,1.061225,1.545));
#5969 = VECTOR('',#5970,1.);
#5970 = DIRECTION('',(0.,-1.,0.));
#5971 = ORIENTED_EDGE('',*,*,#5972,.F.);
#5972 = EDGE_CURVE('',#5973,#5965,#5975,.T.);
#5973 = VERTEX_POINT('',#5974);
#5974 = CARTESIAN_POINT('',(2.1157,0.970776,1.51));
#5975 = LINE('',#5976,#5977);
#5976 = CARTESIAN_POINT('',(2.1157,0.970776,1.51));
#5977 = VECTOR('',#5978,1.);
#5978 = DIRECTION('',(0.,0.,1.));
#5979 = ORIENTED_EDGE('',*,*,#5980,.F.);
#5980 = EDGE_CURVE('',#5942,#5973,#5981,.T.);
#5981 = LINE('',#5982,#5983);
#5982 = CARTESIAN_POINT('',(2.1157,1.061225,1.51));
#5983 = VECTOR('',#5984,1.);
#5984 = DIRECTION('',(0.,-1.,0.));
#5985 = PLANE('',#5986);
#5986 = AXIS2_PLACEMENT_3D('',#5987,#5988,#5989);
#5987 = CARTESIAN_POINT('',(2.1157,1.061225,1.51));
#5988 = DIRECTION('',(1.,0.,-0.));
#5989 = DIRECTION('',(0.,-1.,0.));
#5990 = ADVANCED_FACE('',(#5991),#6016,.T.);
#5991 = FACE_BOUND('',#5992,.T.);
#5992 = EDGE_LOOP('',(#5993,#5994,#6002,#6010));
#5993 = ORIENTED_EDGE('',*,*,#5972,.T.);
#5994 = ORIENTED_EDGE('',*,*,#5995,.T.);
#5995 = EDGE_CURVE('',#5965,#5996,#5998,.T.);
#5996 = VERTEX_POINT('',#5997);
#5997 = CARTESIAN_POINT('',(2.130923,0.835666,1.545));
#5998 = LINE('',#5999,#6000);
#5999 = CARTESIAN_POINT('',(2.1157,0.970776,1.545));
#6000 = VECTOR('',#6001,1.);
#6001 = DIRECTION('',(0.111962726461,-0.993712407029,0.));
#6002 = ORIENTED_EDGE('',*,*,#6003,.F.);
#6003 = EDGE_CURVE('',#6004,#5996,#6006,.T.);
#6004 = VERTEX_POINT('',#6005);
#6005 = CARTESIAN_POINT('',(2.130923,0.835666,1.51));
#6006 = LINE('',#6007,#6008);
#6007 = CARTESIAN_POINT('',(2.130923,0.835666,1.51));
#6008 = VECTOR('',#6009,1.);
#6009 = DIRECTION('',(0.,0.,1.));
#6010 = ORIENTED_EDGE('',*,*,#6011,.F.);
#6011 = EDGE_CURVE('',#5973,#6004,#6012,.T.);
#6012 = LINE('',#6013,#6014);
#6013 = CARTESIAN_POINT('',(2.1157,0.970776,1.51));
#6014 = VECTOR('',#6015,1.);
#6015 = DIRECTION('',(0.111962726461,-0.993712407029,0.));
#6016 = PLANE('',#6017);
#6017 = AXIS2_PLACEMENT_3D('',#6018,#6019,#6020);
#6018 = CARTESIAN_POINT('',(2.1157,0.970776,1.51));
#6019 = DIRECTION('',(0.993712407029,0.111962726461,-0.));
#6020 = DIRECTION('',(0.111962726461,-0.993712407029,0.));
#6021 = ADVANCED_FACE('',(#6022),#6049,.F.);
#6022 = FACE_BOUND('',#6023,.T.);
#6023 = EDGE_LOOP('',(#6024,#6025,#6034,#6042));
#6024 = ORIENTED_EDGE('',*,*,#6003,.T.);
#6025 = ORIENTED_EDGE('',*,*,#6026,.T.);
#6026 = EDGE_CURVE('',#5996,#6027,#6029,.T.);
#6027 = VERTEX_POINT('',#6028);
#6028 = CARTESIAN_POINT('',(2.74067,0.225922,1.545));
#6029 = CIRCLE('',#6030,0.810396846296);
#6030 = AXIS2_PLACEMENT_3D('',#6031,#6032,#6033);
#6031 = CARTESIAN_POINT('',(2.921000552171,1.016000439423,1.545));
#6032 = DIRECTION('',(0.,0.,1.));
#6033 = DIRECTION('',(-0.974926735935,-0.222526087369,0.));
#6034 = ORIENTED_EDGE('',*,*,#6035,.F.);
#6035 = EDGE_CURVE('',#6036,#6027,#6038,.T.);
#6036 = VERTEX_POINT('',#6037);
#6037 = CARTESIAN_POINT('',(2.74067,0.225922,1.51));
#6038 = LINE('',#6039,#6040);
#6039 = CARTESIAN_POINT('',(2.74067,0.225922,1.51));
#6040 = VECTOR('',#6041,1.);
#6041 = DIRECTION('',(0.,0.,1.));
#6042 = ORIENTED_EDGE('',*,*,#6043,.F.);
#6043 = EDGE_CURVE('',#6004,#6036,#6044,.T.);
#6044 = CIRCLE('',#6045,0.810396846296);
#6045 = AXIS2_PLACEMENT_3D('',#6046,#6047,#6048);
#6046 = CARTESIAN_POINT('',(2.921000552171,1.016000439423,1.51));
#6047 = DIRECTION('',(0.,0.,1.));
#6048 = DIRECTION('',(-0.974926735935,-0.222526087369,0.));
#6049 = CYLINDRICAL_SURFACE('',#6050,0.810396846296);
#6050 = AXIS2_PLACEMENT_3D('',#6051,#6052,#6053);
#6051 = CARTESIAN_POINT('',(2.921000552171,1.016000439423,1.51));
#6052 = DIRECTION('',(-0.,-0.,-1.));
#6053 = DIRECTION('',(-0.974926735935,-0.222526087369,0.));
#6054 = ADVANCED_FACE('',(#6055),#6080,.T.);
#6055 = FACE_BOUND('',#6056,.T.);
#6056 = EDGE_LOOP('',(#6057,#6058,#6066,#6074));
#6057 = ORIENTED_EDGE('',*,*,#6035,.T.);
#6058 = ORIENTED_EDGE('',*,*,#6059,.T.);
#6059 = EDGE_CURVE('',#6027,#6060,#6062,.T.);
#6060 = VERTEX_POINT('',#6061);
#6061 = CARTESIAN_POINT('',(2.875771,0.2107,1.545));
#6062 = LINE('',#6063,#6064);
#6063 = CARTESIAN_POINT('',(2.74067,0.225922,1.545));
#6064 = VECTOR('',#6065,1.);
#6065 = DIRECTION('',(0.993712395539,-0.111962828439,0.));
#6066 = ORIENTED_EDGE('',*,*,#6067,.F.);
#6067 = EDGE_CURVE('',#6068,#6060,#6070,.T.);
#6068 = VERTEX_POINT('',#6069);
#6069 = CARTESIAN_POINT('',(2.875771,0.2107,1.51));
#6070 = LINE('',#6071,#6072);
#6071 = CARTESIAN_POINT('',(2.875771,0.2107,1.51));
#6072 = VECTOR('',#6073,1.);
#6073 = DIRECTION('',(0.,0.,1.));
#6074 = ORIENTED_EDGE('',*,*,#6075,.F.);
#6075 = EDGE_CURVE('',#6036,#6068,#6076,.T.);
#6076 = LINE('',#6077,#6078);
#6077 = CARTESIAN_POINT('',(2.74067,0.225922,1.51));
#6078 = VECTOR('',#6079,1.);
#6079 = DIRECTION('',(0.993712395539,-0.111962828439,0.));
#6080 = PLANE('',#6081);
#6081 = AXIS2_PLACEMENT_3D('',#6082,#6083,#6084);
#6082 = CARTESIAN_POINT('',(2.74067,0.225922,1.51));
#6083 = DIRECTION('',(0.111962828439,0.993712395539,-0.));
#6084 = DIRECTION('',(0.993712395539,-0.111962828439,0.));
#6085 = ADVANCED_FACE('',(#6086),#6111,.T.);
#6086 = FACE_BOUND('',#6087,.T.);
#6087 = EDGE_LOOP('',(#6088,#6089,#6097,#6105));
#6088 = ORIENTED_EDGE('',*,*,#6067,.T.);
#6089 = ORIENTED_EDGE('',*,*,#6090,.T.);
#6090 = EDGE_CURVE('',#6060,#6091,#6093,.T.);
#6091 = VERTEX_POINT('',#6092);
#6092 = CARTESIAN_POINT('',(2.966228,0.210701,1.545));
#6093 = LINE('',#6094,#6095);
#6094 = CARTESIAN_POINT('',(2.875771,0.2107,1.545));
#6095 = VECTOR('',#6096,1.);
#6096 = DIRECTION('',(0.999999999939,1.105497639696E-05,0.));
#6097 = ORIENTED_EDGE('',*,*,#6098,.F.);
#6098 = EDGE_CURVE('',#6099,#6091,#6101,.T.);
#6099 = VERTEX_POINT('',#6100);
#6100 = CARTESIAN_POINT('',(2.966228,0.210701,1.51));
#6101 = LINE('',#6102,#6103);
#6102 = CARTESIAN_POINT('',(2.966228,0.210701,1.51));
#6103 = VECTOR('',#6104,1.);
#6104 = DIRECTION('',(0.,0.,1.));
#6105 = ORIENTED_EDGE('',*,*,#6106,.F.);
#6106 = EDGE_CURVE('',#6068,#6099,#6107,.T.);
#6107 = LINE('',#6108,#6109);
#6108 = CARTESIAN_POINT('',(2.875771,0.2107,1.51));
#6109 = VECTOR('',#6110,1.);
#6110 = DIRECTION('',(0.999999999939,1.105497639696E-05,0.));
#6111 = PLANE('',#6112);
#6112 = AXIS2_PLACEMENT_3D('',#6113,#6114,#6115);
#6113 = CARTESIAN_POINT('',(2.875771,0.2107,1.51));
#6114 = DIRECTION('',(-1.105497639696E-05,0.999999999939,0.));
#6115 = DIRECTION('',(0.999999999939,1.105497639696E-05,0.));
#6116 = ADVANCED_FACE('',(#6117),#6142,.T.);
#6117 = FACE_BOUND('',#6118,.T.);
#6118 = EDGE_LOOP('',(#6119,#6120,#6128,#6136));
#6119 = ORIENTED_EDGE('',*,*,#6098,.T.);
#6120 = ORIENTED_EDGE('',*,*,#6121,.T.);
#6121 = EDGE_CURVE('',#6091,#6122,#6124,.T.);
#6122 = VERTEX_POINT('',#6123);
#6123 = CARTESIAN_POINT('',(3.10133,0.225922,1.545));
#6124 = LINE('',#6125,#6126);
#6125 = CARTESIAN_POINT('',(2.966228,0.210701,1.545));
#6126 = VECTOR('',#6127,1.);
#6127 = DIRECTION('',(0.99371330605,0.111954747016,0.));
#6128 = ORIENTED_EDGE('',*,*,#6129,.F.);
#6129 = EDGE_CURVE('',#6130,#6122,#6132,.T.);
#6130 = VERTEX_POINT('',#6131);
#6131 = CARTESIAN_POINT('',(3.10133,0.225922,1.51));
#6132 = LINE('',#6133,#6134);
#6133 = CARTESIAN_POINT('',(3.10133,0.225922,1.51));
#6134 = VECTOR('',#6135,1.);
#6135 = DIRECTION('',(0.,0.,1.));
#6136 = ORIENTED_EDGE('',*,*,#6137,.F.);
#6137 = EDGE_CURVE('',#6099,#6130,#6138,.T.);
#6138 = LINE('',#6139,#6140);
#6139 = CARTESIAN_POINT('',(2.966228,0.210701,1.51));
#6140 = VECTOR('',#6141,1.);
#6141 = DIRECTION('',(0.99371330605,0.111954747016,0.));
#6142 = PLANE('',#6143);
#6143 = AXIS2_PLACEMENT_3D('',#6144,#6145,#6146);
#6144 = CARTESIAN_POINT('',(2.966228,0.210701,1.51));
#6145 = DIRECTION('',(-0.111954747016,0.99371330605,0.));
#6146 = DIRECTION('',(0.99371330605,0.111954747016,0.));
#6147 = ADVANCED_FACE('',(#6148),#6175,.F.);
#6148 = FACE_BOUND('',#6149,.T.);
#6149 = EDGE_LOOP('',(#6150,#6151,#6160,#6168));
#6150 = ORIENTED_EDGE('',*,*,#6129,.T.);
#6151 = ORIENTED_EDGE('',*,*,#6152,.T.);
#6152 = EDGE_CURVE('',#6122,#6153,#6155,.T.);
#6153 = VERTEX_POINT('',#6154);
#6154 = CARTESIAN_POINT('',(3.711078,0.83567,1.545));
#6155 = CIRCLE('',#6156,0.810397184473);
#6156 = AXIS2_PLACEMENT_3D('',#6157,#6158,#6159);
#6157 = CARTESIAN_POINT('',(2.920999257211,1.016000742789,1.545));
#6158 = DIRECTION('',(0.,0.,1.));
#6159 = DIRECTION('',(0.222521433001,-0.974927798278,0.));
#6160 = ORIENTED_EDGE('',*,*,#6161,.F.);
#6161 = EDGE_CURVE('',#6162,#6153,#6164,.T.);
#6162 = VERTEX_POINT('',#6163);
#6163 = CARTESIAN_POINT('',(3.711078,0.83567,1.51));
#6164 = LINE('',#6165,#6166);
#6165 = CARTESIAN_POINT('',(3.711078,0.83567,1.51));
#6166 = VECTOR('',#6167,1.);
#6167 = DIRECTION('',(0.,0.,1.));
#6168 = ORIENTED_EDGE('',*,*,#6169,.F.);
#6169 = EDGE_CURVE('',#6130,#6162,#6170,.T.);
#6170 = CIRCLE('',#6171,0.810397184473);
#6171 = AXIS2_PLACEMENT_3D('',#6172,#6173,#6174);
#6172 = CARTESIAN_POINT('',(2.920999257211,1.016000742789,1.51));
#6173 = DIRECTION('',(0.,0.,1.));
#6174 = DIRECTION('',(0.222521433001,-0.974927798278,0.));
#6175 = CYLINDRICAL_SURFACE('',#6176,0.810397184473);
#6176 = AXIS2_PLACEMENT_3D('',#6177,#6178,#6179);
#6177 = CARTESIAN_POINT('',(2.920999257211,1.016000742789,1.51));
#6178 = DIRECTION('',(-0.,-0.,-1.));
#6179 = DIRECTION('',(0.222521433001,-0.974927798278,0.));
#6180 = ADVANCED_FACE('',(#6181),#6206,.T.);
#6181 = FACE_BOUND('',#6182,.T.);
#6182 = EDGE_LOOP('',(#6183,#6184,#6192,#6200));
#6183 = ORIENTED_EDGE('',*,*,#6161,.T.);
#6184 = ORIENTED_EDGE('',*,*,#6185,.T.);
#6185 = EDGE_CURVE('',#6153,#6186,#6188,.T.);
#6186 = VERTEX_POINT('',#6187);
#6187 = CARTESIAN_POINT('',(3.7263,0.970771,1.545));
#6188 = LINE('',#6189,#6190);
#6189 = CARTESIAN_POINT('',(3.711078,0.83567,1.545));
#6190 = VECTOR('',#6191,1.);
#6191 = DIRECTION('',(0.111962828439,0.993712395539,0.));
#6192 = ORIENTED_EDGE('',*,*,#6193,.F.);
#6193 = EDGE_CURVE('',#6194,#6186,#6196,.T.);
#6194 = VERTEX_POINT('',#6195);
#6195 = CARTESIAN_POINT('',(3.7263,0.970771,1.51));
#6196 = LINE('',#6197,#6198);
#6197 = CARTESIAN_POINT('',(3.7263,0.970771,1.51));
#6198 = VECTOR('',#6199,1.);
#6199 = DIRECTION('',(0.,0.,1.));
#6200 = ORIENTED_EDGE('',*,*,#6201,.F.);
#6201 = EDGE_CURVE('',#6162,#6194,#6202,.T.);
#6202 = LINE('',#6203,#6204);
#6203 = CARTESIAN_POINT('',(3.711078,0.83567,1.51));
#6204 = VECTOR('',#6205,1.);
#6205 = DIRECTION('',(0.111962828439,0.993712395539,0.));
#6206 = PLANE('',#6207);
#6207 = AXIS2_PLACEMENT_3D('',#6208,#6209,#6210);
#6208 = CARTESIAN_POINT('',(3.711078,0.83567,1.51));
#6209 = DIRECTION('',(-0.993712395539,0.111962828439,0.));
#6210 = DIRECTION('',(0.111962828439,0.993712395539,0.));
#6211 = ADVANCED_FACE('',(#6212),#6237,.T.);
#6212 = FACE_BOUND('',#6213,.T.);
#6213 = EDGE_LOOP('',(#6214,#6215,#6223,#6231));
#6214 = ORIENTED_EDGE('',*,*,#6193,.T.);
#6215 = ORIENTED_EDGE('',*,*,#6216,.T.);
#6216 = EDGE_CURVE('',#6186,#6217,#6219,.T.);
#6217 = VERTEX_POINT('',#6218);
#6218 = CARTESIAN_POINT('',(3.726299,1.061228,1.545));
#6219 = LINE('',#6220,#6221);
#6220 = CARTESIAN_POINT('',(3.7263,0.970771,1.545));
#6221 = VECTOR('',#6222,1.);
#6222 = DIRECTION('',(-1.10549763985E-05,0.999999999939,0.));
#6223 = ORIENTED_EDGE('',*,*,#6224,.F.);
#6224 = EDGE_CURVE('',#6225,#6217,#6227,.T.);
#6225 = VERTEX_POINT('',#6226);
#6226 = CARTESIAN_POINT('',(3.726299,1.061228,1.51));
#6227 = LINE('',#6228,#6229);
#6228 = CARTESIAN_POINT('',(3.726299,1.061228,1.51));
#6229 = VECTOR('',#6230,1.);
#6230 = DIRECTION('',(0.,0.,1.));
#6231 = ORIENTED_EDGE('',*,*,#6232,.F.);
#6232 = EDGE_CURVE('',#6194,#6225,#6233,.T.);
#6233 = LINE('',#6234,#6235);
#6234 = CARTESIAN_POINT('',(3.7263,0.970771,1.51));
#6235 = VECTOR('',#6236,1.);
#6236 = DIRECTION('',(-1.10549763985E-05,0.999999999939,0.));
#6237 = PLANE('',#6238);
#6238 = AXIS2_PLACEMENT_3D('',#6239,#6240,#6241);
#6239 = CARTESIAN_POINT('',(3.7263,0.970771,1.51));
#6240 = DIRECTION('',(-0.999999999939,-1.10549763985E-05,0.));
#6241 = DIRECTION('',(-1.10549763985E-05,0.999999999939,0.));
#6242 = ADVANCED_FACE('',(#6243),#6268,.T.);
#6243 = FACE_BOUND('',#6244,.T.);
#6244 = EDGE_LOOP('',(#6245,#6246,#6254,#6262));
#6245 = ORIENTED_EDGE('',*,*,#6224,.T.);
#6246 = ORIENTED_EDGE('',*,*,#6247,.T.);
#6247 = EDGE_CURVE('',#6217,#6248,#6250,.T.);
#6248 = VERTEX_POINT('',#6249);
#6249 = CARTESIAN_POINT('',(3.711078,1.19633,1.545));
#6250 = LINE('',#6251,#6252);
#6251 = CARTESIAN_POINT('',(3.726299,1.061228,1.545));
#6252 = VECTOR('',#6253,1.);
#6253 = DIRECTION('',(-0.111954747016,0.99371330605,0.));
#6254 = ORIENTED_EDGE('',*,*,#6255,.F.);
#6255 = EDGE_CURVE('',#6256,#6248,#6258,.T.);
#6256 = VERTEX_POINT('',#6257);
#6257 = CARTESIAN_POINT('',(3.711078,1.19633,1.51));
#6258 = LINE('',#6259,#6260);
#6259 = CARTESIAN_POINT('',(3.711078,1.19633,1.51));
#6260 = VECTOR('',#6261,1.);
#6261 = DIRECTION('',(0.,0.,1.));
#6262 = ORIENTED_EDGE('',*,*,#6263,.F.);
#6263 = EDGE_CURVE('',#6225,#6256,#6264,.T.);
#6264 = LINE('',#6265,#6266);
#6265 = CARTESIAN_POINT('',(3.726299,1.061228,1.51));
#6266 = VECTOR('',#6267,1.);
#6267 = DIRECTION('',(-0.111954747016,0.99371330605,0.));
#6268 = PLANE('',#6269);
#6269 = AXIS2_PLACEMENT_3D('',#6270,#6271,#6272);
#6270 = CARTESIAN_POINT('',(3.726299,1.061228,1.51));
#6271 = DIRECTION('',(-0.99371330605,-0.111954747016,0.));
#6272 = DIRECTION('',(-0.111954747016,0.99371330605,0.));
#6273 = ADVANCED_FACE('',(#6274),#6292,.F.);
#6274 = FACE_BOUND('',#6275,.T.);
#6275 = EDGE_LOOP('',(#6276,#6277,#6284,#6285));
#6276 = ORIENTED_EDGE('',*,*,#6255,.T.);
#6277 = ORIENTED_EDGE('',*,*,#6278,.T.);
#6278 = EDGE_CURVE('',#6248,#5829,#6279,.T.);
#6279 = CIRCLE('',#6280,0.810397419861);
#6280 = AXIS2_PLACEMENT_3D('',#6281,#6282,#6283);
#6281 = CARTESIAN_POINT('',(2.92099903968,1.015999152453,1.545));
#6282 = DIRECTION('',(0.,0.,1.));
#6283 = DIRECTION('',(0.974927783526,0.222521497635,-0.));
#6284 = ORIENTED_EDGE('',*,*,#5826,.F.);
#6285 = ORIENTED_EDGE('',*,*,#6286,.F.);
#6286 = EDGE_CURVE('',#6256,#5827,#6287,.T.);
#6287 = CIRCLE('',#6288,0.810397419861);
#6288 = AXIS2_PLACEMENT_3D('',#6289,#6290,#6291);
#6289 = CARTESIAN_POINT('',(2.92099903968,1.015999152453,1.51));
#6290 = DIRECTION('',(0.,0.,1.));
#6291 = DIRECTION('',(0.974927783526,0.222521497635,-0.));
#6292 = CYLINDRICAL_SURFACE('',#6293,0.810397419861);
#6293 = AXIS2_PLACEMENT_3D('',#6294,#6295,#6296);
#6294 = CARTESIAN_POINT('',(2.92099903968,1.015999152453,1.51));
#6295 = DIRECTION('',(-0.,-0.,-1.));
#6296 = DIRECTION('',(0.974927783526,0.222521497635,-0.));
#6297 = ADVANCED_FACE('',(#6298),#6332,.T.);
#6298 = FACE_BOUND('',#6299,.T.);
#6299 = EDGE_LOOP('',(#6300,#6310,#6318,#6326));
#6300 = ORIENTED_EDGE('',*,*,#6301,.T.);
#6301 = EDGE_CURVE('',#6302,#6304,#6306,.T.);
#6302 = VERTEX_POINT('',#6303);
#6303 = CARTESIAN_POINT('',(6.9954,1.6548,1.51));
#6304 = VERTEX_POINT('',#6305);
#6305 = CARTESIAN_POINT('',(6.9954,1.6548,1.545));
#6306 = LINE('',#6307,#6308);
#6307 = CARTESIAN_POINT('',(6.9954,1.6548,1.51));
#6308 = VECTOR('',#6309,1.);
#6309 = DIRECTION('',(0.,0.,1.));
#6310 = ORIENTED_EDGE('',*,*,#6311,.T.);
#6311 = EDGE_CURVE('',#6304,#6312,#6314,.T.);
#6312 = VERTEX_POINT('',#6313);
#6313 = CARTESIAN_POINT('',(6.9954,2.3314,1.545));
#6314 = LINE('',#6315,#6316);
#6315 = CARTESIAN_POINT('',(6.9954,1.6548,1.545));
#6316 = VECTOR('',#6317,1.);
#6317 = DIRECTION('',(0.,1.,0.));
#6318 = ORIENTED_EDGE('',*,*,#6319,.F.);
#6319 = EDGE_CURVE('',#6320,#6312,#6322,.T.);
#6320 = VERTEX_POINT('',#6321);
#6321 = CARTESIAN_POINT('',(6.9954,2.3314,1.51));
#6322 = LINE('',#6323,#6324);
#6323 = CARTESIAN_POINT('',(6.9954,2.3314,1.51));
#6324 = VECTOR('',#6325,1.);
#6325 = DIRECTION('',(0.,0.,1.));
#6326 = ORIENTED_EDGE('',*,*,#6327,.F.);
#6327 = EDGE_CURVE('',#6302,#6320,#6328,.T.);
#6328 = LINE('',#6329,#6330);
#6329 = CARTESIAN_POINT('',(6.9954,1.6548,1.51));
#6330 = VECTOR('',#6331,1.);
#6331 = DIRECTION('',(0.,1.,0.));
#6332 = PLANE('',#6333);
#6333 = AXIS2_PLACEMENT_3D('',#6334,#6335,#6336);
#6334 = CARTESIAN_POINT('',(6.9954,1.6548,1.51));
#6335 = DIRECTION('',(-1.,0.,0.));
#6336 = DIRECTION('',(0.,1.,0.));
#6337 = ADVANCED_FACE('',(#6338),#6363,.T.);
#6338 = FACE_BOUND('',#6339,.T.);
#6339 = EDGE_LOOP('',(#6340,#6341,#6349,#6357));
#6340 = ORIENTED_EDGE('',*,*,#6319,.T.);
#6341 = ORIENTED_EDGE('',*,*,#6342,.T.);
#6342 = EDGE_CURVE('',#6312,#6343,#6345,.T.);
#6343 = VERTEX_POINT('',#6344);
#6344 = CARTESIAN_POINT('',(6.3688,2.3314,1.545));
#6345 = LINE('',#6346,#6347);
#6346 = CARTESIAN_POINT('',(6.9954,2.3314,1.545));
#6347 = VECTOR('',#6348,1.);
#6348 = DIRECTION('',(-1.,0.,0.));
#6349 = ORIENTED_EDGE('',*,*,#6350,.F.);
#6350 = EDGE_CURVE('',#6351,#6343,#6353,.T.);
#6351 = VERTEX_POINT('',#6352);
#6352 = CARTESIAN_POINT('',(6.3688,2.3314,1.51));
#6353 = LINE('',#6354,#6355);
#6354 = CARTESIAN_POINT('',(6.3688,2.3314,1.51));
#6355 = VECTOR('',#6356,1.);
#6356 = DIRECTION('',(0.,0.,1.));
#6357 = ORIENTED_EDGE('',*,*,#6358,.F.);
#6358 = EDGE_CURVE('',#6320,#6351,#6359,.T.);
#6359 = LINE('',#6360,#6361);
#6360 = CARTESIAN_POINT('',(6.9954,2.3314,1.51));
#6361 = VECTOR('',#6362,1.);
#6362 = DIRECTION('',(-1.,0.,0.));
#6363 = PLANE('',#6364);
#6364 = AXIS2_PLACEMENT_3D('',#6365,#6366,#6367);
#6365 = CARTESIAN_POINT('',(6.9954,2.3314,1.51));
#6366 = DIRECTION('',(0.,-1.,0.));
#6367 = DIRECTION('',(-1.,0.,0.));
#6368 = ADVANCED_FACE('',(#6369),#6394,.T.);
#6369 = FACE_BOUND('',#6370,.T.);
#6370 = EDGE_LOOP('',(#6371,#6372,#6380,#6388));
#6371 = ORIENTED_EDGE('',*,*,#6350,.T.);
#6372 = ORIENTED_EDGE('',*,*,#6373,.T.);
#6373 = EDGE_CURVE('',#6343,#6374,#6376,.T.);
#6374 = VERTEX_POINT('',#6375);
#6375 = CARTESIAN_POINT('',(6.3688,1.883062,1.545));
#6376 = LINE('',#6377,#6378);
#6377 = CARTESIAN_POINT('',(6.3688,2.3314,1.545));
#6378 = VECTOR('',#6379,1.);
#6379 = DIRECTION('',(0.,-1.,0.));
#6380 = ORIENTED_EDGE('',*,*,#6381,.F.);
#6381 = EDGE_CURVE('',#6382,#6374,#6384,.T.);
#6382 = VERTEX_POINT('',#6383);
#6383 = CARTESIAN_POINT('',(6.3688,1.883062,1.51));
#6384 = LINE('',#6385,#6386);
#6385 = CARTESIAN_POINT('',(6.3688,1.883062,1.51));
#6386 = VECTOR('',#6387,1.);
#6387 = DIRECTION('',(0.,0.,1.));
#6388 = ORIENTED_EDGE('',*,*,#6389,.F.);
#6389 = EDGE_CURVE('',#6351,#6382,#6390,.T.);
#6390 = LINE('',#6391,#6392);
#6391 = CARTESIAN_POINT('',(6.3688,2.3314,1.51));
#6392 = VECTOR('',#6393,1.);
#6393 = DIRECTION('',(0.,-1.,0.));
#6394 = PLANE('',#6395);
#6395 = AXIS2_PLACEMENT_3D('',#6396,#6397,#6398);
#6396 = CARTESIAN_POINT('',(6.3688,2.3314,1.51));
#6397 = DIRECTION('',(1.,0.,-0.));
#6398 = DIRECTION('',(0.,-1.,0.));
#6399 = ADVANCED_FACE('',(#6400),#6425,.T.);
#6400 = FACE_BOUND('',#6401,.T.);
#6401 = EDGE_LOOP('',(#6402,#6403,#6411,#6419));
#6402 = ORIENTED_EDGE('',*,*,#6381,.T.);
#6403 = ORIENTED_EDGE('',*,*,#6404,.T.);
#6404 = EDGE_CURVE('',#6374,#6405,#6407,.T.);
#6405 = VERTEX_POINT('',#6406);
#6406 = CARTESIAN_POINT('',(6.383491,1.809205,1.545));
#6407 = LINE('',#6408,#6409);
#6408 = CARTESIAN_POINT('',(6.3688,1.883062,1.545));
#6409 = VECTOR('',#6410,1.);
#6410 = DIRECTION('',(0.195089418663,-0.980785460091,0.));
#6411 = ORIENTED_EDGE('',*,*,#6412,.F.);
#6412 = EDGE_CURVE('',#6413,#6405,#6415,.T.);
#6413 = VERTEX_POINT('',#6414);
#6414 = CARTESIAN_POINT('',(6.383491,1.809205,1.51));
#6415 = LINE('',#6416,#6417);
#6416 = CARTESIAN_POINT('',(6.383491,1.809205,1.51));
#6417 = VECTOR('',#6418,1.);
#6418 = DIRECTION('',(0.,0.,1.));
#6419 = ORIENTED_EDGE('',*,*,#6420,.F.);
#6420 = EDGE_CURVE('',#6382,#6413,#6421,.T.);
#6421 = LINE('',#6422,#6423);
#6422 = CARTESIAN_POINT('',(6.3688,1.883062,1.51));
#6423 = VECTOR('',#6424,1.);
#6424 = DIRECTION('',(0.195089418663,-0.980785460091,0.));
#6425 = PLANE('',#6426);
#6426 = AXIS2_PLACEMENT_3D('',#6427,#6428,#6429);
#6427 = CARTESIAN_POINT('',(6.3688,1.883062,1.51));
#6428 = DIRECTION('',(0.980785460091,0.195089418663,-0.));
#6429 = DIRECTION('',(0.195089418663,-0.980785460091,0.));
#6430 = ADVANCED_FACE('',(#6431),#6456,.T.);
#6431 = FACE_BOUND('',#6432,.T.);
#6432 = EDGE_LOOP('',(#6433,#6434,#6442,#6450));
#6433 = ORIENTED_EDGE('',*,*,#6412,.T.);
#6434 = ORIENTED_EDGE('',*,*,#6435,.T.);
#6435 = EDGE_CURVE('',#6405,#6436,#6438,.T.);
#6436 = VERTEX_POINT('',#6437);
#6437 = CARTESIAN_POINT('',(6.439454,1.725452,1.545));
#6438 = LINE('',#6439,#6440);
#6439 = CARTESIAN_POINT('',(6.383491,1.809205,1.545));
#6440 = VECTOR('',#6441,1.);
#6441 = DIRECTION('',(0.555577333401,-0.831464867936,0.));
#6442 = ORIENTED_EDGE('',*,*,#6443,.F.);
#6443 = EDGE_CURVE('',#6444,#6436,#6446,.T.);
#6444 = VERTEX_POINT('',#6445);
#6445 = CARTESIAN_POINT('',(6.439454,1.725452,1.51));
#6446 = LINE('',#6447,#6448);
#6447 = CARTESIAN_POINT('',(6.439454,1.725452,1.51));
#6448 = VECTOR('',#6449,1.);
#6449 = DIRECTION('',(0.,0.,1.));
#6450 = ORIENTED_EDGE('',*,*,#6451,.F.);
#6451 = EDGE_CURVE('',#6413,#6444,#6452,.T.);
#6452 = LINE('',#6453,#6454);
#6453 = CARTESIAN_POINT('',(6.383491,1.809205,1.51));
#6454 = VECTOR('',#6455,1.);
#6455 = DIRECTION('',(0.555577333401,-0.831464867936,0.));
#6456 = PLANE('',#6457);
#6457 = AXIS2_PLACEMENT_3D('',#6458,#6459,#6460);
#6458 = CARTESIAN_POINT('',(6.383491,1.809205,1.51));
#6459 = DIRECTION('',(0.831464867936,0.555577333401,-0.));
#6460 = DIRECTION('',(0.555577333401,-0.831464867936,0.));
#6461 = ADVANCED_FACE('',(#6462),#6487,.T.);
#6462 = FACE_BOUND('',#6463,.T.);
#6463 = EDGE_LOOP('',(#6464,#6465,#6473,#6481));
#6464 = ORIENTED_EDGE('',*,*,#6443,.T.);
#6465 = ORIENTED_EDGE('',*,*,#6466,.T.);
#6466 = EDGE_CURVE('',#6436,#6467,#6469,.T.);
#6467 = VERTEX_POINT('',#6468);
#6468 = CARTESIAN_POINT('',(6.523206,1.669491,1.545));
#6469 = LINE('',#6470,#6471);
#6470 = CARTESIAN_POINT('',(6.439454,1.725452,1.545));
#6471 = VECTOR('',#6472,1.);
#6472 = DIRECTION('',(0.83147097565,-0.55556819262,0.));
#6473 = ORIENTED_EDGE('',*,*,#6474,.F.);
#6474 = EDGE_CURVE('',#6475,#6467,#6477,.T.);
#6475 = VERTEX_POINT('',#6476);
#6476 = CARTESIAN_POINT('',(6.523206,1.669491,1.51));
#6477 = LINE('',#6478,#6479);
#6478 = CARTESIAN_POINT('',(6.523206,1.669491,1.51));
#6479 = VECTOR('',#6480,1.);
#6480 = DIRECTION('',(0.,0.,1.));
#6481 = ORIENTED_EDGE('',*,*,#6482,.F.);
#6482 = EDGE_CURVE('',#6444,#6475,#6483,.T.);
#6483 = LINE('',#6484,#6485);
#6484 = CARTESIAN_POINT('',(6.439454,1.725452,1.51));
#6485 = VECTOR('',#6486,1.);
#6486 = DIRECTION('',(0.83147097565,-0.55556819262,0.));
#6487 = PLANE('',#6488);
#6488 = AXIS2_PLACEMENT_3D('',#6489,#6490,#6491);
#6489 = CARTESIAN_POINT('',(6.439454,1.725452,1.51));
#6490 = DIRECTION('',(0.55556819262,0.83147097565,-0.));
#6491 = DIRECTION('',(0.83147097565,-0.55556819262,0.));
#6492 = ADVANCED_FACE('',(#6493),#6518,.T.);
#6493 = FACE_BOUND('',#6494,.T.);
#6494 = EDGE_LOOP('',(#6495,#6496,#6504,#6512));
#6495 = ORIENTED_EDGE('',*,*,#6474,.T.);
#6496 = ORIENTED_EDGE('',*,*,#6497,.T.);
#6497 = EDGE_CURVE('',#6467,#6498,#6500,.T.);
#6498 = VERTEX_POINT('',#6499);
#6499 = CARTESIAN_POINT('',(6.597068,1.6548,1.545));
#6500 = LINE('',#6501,#6502);
#6501 = CARTESIAN_POINT('',(6.523206,1.669491,1.545));
#6502 = VECTOR('',#6503,1.);
#6503 = DIRECTION('',(0.980787986929,-0.1950767149,0.));
#6504 = ORIENTED_EDGE('',*,*,#6505,.F.);
#6505 = EDGE_CURVE('',#6506,#6498,#6508,.T.);
#6506 = VERTEX_POINT('',#6507);
#6507 = CARTESIAN_POINT('',(6.597068,1.6548,1.51));
#6508 = LINE('',#6509,#6510);
#6509 = CARTESIAN_POINT('',(6.597068,1.6548,1.51));
#6510 = VECTOR('',#6511,1.);
#6511 = DIRECTION('',(0.,0.,1.));
#6512 = ORIENTED_EDGE('',*,*,#6513,.F.);
#6513 = EDGE_CURVE('',#6475,#6506,#6514,.T.);
#6514 = LINE('',#6515,#6516);
#6515 = CARTESIAN_POINT('',(6.523206,1.669491,1.51));
#6516 = VECTOR('',#6517,1.);
#6517 = DIRECTION('',(0.980787986929,-0.1950767149,0.));
#6518 = PLANE('',#6519);
#6519 = AXIS2_PLACEMENT_3D('',#6520,#6521,#6522);
#6520 = CARTESIAN_POINT('',(6.523206,1.669491,1.51));
#6521 = DIRECTION('',(0.1950767149,0.980787986929,-0.));
#6522 = DIRECTION('',(0.980787986929,-0.1950767149,0.));
#6523 = ADVANCED_FACE('',(#6524),#6540,.T.);
#6524 = FACE_BOUND('',#6525,.T.);
#6525 = EDGE_LOOP('',(#6526,#6527,#6533,#6534));
#6526 = ORIENTED_EDGE('',*,*,#6505,.T.);
#6527 = ORIENTED_EDGE('',*,*,#6528,.T.);
#6528 = EDGE_CURVE('',#6498,#6304,#6529,.T.);
#6529 = LINE('',#6530,#6531);
#6530 = CARTESIAN_POINT('',(6.597068,1.6548,1.545));
#6531 = VECTOR('',#6532,1.);
#6532 = DIRECTION('',(1.,0.,0.));
#6533 = ORIENTED_EDGE('',*,*,#6301,.F.);
#6534 = ORIENTED_EDGE('',*,*,#6535,.F.);
#6535 = EDGE_CURVE('',#6506,#6302,#6536,.T.);
#6536 = LINE('',#6537,#6538);
#6537 = CARTESIAN_POINT('',(6.597068,1.6548,1.51));
#6538 = VECTOR('',#6539,1.);
#6539 = DIRECTION('',(1.,0.,0.));
#6540 = PLANE('',#6541);
#6541 = AXIS2_PLACEMENT_3D('',#6542,#6543,#6544);
#6542 = CARTESIAN_POINT('',(6.597068,1.6548,1.51));
#6543 = DIRECTION('',(0.,1.,0.));
#6544 = DIRECTION('',(1.,0.,0.));
#6545 = ADVANCED_FACE('',(#6546),#6580,.T.);
#6546 = FACE_BOUND('',#6547,.T.);
#6547 = EDGE_LOOP('',(#6548,#6558,#6566,#6574));
#6548 = ORIENTED_EDGE('',*,*,#6549,.T.);
#6549 = EDGE_CURVE('',#6550,#6552,#6554,.T.);
#6550 = VERTEX_POINT('',#6551);
#6551 = CARTESIAN_POINT('',(7.8752,1.883068,1.51));
#6552 = VERTEX_POINT('',#6553);
#6553 = CARTESIAN_POINT('',(7.8752,1.883068,1.545));
#6554 = LINE('',#6555,#6556);
#6555 = CARTESIAN_POINT('',(7.8752,1.883068,1.51));
#6556 = VECTOR('',#6557,1.);
#6557 = DIRECTION('',(0.,0.,1.));
#6558 = ORIENTED_EDGE('',*,*,#6559,.T.);
#6559 = EDGE_CURVE('',#6552,#6560,#6562,.T.);
#6560 = VERTEX_POINT('',#6561);
#6561 = CARTESIAN_POINT('',(7.8752,2.3314,1.545));
#6562 = LINE('',#6563,#6564);
#6563 = CARTESIAN_POINT('',(7.8752,1.883068,1.545));
#6564 = VECTOR('',#6565,1.);
#6565 = DIRECTION('',(0.,1.,0.));
#6566 = ORIENTED_EDGE('',*,*,#6567,.F.);
#6567 = EDGE_CURVE('',#6568,#6560,#6570,.T.);
#6568 = VERTEX_POINT('',#6569);
#6569 = CARTESIAN_POINT('',(7.8752,2.3314,1.51));
#6570 = LINE('',#6571,#6572);
#6571 = CARTESIAN_POINT('',(7.8752,2.3314,1.51));
#6572 = VECTOR('',#6573,1.);
#6573 = DIRECTION('',(0.,0.,1.));
#6574 = ORIENTED_EDGE('',*,*,#6575,.F.);
#6575 = EDGE_CURVE('',#6550,#6568,#6576,.T.);
#6576 = LINE('',#6577,#6578);
#6577 = CARTESIAN_POINT('',(7.8752,1.883068,1.51));
#6578 = VECTOR('',#6579,1.);
#6579 = DIRECTION('',(0.,1.,0.));
#6580 = PLANE('',#6581);
#6581 = AXIS2_PLACEMENT_3D('',#6582,#6583,#6584);
#6582 = CARTESIAN_POINT('',(7.8752,1.883068,1.51));
#6583 = DIRECTION('',(-1.,0.,0.));
#6584 = DIRECTION('',(0.,1.,0.));
#6585 = ADVANCED_FACE('',(#6586),#6611,.T.);
#6586 = FACE_BOUND('',#6587,.T.);
#6587 = EDGE_LOOP('',(#6588,#6589,#6597,#6605));
#6588 = ORIENTED_EDGE('',*,*,#6567,.T.);
#6589 = ORIENTED_EDGE('',*,*,#6590,.T.);
#6590 = EDGE_CURVE('',#6560,#6591,#6593,.T.);
#6591 = VERTEX_POINT('',#6592);
#6592 = CARTESIAN_POINT('',(7.2486,2.3314,1.545));
#6593 = LINE('',#6594,#6595);
#6594 = CARTESIAN_POINT('',(7.8752,2.3314,1.545));
#6595 = VECTOR('',#6596,1.);
#6596 = DIRECTION('',(-1.,0.,0.));
#6597 = ORIENTED_EDGE('',*,*,#6598,.F.);
#6598 = EDGE_CURVE('',#6599,#6591,#6601,.T.);
#6599 = VERTEX_POINT('',#6600);
#6600 = CARTESIAN_POINT('',(7.2486,2.3314,1.51));
#6601 = LINE('',#6602,#6603);
#6602 = CARTESIAN_POINT('',(7.2486,2.3314,1.51));
#6603 = VECTOR('',#6604,1.);
#6604 = DIRECTION('',(0.,0.,1.));
#6605 = ORIENTED_EDGE('',*,*,#6606,.F.);
#6606 = EDGE_CURVE('',#6568,#6599,#6607,.T.);
#6607 = LINE('',#6608,#6609);
#6608 = CARTESIAN_POINT('',(7.8752,2.3314,1.51));
#6609 = VECTOR('',#6610,1.);
#6610 = DIRECTION('',(-1.,0.,0.));
#6611 = PLANE('',#6612);
#6612 = AXIS2_PLACEMENT_3D('',#6613,#6614,#6615);
#6613 = CARTESIAN_POINT('',(7.8752,2.3314,1.51));
#6614 = DIRECTION('',(0.,-1.,0.));
#6615 = DIRECTION('',(-1.,0.,0.));
#6616 = ADVANCED_FACE('',(#6617),#6642,.T.);
#6617 = FACE_BOUND('',#6618,.T.);
#6618 = EDGE_LOOP('',(#6619,#6620,#6628,#6636));
#6619 = ORIENTED_EDGE('',*,*,#6598,.T.);
#6620 = ORIENTED_EDGE('',*,*,#6621,.T.);
#6621 = EDGE_CURVE('',#6591,#6622,#6624,.T.);
#6622 = VERTEX_POINT('',#6623);
#6623 = CARTESIAN_POINT('',(7.2486,1.6548,1.545));
#6624 = LINE('',#6625,#6626);
#6625 = CARTESIAN_POINT('',(7.2486,2.3314,1.545));
#6626 = VECTOR('',#6627,1.);
#6627 = DIRECTION('',(0.,-1.,0.));
#6628 = ORIENTED_EDGE('',*,*,#6629,.F.);
#6629 = EDGE_CURVE('',#6630,#6622,#6632,.T.);
#6630 = VERTEX_POINT('',#6631);
#6631 = CARTESIAN_POINT('',(7.2486,1.6548,1.51));
#6632 = LINE('',#6633,#6634);
#6633 = CARTESIAN_POINT('',(7.2486,1.6548,1.51));
#6634 = VECTOR('',#6635,1.);
#6635 = DIRECTION('',(0.,0.,1.));
#6636 = ORIENTED_EDGE('',*,*,#6637,.F.);
#6637 = EDGE_CURVE('',#6599,#6630,#6638,.T.);
#6638 = LINE('',#6639,#6640);
#6639 = CARTESIAN_POINT('',(7.2486,2.3314,1.51));
#6640 = VECTOR('',#6641,1.);
#6641 = DIRECTION('',(0.,-1.,0.));
#6642 = PLANE('',#6643);
#6643 = AXIS2_PLACEMENT_3D('',#6644,#6645,#6646);
#6644 = CARTESIAN_POINT('',(7.2486,2.3314,1.51));
#6645 = DIRECTION('',(1.,0.,-0.));
#6646 = DIRECTION('',(0.,-1.,0.));
#6647 = ADVANCED_FACE('',(#6648),#6673,.T.);
#6648 = FACE_BOUND('',#6649,.T.);
#6649 = EDGE_LOOP('',(#6650,#6651,#6659,#6667));
#6650 = ORIENTED_EDGE('',*,*,#6629,.T.);
#6651 = ORIENTED_EDGE('',*,*,#6652,.T.);
#6652 = EDGE_CURVE('',#6622,#6653,#6655,.T.);
#6653 = VERTEX_POINT('',#6654);
#6654 = CARTESIAN_POINT('',(7.646932,1.6548,1.545));
#6655 = LINE('',#6656,#6657);
#6656 = CARTESIAN_POINT('',(7.2486,1.6548,1.545));
#6657 = VECTOR('',#6658,1.);
#6658 = DIRECTION('',(1.,0.,0.));
#6659 = ORIENTED_EDGE('',*,*,#6660,.F.);
#6660 = EDGE_CURVE('',#6661,#6653,#6663,.T.);
#6661 = VERTEX_POINT('',#6662);
#6662 = CARTESIAN_POINT('',(7.646932,1.6548,1.51));
#6663 = LINE('',#6664,#6665);
#6664 = CARTESIAN_POINT('',(7.646932,1.6548,1.51));
#6665 = VECTOR('',#6666,1.);
#6666 = DIRECTION('',(0.,0.,1.));
#6667 = ORIENTED_EDGE('',*,*,#6668,.F.);
#6668 = EDGE_CURVE('',#6630,#6661,#6669,.T.);
#6669 = LINE('',#6670,#6671);
#6670 = CARTESIAN_POINT('',(7.2486,1.6548,1.51));
#6671 = VECTOR('',#6672,1.);
#6672 = DIRECTION('',(1.,0.,0.));
#6673 = PLANE('',#6674);
#6674 = AXIS2_PLACEMENT_3D('',#6675,#6676,#6677);
#6675 = CARTESIAN_POINT('',(7.2486,1.6548,1.51));
#6676 = DIRECTION('',(0.,1.,0.));
#6677 = DIRECTION('',(1.,0.,0.));
#6678 = ADVANCED_FACE('',(#6679),#6704,.T.);
#6679 = FACE_BOUND('',#6680,.T.);
#6680 = EDGE_LOOP('',(#6681,#6682,#6690,#6698));
#6681 = ORIENTED_EDGE('',*,*,#6660,.T.);
#6682 = ORIENTED_EDGE('',*,*,#6683,.T.);
#6683 = EDGE_CURVE('',#6653,#6684,#6686,.T.);
#6684 = VERTEX_POINT('',#6685);
#6685 = CARTESIAN_POINT('',(7.720795,1.669492,1.545));
#6686 = LINE('',#6687,#6688);
#6687 = CARTESIAN_POINT('',(7.646932,1.6548,1.545));
#6688 = VECTOR('',#6689,1.);
#6689 = DIRECTION('',(0.980785951635,0.195086947476,0.));
#6690 = ORIENTED_EDGE('',*,*,#6691,.F.);
#6691 = EDGE_CURVE('',#6692,#6684,#6694,.T.);
#6692 = VERTEX_POINT('',#6693);
#6693 = CARTESIAN_POINT('',(7.720795,1.669492,1.51));
#6694 = LINE('',#6695,#6696);
#6695 = CARTESIAN_POINT('',(7.720795,1.669492,1.51));
#6696 = VECTOR('',#6697,1.);
#6697 = DIRECTION('',(0.,0.,1.));
#6698 = ORIENTED_EDGE('',*,*,#6699,.F.);
#6699 = EDGE_CURVE('',#6661,#6692,#6700,.T.);
#6700 = LINE('',#6701,#6702);
#6701 = CARTESIAN_POINT('',(7.646932,1.6548,1.51));
#6702 = VECTOR('',#6703,1.);
#6703 = DIRECTION('',(0.980785951635,0.195086947476,0.));
#6704 = PLANE('',#6705);
#6705 = AXIS2_PLACEMENT_3D('',#6706,#6707,#6708);
#6706 = CARTESIAN_POINT('',(7.646932,1.6548,1.51));
#6707 = DIRECTION('',(-0.195086947476,0.980785951635,0.));
#6708 = DIRECTION('',(0.980785951635,0.195086947476,0.));
#6709 = ADVANCED_FACE('',(#6710),#6735,.T.);
#6710 = FACE_BOUND('',#6711,.T.);
#6711 = EDGE_LOOP('',(#6712,#6713,#6721,#6729));
#6712 = ORIENTED_EDGE('',*,*,#6691,.T.);
#6713 = ORIENTED_EDGE('',*,*,#6714,.T.);
#6714 = EDGE_CURVE('',#6684,#6715,#6717,.T.);
#6715 = VERTEX_POINT('',#6716);
#6716 = CARTESIAN_POINT('',(7.804548,1.725455,1.545));
#6717 = LINE('',#6718,#6719);
#6718 = CARTESIAN_POINT('',(7.720795,1.669492,1.545));
#6719 = VECTOR('',#6720,1.);
#6720 = DIRECTION('',(0.831464867936,0.555577333401,0.));
#6721 = ORIENTED_EDGE('',*,*,#6722,.F.);
#6722 = EDGE_CURVE('',#6723,#6715,#6725,.T.);
#6723 = VERTEX_POINT('',#6724);
#6724 = CARTESIAN_POINT('',(7.804548,1.725455,1.51));
#6725 = LINE('',#6726,#6727);
#6726 = CARTESIAN_POINT('',(7.804548,1.725455,1.51));
#6727 = VECTOR('',#6728,1.);
#6728 = DIRECTION('',(0.,0.,1.));
#6729 = ORIENTED_EDGE('',*,*,#6730,.F.);
#6730 = EDGE_CURVE('',#6692,#6723,#6731,.T.);
#6731 = LINE('',#6732,#6733);
#6732 = CARTESIAN_POINT('',(7.720795,1.669492,1.51));
#6733 = VECTOR('',#6734,1.);
#6734 = DIRECTION('',(0.831464867936,0.555577333401,0.));
#6735 = PLANE('',#6736);
#6736 = AXIS2_PLACEMENT_3D('',#6737,#6738,#6739);
#6737 = CARTESIAN_POINT('',(7.720795,1.669492,1.51));
#6738 = DIRECTION('',(-0.555577333401,0.831464867936,0.));
#6739 = DIRECTION('',(0.831464867936,0.555577333401,0.));
#6740 = ADVANCED_FACE('',(#6741),#6766,.T.);
#6741 = FACE_BOUND('',#6742,.T.);
#6742 = EDGE_LOOP('',(#6743,#6744,#6752,#6760));
#6743 = ORIENTED_EDGE('',*,*,#6722,.T.);
#6744 = ORIENTED_EDGE('',*,*,#6745,.T.);
#6745 = EDGE_CURVE('',#6715,#6746,#6748,.T.);
#6746 = VERTEX_POINT('',#6747);
#6747 = CARTESIAN_POINT('',(7.860509,1.809207,1.545));
#6748 = LINE('',#6749,#6750);
#6749 = CARTESIAN_POINT('',(7.804548,1.725455,1.545));
#6750 = VECTOR('',#6751,1.);
#6751 = DIRECTION('',(0.55556819262,0.83147097565,0.));
#6752 = ORIENTED_EDGE('',*,*,#6753,.F.);
#6753 = EDGE_CURVE('',#6754,#6746,#6756,.T.);
#6754 = VERTEX_POINT('',#6755);
#6755 = CARTESIAN_POINT('',(7.860509,1.809207,1.51));
#6756 = LINE('',#6757,#6758);
#6757 = CARTESIAN_POINT('',(7.860509,1.809207,1.51));
#6758 = VECTOR('',#6759,1.);
#6759 = DIRECTION('',(0.,0.,1.));
#6760 = ORIENTED_EDGE('',*,*,#6761,.F.);
#6761 = EDGE_CURVE('',#6723,#6754,#6762,.T.);
#6762 = LINE('',#6763,#6764);
#6763 = CARTESIAN_POINT('',(7.804548,1.725455,1.51));
#6764 = VECTOR('',#6765,1.);
#6765 = DIRECTION('',(0.55556819262,0.83147097565,0.));
#6766 = PLANE('',#6767);
#6767 = AXIS2_PLACEMENT_3D('',#6768,#6769,#6770);
#6768 = CARTESIAN_POINT('',(7.804548,1.725455,1.51));
#6769 = DIRECTION('',(-0.83147097565,0.55556819262,0.));
#6770 = DIRECTION('',(0.55556819262,0.83147097565,0.));
#6771 = ADVANCED_FACE('',(#6772),#6788,.T.);
#6772 = FACE_BOUND('',#6773,.T.);
#6773 = EDGE_LOOP('',(#6774,#6775,#6781,#6782));
#6774 = ORIENTED_EDGE('',*,*,#6753,.T.);
#6775 = ORIENTED_EDGE('',*,*,#6776,.T.);
#6776 = EDGE_CURVE('',#6746,#6552,#6777,.T.);
#6777 = LINE('',#6778,#6779);
#6778 = CARTESIAN_POINT('',(7.860509,1.809207,1.545));
#6779 = VECTOR('',#6780,1.);
#6780 = DIRECTION('',(0.195079255523,0.980787481601,0.));
#6781 = ORIENTED_EDGE('',*,*,#6549,.F.);
#6782 = ORIENTED_EDGE('',*,*,#6783,.F.);
#6783 = EDGE_CURVE('',#6754,#6550,#6784,.T.);
#6784 = LINE('',#6785,#6786);
#6785 = CARTESIAN_POINT('',(7.860509,1.809207,1.51));
#6786 = VECTOR('',#6787,1.);
#6787 = DIRECTION('',(0.195079255523,0.980787481601,0.));
#6788 = PLANE('',#6789);
#6789 = AXIS2_PLACEMENT_3D('',#6790,#6791,#6792);
#6790 = CARTESIAN_POINT('',(7.860509,1.809207,1.51));
#6791 = DIRECTION('',(-0.980787481601,0.195079255523,0.));
#6792 = DIRECTION('',(0.195079255523,0.980787481601,0.));
#6793 = ADVANCED_FACE('',(#6794),#6828,.T.);
#6794 = FACE_BOUND('',#6795,.T.);
#6795 = EDGE_LOOP('',(#6796,#6806,#6814,#6822));
#6796 = ORIENTED_EDGE('',*,*,#6797,.T.);
#6797 = EDGE_CURVE('',#6798,#6800,#6802,.T.);
#6798 = VERTEX_POINT('',#6799);
#6799 = CARTESIAN_POINT('',(6.9954,2.5846,1.51));
#6800 = VERTEX_POINT('',#6801);
#6801 = CARTESIAN_POINT('',(6.9954,2.5846,1.545));
#6802 = LINE('',#6803,#6804);
#6803 = CARTESIAN_POINT('',(6.9954,2.5846,1.51));
#6804 = VECTOR('',#6805,1.);
#6805 = DIRECTION('',(0.,0.,1.));
#6806 = ORIENTED_EDGE('',*,*,#6807,.T.);
#6807 = EDGE_CURVE('',#6800,#6808,#6810,.T.);
#6808 = VERTEX_POINT('',#6809);
#6809 = CARTESIAN_POINT('',(6.9954,3.2612,1.545));
#6810 = LINE('',#6811,#6812);
#6811 = CARTESIAN_POINT('',(6.9954,2.5846,1.545));
#6812 = VECTOR('',#6813,1.);
#6813 = DIRECTION('',(0.,1.,0.));
#6814 = ORIENTED_EDGE('',*,*,#6815,.F.);
#6815 = EDGE_CURVE('',#6816,#6808,#6818,.T.);
#6816 = VERTEX_POINT('',#6817);
#6817 = CARTESIAN_POINT('',(6.9954,3.2612,1.51));
#6818 = LINE('',#6819,#6820);
#6819 = CARTESIAN_POINT('',(6.9954,3.2612,1.51));
#6820 = VECTOR('',#6821,1.);
#6821 = DIRECTION('',(0.,0.,1.));
#6822 = ORIENTED_EDGE('',*,*,#6823,.F.);
#6823 = EDGE_CURVE('',#6798,#6816,#6824,.T.);
#6824 = LINE('',#6825,#6826);
#6825 = CARTESIAN_POINT('',(6.9954,2.5846,1.51));
#6826 = VECTOR('',#6827,1.);
#6827 = DIRECTION('',(0.,1.,0.));
#6828 = PLANE('',#6829);
#6829 = AXIS2_PLACEMENT_3D('',#6830,#6831,#6832);
#6830 = CARTESIAN_POINT('',(6.9954,2.5846,1.51));
#6831 = DIRECTION('',(-1.,0.,0.));
#6832 = DIRECTION('',(0.,1.,0.));
#6833 = ADVANCED_FACE('',(#6834),#6859,.T.);
#6834 = FACE_BOUND('',#6835,.T.);
#6835 = EDGE_LOOP('',(#6836,#6837,#6845,#6853));
#6836 = ORIENTED_EDGE('',*,*,#6815,.T.);
#6837 = ORIENTED_EDGE('',*,*,#6838,.T.);
#6838 = EDGE_CURVE('',#6808,#6839,#6841,.T.);
#6839 = VERTEX_POINT('',#6840);
#6840 = CARTESIAN_POINT('',(6.597061,3.2612,1.545));
#6841 = LINE('',#6842,#6843);
#6842 = CARTESIAN_POINT('',(6.9954,3.2612,1.545));
#6843 = VECTOR('',#6844,1.);
#6844 = DIRECTION('',(-1.,0.,0.));
#6845 = ORIENTED_EDGE('',*,*,#6846,.F.);
#6846 = EDGE_CURVE('',#6847,#6839,#6849,.T.);
#6847 = VERTEX_POINT('',#6848);
#6848 = CARTESIAN_POINT('',(6.597061,3.2612,1.51));
#6849 = LINE('',#6850,#6851);
#6850 = CARTESIAN_POINT('',(6.597061,3.2612,1.51));
#6851 = VECTOR('',#6852,1.);
#6852 = DIRECTION('',(0.,0.,1.));
#6853 = ORIENTED_EDGE('',*,*,#6854,.F.);
#6854 = EDGE_CURVE('',#6816,#6847,#6855,.T.);
#6855 = LINE('',#6856,#6857);
#6856 = CARTESIAN_POINT('',(6.9954,3.2612,1.51));
#6857 = VECTOR('',#6858,1.);
#6858 = DIRECTION('',(-1.,0.,0.));
#6859 = PLANE('',#6860);
#6860 = AXIS2_PLACEMENT_3D('',#6861,#6862,#6863);
#6861 = CARTESIAN_POINT('',(6.9954,3.2612,1.51));
#6862 = DIRECTION('',(0.,-1.,0.));
#6863 = DIRECTION('',(-1.,0.,0.));
#6864 = ADVANCED_FACE('',(#6865),#6890,.T.);
#6865 = FACE_BOUND('',#6866,.T.);
#6866 = EDGE_LOOP('',(#6867,#6868,#6876,#6884));
#6867 = ORIENTED_EDGE('',*,*,#6846,.T.);
#6868 = ORIENTED_EDGE('',*,*,#6869,.T.);
#6869 = EDGE_CURVE('',#6839,#6870,#6872,.T.);
#6870 = VERTEX_POINT('',#6871);
#6871 = CARTESIAN_POINT('',(6.523204,3.246509,1.545));
#6872 = LINE('',#6873,#6874);
#6873 = CARTESIAN_POINT('',(6.597061,3.2612,1.545));
#6874 = VECTOR('',#6875,1.);
#6875 = DIRECTION('',(-0.980785460091,-0.195089418663,0.));
#6876 = ORIENTED_EDGE('',*,*,#6877,.F.);
#6877 = EDGE_CURVE('',#6878,#6870,#6880,.T.);
#6878 = VERTEX_POINT('',#6879);
#6879 = CARTESIAN_POINT('',(6.523204,3.246509,1.51));
#6880 = LINE('',#6881,#6882);
#6881 = CARTESIAN_POINT('',(6.523204,3.246509,1.51));
#6882 = VECTOR('',#6883,1.);
#6883 = DIRECTION('',(0.,0.,1.));
#6884 = ORIENTED_EDGE('',*,*,#6885,.F.);
#6885 = EDGE_CURVE('',#6847,#6878,#6886,.T.);
#6886 = LINE('',#6887,#6888);
#6887 = CARTESIAN_POINT('',(6.597061,3.2612,1.51));
#6888 = VECTOR('',#6889,1.);
#6889 = DIRECTION('',(-0.980785460091,-0.195089418663,0.));
#6890 = PLANE('',#6891);
#6891 = AXIS2_PLACEMENT_3D('',#6892,#6893,#6894);
#6892 = CARTESIAN_POINT('',(6.597061,3.2612,1.51));
#6893 = DIRECTION('',(0.195089418663,-0.980785460091,0.));
#6894 = DIRECTION('',(-0.980785460091,-0.195089418663,0.));
#6895 = ADVANCED_FACE('',(#6896),#6921,.T.);
#6896 = FACE_BOUND('',#6897,.T.);
#6897 = EDGE_LOOP('',(#6898,#6899,#6907,#6915));
#6898 = ORIENTED_EDGE('',*,*,#6877,.T.);
#6899 = ORIENTED_EDGE('',*,*,#6900,.T.);
#6900 = EDGE_CURVE('',#6870,#6901,#6903,.T.);
#6901 = VERTEX_POINT('',#6902);
#6902 = CARTESIAN_POINT('',(6.439451,3.190546,1.545));
#6903 = LINE('',#6904,#6905);
#6904 = CARTESIAN_POINT('',(6.523204,3.246509,1.545));
#6905 = VECTOR('',#6906,1.);
#6906 = DIRECTION('',(-0.831464867936,-0.555577333401,0.));
#6907 = ORIENTED_EDGE('',*,*,#6908,.F.);
#6908 = EDGE_CURVE('',#6909,#6901,#6911,.T.);
#6909 = VERTEX_POINT('',#6910);
#6910 = CARTESIAN_POINT('',(6.439451,3.190546,1.51));
#6911 = LINE('',#6912,#6913);
#6912 = CARTESIAN_POINT('',(6.439451,3.190546,1.51));
#6913 = VECTOR('',#6914,1.);
#6914 = DIRECTION('',(0.,0.,1.));
#6915 = ORIENTED_EDGE('',*,*,#6916,.F.);
#6916 = EDGE_CURVE('',#6878,#6909,#6917,.T.);
#6917 = LINE('',#6918,#6919);
#6918 = CARTESIAN_POINT('',(6.523204,3.246509,1.51));
#6919 = VECTOR('',#6920,1.);
#6920 = DIRECTION('',(-0.831464867936,-0.555577333401,0.));
#6921 = PLANE('',#6922);
#6922 = AXIS2_PLACEMENT_3D('',#6923,#6924,#6925);
#6923 = CARTESIAN_POINT('',(6.523204,3.246509,1.51));
#6924 = DIRECTION('',(0.555577333401,-0.831464867936,0.));
#6925 = DIRECTION('',(-0.831464867936,-0.555577333401,0.));
#6926 = ADVANCED_FACE('',(#6927),#6952,.T.);
#6927 = FACE_BOUND('',#6928,.T.);
#6928 = EDGE_LOOP('',(#6929,#6930,#6938,#6946));
#6929 = ORIENTED_EDGE('',*,*,#6908,.T.);
#6930 = ORIENTED_EDGE('',*,*,#6931,.T.);
#6931 = EDGE_CURVE('',#6901,#6932,#6934,.T.);
#6932 = VERTEX_POINT('',#6933);
#6933 = CARTESIAN_POINT('',(6.38349,3.106794,1.545));
#6934 = LINE('',#6935,#6936);
#6935 = CARTESIAN_POINT('',(6.439451,3.190546,1.545));
#6936 = VECTOR('',#6937,1.);
#6937 = DIRECTION('',(-0.55556819262,-0.83147097565,0.));
#6938 = ORIENTED_EDGE('',*,*,#6939,.F.);
#6939 = EDGE_CURVE('',#6940,#6932,#6942,.T.);
#6940 = VERTEX_POINT('',#6941);
#6941 = CARTESIAN_POINT('',(6.38349,3.106794,1.51));
#6942 = LINE('',#6943,#6944);
#6943 = CARTESIAN_POINT('',(6.38349,3.106794,1.51));
#6944 = VECTOR('',#6945,1.);
#6945 = DIRECTION('',(0.,0.,1.));
#6946 = ORIENTED_EDGE('',*,*,#6947,.F.);
#6947 = EDGE_CURVE('',#6909,#6940,#6948,.T.);
#6948 = LINE('',#6949,#6950);
#6949 = CARTESIAN_POINT('',(6.439451,3.190546,1.51));
#6950 = VECTOR('',#6951,1.);
#6951 = DIRECTION('',(-0.55556819262,-0.83147097565,0.));
#6952 = PLANE('',#6953);
#6953 = AXIS2_PLACEMENT_3D('',#6954,#6955,#6956);
#6954 = CARTESIAN_POINT('',(6.439451,3.190546,1.51));
#6955 = DIRECTION('',(0.83147097565,-0.55556819262,0.));
#6956 = DIRECTION('',(-0.55556819262,-0.83147097565,0.));
#6957 = ADVANCED_FACE('',(#6958),#6983,.T.);
#6958 = FACE_BOUND('',#6959,.T.);
#6959 = EDGE_LOOP('',(#6960,#6961,#6969,#6977));
#6960 = ORIENTED_EDGE('',*,*,#6939,.T.);
#6961 = ORIENTED_EDGE('',*,*,#6962,.T.);
#6962 = EDGE_CURVE('',#6932,#6963,#6965,.T.);
#6963 = VERTEX_POINT('',#6964);
#6964 = CARTESIAN_POINT('',(6.3688,3.032939,1.545));
#6965 = LINE('',#6966,#6967);
#6966 = CARTESIAN_POINT('',(6.38349,3.106794,1.545));
#6967 = VECTOR('',#6968,1.);
#6968 = DIRECTION('',(-0.195081726164,-0.980786990185,0.));
#6969 = ORIENTED_EDGE('',*,*,#6970,.F.);
#6970 = EDGE_CURVE('',#6971,#6963,#6973,.T.);
#6971 = VERTEX_POINT('',#6972);
#6972 = CARTESIAN_POINT('',(6.3688,3.032939,1.51));
#6973 = LINE('',#6974,#6975);
#6974 = CARTESIAN_POINT('',(6.3688,3.032939,1.51));
#6975 = VECTOR('',#6976,1.);
#6976 = DIRECTION('',(0.,0.,1.));
#6977 = ORIENTED_EDGE('',*,*,#6978,.F.);
#6978 = EDGE_CURVE('',#6940,#6971,#6979,.T.);
#6979 = LINE('',#6980,#6981);
#6980 = CARTESIAN_POINT('',(6.38349,3.106794,1.51));
#6981 = VECTOR('',#6982,1.);
#6982 = DIRECTION('',(-0.195081726164,-0.980786990185,0.));
#6983 = PLANE('',#6984);
#6984 = AXIS2_PLACEMENT_3D('',#6985,#6986,#6987);
#6985 = CARTESIAN_POINT('',(6.38349,3.106794,1.51));
#6986 = DIRECTION('',(0.980786990185,-0.195081726164,0.));
#6987 = DIRECTION('',(-0.195081726164,-0.980786990185,0.));
#6988 = ADVANCED_FACE('',(#6989),#7014,.T.);
#6989 = FACE_BOUND('',#6990,.T.);
#6990 = EDGE_LOOP('',(#6991,#6992,#7000,#7008));
#6991 = ORIENTED_EDGE('',*,*,#6970,.T.);
#6992 = ORIENTED_EDGE('',*,*,#6993,.T.);
#6993 = EDGE_CURVE('',#6963,#6994,#6996,.T.);
#6994 = VERTEX_POINT('',#6995);
#6995 = CARTESIAN_POINT('',(6.3688,2.5846,1.545));
#6996 = LINE('',#6997,#6998);
#6997 = CARTESIAN_POINT('',(6.3688,3.032939,1.545));
#6998 = VECTOR('',#6999,1.);
#6999 = DIRECTION('',(0.,-1.,0.));
#7000 = ORIENTED_EDGE('',*,*,#7001,.F.);
#7001 = EDGE_CURVE('',#7002,#6994,#7004,.T.);
#7002 = VERTEX_POINT('',#7003);
#7003 = CARTESIAN_POINT('',(6.3688,2.5846,1.51));
#7004 = LINE('',#7005,#7006);
#7005 = CARTESIAN_POINT('',(6.3688,2.5846,1.51));
#7006 = VECTOR('',#7007,1.);
#7007 = DIRECTION('',(0.,0.,1.));
#7008 = ORIENTED_EDGE('',*,*,#7009,.F.);
#7009 = EDGE_CURVE('',#6971,#7002,#7010,.T.);
#7010 = LINE('',#7011,#7012);
#7011 = CARTESIAN_POINT('',(6.3688,3.032939,1.51));
#7012 = VECTOR('',#7013,1.);
#7013 = DIRECTION('',(0.,-1.,0.));
#7014 = PLANE('',#7015);
#7015 = AXIS2_PLACEMENT_3D('',#7016,#7017,#7018);
#7016 = CARTESIAN_POINT('',(6.3688,3.032939,1.51));
#7017 = DIRECTION('',(1.,0.,-0.));
#7018 = DIRECTION('',(0.,-1.,0.));
#7019 = ADVANCED_FACE('',(#7020),#7036,.T.);
#7020 = FACE_BOUND('',#7021,.T.);
#7021 = EDGE_LOOP('',(#7022,#7023,#7029,#7030));
#7022 = ORIENTED_EDGE('',*,*,#7001,.T.);
#7023 = ORIENTED_EDGE('',*,*,#7024,.T.);
#7024 = EDGE_CURVE('',#6994,#6800,#7025,.T.);
#7025 = LINE('',#7026,#7027);
#7026 = CARTESIAN_POINT('',(6.3688,2.5846,1.545));
#7027 = VECTOR('',#7028,1.);
#7028 = DIRECTION('',(1.,0.,0.));
#7029 = ORIENTED_EDGE('',*,*,#6797,.F.);
#7030 = ORIENTED_EDGE('',*,*,#7031,.F.);
#7031 = EDGE_CURVE('',#7002,#6798,#7032,.T.);
#7032 = LINE('',#7033,#7034);
#7033 = CARTESIAN_POINT('',(6.3688,2.5846,1.51));
#7034 = VECTOR('',#7035,1.);
#7035 = DIRECTION('',(1.,0.,0.));
#7036 = PLANE('',#7037);
#7037 = AXIS2_PLACEMENT_3D('',#7038,#7039,#7040);
#7038 = CARTESIAN_POINT('',(6.3688,2.5846,1.51));
#7039 = DIRECTION('',(0.,1.,0.));
#7040 = DIRECTION('',(1.,0.,0.));
#7041 = ADVANCED_FACE('',(#7042),#7076,.T.);
#7042 = FACE_BOUND('',#7043,.T.);
#7043 = EDGE_LOOP('',(#7044,#7054,#7062,#7070));
#7044 = ORIENTED_EDGE('',*,*,#7045,.T.);
#7045 = EDGE_CURVE('',#7046,#7048,#7050,.T.);
#7046 = VERTEX_POINT('',#7047);
#7047 = CARTESIAN_POINT('',(7.720793,3.24651,1.51));
#7048 = VERTEX_POINT('',#7049);
#7049 = CARTESIAN_POINT('',(7.720793,3.24651,1.545));
#7050 = LINE('',#7051,#7052);
#7051 = CARTESIAN_POINT('',(7.720793,3.24651,1.51));
#7052 = VECTOR('',#7053,1.);
#7053 = DIRECTION('',(0.,0.,1.));
#7054 = ORIENTED_EDGE('',*,*,#7055,.T.);
#7055 = EDGE_CURVE('',#7048,#7056,#7058,.T.);
#7056 = VERTEX_POINT('',#7057);
#7057 = CARTESIAN_POINT('',(7.646938,3.2612,1.545));
#7058 = LINE('',#7059,#7060);
#7059 = CARTESIAN_POINT('',(7.720793,3.24651,1.545));
#7060 = VECTOR('',#7061,1.);
#7061 = DIRECTION('',(-0.980786990185,0.195081726164,0.));
#7062 = ORIENTED_EDGE('',*,*,#7063,.F.);
#7063 = EDGE_CURVE('',#7064,#7056,#7066,.T.);
#7064 = VERTEX_POINT('',#7065);
#7065 = CARTESIAN_POINT('',(7.646938,3.2612,1.51));
#7066 = LINE('',#7067,#7068);
#7067 = CARTESIAN_POINT('',(7.646938,3.2612,1.51));
#7068 = VECTOR('',#7069,1.);
#7069 = DIRECTION('',(0.,0.,1.));
#7070 = ORIENTED_EDGE('',*,*,#7071,.F.);
#7071 = EDGE_CURVE('',#7046,#7064,#7072,.T.);
#7072 = LINE('',#7073,#7074);
#7073 = CARTESIAN_POINT('',(7.720793,3.24651,1.51));
#7074 = VECTOR('',#7075,1.);
#7075 = DIRECTION('',(-0.980786990185,0.195081726164,0.));
#7076 = PLANE('',#7077);
#7077 = AXIS2_PLACEMENT_3D('',#7078,#7079,#7080);
#7078 = CARTESIAN_POINT('',(7.720793,3.24651,1.51));
#7079 = DIRECTION('',(-0.195081726164,-0.980786990185,0.));
#7080 = DIRECTION('',(-0.980786990185,0.195081726164,0.));
#7081 = ADVANCED_FACE('',(#7082),#7107,.T.);
#7082 = FACE_BOUND('',#7083,.T.);
#7083 = EDGE_LOOP('',(#7084,#7085,#7093,#7101));
#7084 = ORIENTED_EDGE('',*,*,#7063,.T.);
#7085 = ORIENTED_EDGE('',*,*,#7086,.T.);
#7086 = EDGE_CURVE('',#7056,#7087,#7089,.T.);
#7087 = VERTEX_POINT('',#7088);
#7088 = CARTESIAN_POINT('',(7.2486,3.2612,1.545));
#7089 = LINE('',#7090,#7091);
#7090 = CARTESIAN_POINT('',(7.646938,3.2612,1.545));
#7091 = VECTOR('',#7092,1.);
#7092 = DIRECTION('',(-1.,0.,0.));
#7093 = ORIENTED_EDGE('',*,*,#7094,.F.);
#7094 = EDGE_CURVE('',#7095,#7087,#7097,.T.);
#7095 = VERTEX_POINT('',#7096);
#7096 = CARTESIAN_POINT('',(7.2486,3.2612,1.51));
#7097 = LINE('',#7098,#7099);
#7098 = CARTESIAN_POINT('',(7.2486,3.2612,1.51));
#7099 = VECTOR('',#7100,1.);
#7100 = DIRECTION('',(0.,0.,1.));
#7101 = ORIENTED_EDGE('',*,*,#7102,.F.);
#7102 = EDGE_CURVE('',#7064,#7095,#7103,.T.);
#7103 = LINE('',#7104,#7105);
#7104 = CARTESIAN_POINT('',(7.646938,3.2612,1.51));
#7105 = VECTOR('',#7106,1.);
#7106 = DIRECTION('',(-1.,0.,0.));
#7107 = PLANE('',#7108);
#7108 = AXIS2_PLACEMENT_3D('',#7109,#7110,#7111);
#7109 = CARTESIAN_POINT('',(7.646938,3.2612,1.51));
#7110 = DIRECTION('',(0.,-1.,0.));
#7111 = DIRECTION('',(-1.,0.,0.));
#7112 = ADVANCED_FACE('',(#7113),#7138,.T.);
#7113 = FACE_BOUND('',#7114,.T.);
#7114 = EDGE_LOOP('',(#7115,#7116,#7124,#7132));
#7115 = ORIENTED_EDGE('',*,*,#7094,.T.);
#7116 = ORIENTED_EDGE('',*,*,#7117,.T.);
#7117 = EDGE_CURVE('',#7087,#7118,#7120,.T.);
#7118 = VERTEX_POINT('',#7119);
#7119 = CARTESIAN_POINT('',(7.2486,2.5846,1.545));
#7120 = LINE('',#7121,#7122);
#7121 = CARTESIAN_POINT('',(7.2486,3.2612,1.545));
#7122 = VECTOR('',#7123,1.);
#7123 = DIRECTION('',(0.,-1.,0.));
#7124 = ORIENTED_EDGE('',*,*,#7125,.F.);
#7125 = EDGE_CURVE('',#7126,#7118,#7128,.T.);
#7126 = VERTEX_POINT('',#7127);
#7127 = CARTESIAN_POINT('',(7.2486,2.5846,1.51));
#7128 = LINE('',#7129,#7130);
#7129 = CARTESIAN_POINT('',(7.2486,2.5846,1.51));
#7130 = VECTOR('',#7131,1.);
#7131 = DIRECTION('',(0.,0.,1.));
#7132 = ORIENTED_EDGE('',*,*,#7133,.F.);
#7133 = EDGE_CURVE('',#7095,#7126,#7134,.T.);
#7134 = LINE('',#7135,#7136);
#7135 = CARTESIAN_POINT('',(7.2486,3.2612,1.51));
#7136 = VECTOR('',#7137,1.);
#7137 = DIRECTION('',(0.,-1.,0.));
#7138 = PLANE('',#7139);
#7139 = AXIS2_PLACEMENT_3D('',#7140,#7141,#7142);
#7140 = CARTESIAN_POINT('',(7.2486,3.2612,1.51));
#7141 = DIRECTION('',(1.,0.,-0.));
#7142 = DIRECTION('',(0.,-1.,0.));
#7143 = ADVANCED_FACE('',(#7144),#7169,.T.);
#7144 = FACE_BOUND('',#7145,.T.);
#7145 = EDGE_LOOP('',(#7146,#7147,#7155,#7163));
#7146 = ORIENTED_EDGE('',*,*,#7125,.T.);
#7147 = ORIENTED_EDGE('',*,*,#7148,.T.);
#7148 = EDGE_CURVE('',#7118,#7149,#7151,.T.);
#7149 = VERTEX_POINT('',#7150);
#7150 = CARTESIAN_POINT('',(7.8752,2.5846,1.545));
#7151 = LINE('',#7152,#7153);
#7152 = CARTESIAN_POINT('',(7.2486,2.5846,1.545));
#7153 = VECTOR('',#7154,1.);
#7154 = DIRECTION('',(1.,0.,0.));
#7155 = ORIENTED_EDGE('',*,*,#7156,.F.);
#7156 = EDGE_CURVE('',#7157,#7149,#7159,.T.);
#7157 = VERTEX_POINT('',#7158);
#7158 = CARTESIAN_POINT('',(7.8752,2.5846,1.51));
#7159 = LINE('',#7160,#7161);
#7160 = CARTESIAN_POINT('',(7.8752,2.5846,1.51));
#7161 = VECTOR('',#7162,1.);
#7162 = DIRECTION('',(0.,0.,1.));
#7163 = ORIENTED_EDGE('',*,*,#7164,.F.);
#7164 = EDGE_CURVE('',#7126,#7157,#7165,.T.);
#7165 = LINE('',#7166,#7167);
#7166 = CARTESIAN_POINT('',(7.2486,2.5846,1.51));
#7167 = VECTOR('',#7168,1.);
#7168 = DIRECTION('',(1.,0.,0.));
#7169 = PLANE('',#7170);
#7170 = AXIS2_PLACEMENT_3D('',#7171,#7172,#7173);
#7171 = CARTESIAN_POINT('',(7.2486,2.5846,1.51));
#7172 = DIRECTION('',(0.,1.,0.));
#7173 = DIRECTION('',(1.,0.,0.));
#7174 = ADVANCED_FACE('',(#7175),#7200,.T.);
#7175 = FACE_BOUND('',#7176,.T.);
#7176 = EDGE_LOOP('',(#7177,#7178,#7186,#7194));
#7177 = ORIENTED_EDGE('',*,*,#7156,.T.);
#7178 = ORIENTED_EDGE('',*,*,#7179,.T.);
#7179 = EDGE_CURVE('',#7149,#7180,#7182,.T.);
#7180 = VERTEX_POINT('',#7181);
#7181 = CARTESIAN_POINT('',(7.8752,3.032932,1.545));
#7182 = LINE('',#7183,#7184);
#7183 = CARTESIAN_POINT('',(7.8752,2.5846,1.545));
#7184 = VECTOR('',#7185,1.);
#7185 = DIRECTION('',(0.,1.,0.));
#7186 = ORIENTED_EDGE('',*,*,#7187,.F.);
#7187 = EDGE_CURVE('',#7188,#7180,#7190,.T.);
#7188 = VERTEX_POINT('',#7189);
#7189 = CARTESIAN_POINT('',(7.8752,3.032932,1.51));
#7190 = LINE('',#7191,#7192);
#7191 = CARTESIAN_POINT('',(7.8752,3.032932,1.51));
#7192 = VECTOR('',#7193,1.);
#7193 = DIRECTION('',(0.,0.,1.));
#7194 = ORIENTED_EDGE('',*,*,#7195,.F.);
#7195 = EDGE_CURVE('',#7157,#7188,#7196,.T.);
#7196 = LINE('',#7197,#7198);
#7197 = CARTESIAN_POINT('',(7.8752,2.5846,1.51));
#7198 = VECTOR('',#7199,1.);
#7199 = DIRECTION('',(0.,1.,0.));
#7200 = PLANE('',#7201);
#7201 = AXIS2_PLACEMENT_3D('',#7202,#7203,#7204);
#7202 = CARTESIAN_POINT('',(7.8752,2.5846,1.51));
#7203 = DIRECTION('',(-1.,0.,0.));
#7204 = DIRECTION('',(0.,1.,0.));
#7205 = ADVANCED_FACE('',(#7206),#7231,.T.);
#7206 = FACE_BOUND('',#7207,.T.);
#7207 = EDGE_LOOP('',(#7208,#7209,#7217,#7225));
#7208 = ORIENTED_EDGE('',*,*,#7187,.T.);
#7209 = ORIENTED_EDGE('',*,*,#7210,.T.);
#7210 = EDGE_CURVE('',#7180,#7211,#7213,.T.);
#7211 = VERTEX_POINT('',#7212);
#7212 = CARTESIAN_POINT('',(7.860508,3.106796,1.545));
#7213 = LINE('',#7214,#7215);
#7214 = CARTESIAN_POINT('',(7.8752,3.032932,1.545));
#7215 = VECTOR('',#7216,1.);
#7216 = DIRECTION('',(-0.19508440683,0.980786456988,0.));
#7217 = ORIENTED_EDGE('',*,*,#7218,.F.);
#7218 = EDGE_CURVE('',#7219,#7211,#7221,.T.);
#7219 = VERTEX_POINT('',#7220);
#7220 = CARTESIAN_POINT('',(7.860508,3.106796,1.51));
#7221 = LINE('',#7222,#7223);
#7222 = CARTESIAN_POINT('',(7.860508,3.106796,1.51));
#7223 = VECTOR('',#7224,1.);
#7224 = DIRECTION('',(0.,0.,1.));
#7225 = ORIENTED_EDGE('',*,*,#7226,.F.);
#7226 = EDGE_CURVE('',#7188,#7219,#7227,.T.);
#7227 = LINE('',#7228,#7229);
#7228 = CARTESIAN_POINT('',(7.8752,3.032932,1.51));
#7229 = VECTOR('',#7230,1.);
#7230 = DIRECTION('',(-0.19508440683,0.980786456988,0.));
#7231 = PLANE('',#7232);
#7232 = AXIS2_PLACEMENT_3D('',#7233,#7234,#7235);
#7233 = CARTESIAN_POINT('',(7.8752,3.032932,1.51));
#7234 = DIRECTION('',(-0.980786456988,-0.19508440683,0.));
#7235 = DIRECTION('',(-0.19508440683,0.980786456988,0.));
#7236 = ADVANCED_FACE('',(#7237),#7262,.T.);
#7237 = FACE_BOUND('',#7238,.T.);
#7238 = EDGE_LOOP('',(#7239,#7240,#7248,#7256));
#7239 = ORIENTED_EDGE('',*,*,#7218,.T.);
#7240 = ORIENTED_EDGE('',*,*,#7241,.T.);
#7241 = EDGE_CURVE('',#7211,#7242,#7244,.T.);
#7242 = VERTEX_POINT('',#7243);
#7243 = CARTESIAN_POINT('',(7.804545,3.190549,1.545));
#7244 = LINE('',#7245,#7246);
#7245 = CARTESIAN_POINT('',(7.860508,3.106796,1.545));
#7246 = VECTOR('',#7247,1.);
#7247 = DIRECTION('',(-0.555577333401,0.831464867936,0.));
#7248 = ORIENTED_EDGE('',*,*,#7249,.F.);
#7249 = EDGE_CURVE('',#7250,#7242,#7252,.T.);
#7250 = VERTEX_POINT('',#7251);
#7251 = CARTESIAN_POINT('',(7.804545,3.190549,1.51));
#7252 = LINE('',#7253,#7254);
#7253 = CARTESIAN_POINT('',(7.804545,3.190549,1.51));
#7254 = VECTOR('',#7255,1.);
#7255 = DIRECTION('',(0.,0.,1.));
#7256 = ORIENTED_EDGE('',*,*,#7257,.F.);
#7257 = EDGE_CURVE('',#7219,#7250,#7258,.T.);
#7258 = LINE('',#7259,#7260);
#7259 = CARTESIAN_POINT('',(7.860508,3.106796,1.51));
#7260 = VECTOR('',#7261,1.);
#7261 = DIRECTION('',(-0.555577333401,0.831464867936,0.));
#7262 = PLANE('',#7263);
#7263 = AXIS2_PLACEMENT_3D('',#7264,#7265,#7266);
#7264 = CARTESIAN_POINT('',(7.860508,3.106796,1.51));
#7265 = DIRECTION('',(-0.831464867936,-0.555577333401,0.));
#7266 = DIRECTION('',(-0.555577333401,0.831464867936,0.));
#7267 = ADVANCED_FACE('',(#7268),#7284,.T.);
#7268 = FACE_BOUND('',#7269,.T.);
#7269 = EDGE_LOOP('',(#7270,#7271,#7277,#7278));
#7270 = ORIENTED_EDGE('',*,*,#7249,.T.);
#7271 = ORIENTED_EDGE('',*,*,#7272,.T.);
#7272 = EDGE_CURVE('',#7242,#7048,#7273,.T.);
#7273 = LINE('',#7274,#7275);
#7274 = CARTESIAN_POINT('',(7.804545,3.190549,1.545));
#7275 = VECTOR('',#7276,1.);
#7276 = DIRECTION('',(-0.83147097565,0.55556819262,0.));
#7277 = ORIENTED_EDGE('',*,*,#7045,.F.);
#7278 = ORIENTED_EDGE('',*,*,#7279,.F.);
#7279 = EDGE_CURVE('',#7250,#7046,#7280,.T.);
#7280 = LINE('',#7281,#7282);
#7281 = CARTESIAN_POINT('',(7.804545,3.190549,1.51));
#7282 = VECTOR('',#7283,1.);
#7283 = DIRECTION('',(-0.83147097565,0.55556819262,0.));
#7284 = PLANE('',#7285);
#7285 = AXIS2_PLACEMENT_3D('',#7286,#7287,#7288);
#7286 = CARTESIAN_POINT('',(7.804545,3.190549,1.51));
#7287 = DIRECTION('',(-0.55556819262,-0.83147097565,0.));
#7288 = DIRECTION('',(-0.83147097565,0.55556819262,0.));
#7289 = ADVANCED_FACE('',(#7290,#7396,#7413,#7423,#7433,#7443),#7453,.F.
  );
#7290 = FACE_BOUND('',#7291,.T.);
#7291 = EDGE_LOOP('',(#7292,#7293,#7294,#7295,#7296,#7297,#7298,#7299,
    #7300,#7301,#7302,#7303,#7304,#7305,#7306,#7307,#7308,#7309,#7310,
    #7311,#7312,#7313,#7314,#7315,#7316,#7317,#7318,#7319,#7320,#7321,
    #7322,#7323,#7324,#7325,#7326,#7327,#7328,#7329,#7330,#7331,#7332,
    #7333,#7334,#7335,#7336,#7337,#7338,#7339,#7340,#7341,#7342,#7343,
    #7344,#7345,#7346,#7347,#7348,#7349,#7350,#7351,#7352,#7353,#7354,
    #7355,#7356,#7357,#7358,#7359,#7360,#7361,#7362,#7363,#7364,#7365,
    #7366,#7367,#7368,#7369,#7370,#7371,#7372,#7373,#7374,#7375,#7376,
    #7377,#7378,#7379,#7380,#7381,#7382,#7383,#7384,#7385,#7386,#7387,
    #7388,#7389,#7390,#7391,#7392,#7393,#7394,#7395));
#7292 = ORIENTED_EDGE('',*,*,#2583,.T.);
#7293 = ORIENTED_EDGE('',*,*,#2615,.T.);
#7294 = ORIENTED_EDGE('',*,*,#2647,.T.);
#7295 = ORIENTED_EDGE('',*,*,#2679,.T.);
#7296 = ORIENTED_EDGE('',*,*,#2711,.T.);
#7297 = ORIENTED_EDGE('',*,*,#2743,.T.);
#7298 = ORIENTED_EDGE('',*,*,#2774,.T.);
#7299 = ORIENTED_EDGE('',*,*,#2805,.T.);
#7300 = ORIENTED_EDGE('',*,*,#2837,.T.);
#7301 = ORIENTED_EDGE('',*,*,#2869,.T.);
#7302 = ORIENTED_EDGE('',*,*,#2900,.T.);
#7303 = ORIENTED_EDGE('',*,*,#2931,.T.);
#7304 = ORIENTED_EDGE('',*,*,#2963,.T.);
#7305 = ORIENTED_EDGE('',*,*,#2995,.T.);
#7306 = ORIENTED_EDGE('',*,*,#3027,.T.);
#7307 = ORIENTED_EDGE('',*,*,#3059,.T.);
#7308 = ORIENTED_EDGE('',*,*,#3090,.T.);
#7309 = ORIENTED_EDGE('',*,*,#3121,.T.);
#7310 = ORIENTED_EDGE('',*,*,#3152,.T.);
#7311 = ORIENTED_EDGE('',*,*,#3183,.T.);
#7312 = ORIENTED_EDGE('',*,*,#3214,.T.);
#7313 = ORIENTED_EDGE('',*,*,#3245,.T.);
#7314 = ORIENTED_EDGE('',*,*,#3277,.T.);
#7315 = ORIENTED_EDGE('',*,*,#3309,.T.);
#7316 = ORIENTED_EDGE('',*,*,#3341,.T.);
#7317 = ORIENTED_EDGE('',*,*,#3373,.T.);
#7318 = ORIENTED_EDGE('',*,*,#3404,.T.);
#7319 = ORIENTED_EDGE('',*,*,#3436,.T.);
#7320 = ORIENTED_EDGE('',*,*,#3468,.T.);
#7321 = ORIENTED_EDGE('',*,*,#3499,.T.);
#7322 = ORIENTED_EDGE('',*,*,#3531,.T.);
#7323 = ORIENTED_EDGE('',*,*,#3563,.T.);
#7324 = ORIENTED_EDGE('',*,*,#3594,.T.);
#7325 = ORIENTED_EDGE('',*,*,#3626,.T.);
#7326 = ORIENTED_EDGE('',*,*,#3658,.T.);
#7327 = ORIENTED_EDGE('',*,*,#3689,.T.);
#7328 = ORIENTED_EDGE('',*,*,#3721,.T.);
#7329 = ORIENTED_EDGE('',*,*,#3753,.T.);
#7330 = ORIENTED_EDGE('',*,*,#3784,.T.);
#7331 = ORIENTED_EDGE('',*,*,#3816,.T.);
#7332 = ORIENTED_EDGE('',*,*,#3848,.T.);
#7333 = ORIENTED_EDGE('',*,*,#3879,.T.);
#7334 = ORIENTED_EDGE('',*,*,#3911,.T.);
#7335 = ORIENTED_EDGE('',*,*,#3943,.T.);
#7336 = ORIENTED_EDGE('',*,*,#3975,.T.);
#7337 = ORIENTED_EDGE('',*,*,#4007,.T.);
#7338 = ORIENTED_EDGE('',*,*,#4039,.T.);
#7339 = ORIENTED_EDGE('',*,*,#4071,.T.);
#7340 = ORIENTED_EDGE('',*,*,#4103,.T.);
#7341 = ORIENTED_EDGE('',*,*,#4135,.T.);
#7342 = ORIENTED_EDGE('',*,*,#4166,.T.);
#7343 = ORIENTED_EDGE('',*,*,#4197,.T.);
#7344 = ORIENTED_EDGE('',*,*,#4228,.T.);
#7345 = ORIENTED_EDGE('',*,*,#4259,.T.);
#7346 = ORIENTED_EDGE('',*,*,#4290,.T.);
#7347 = ORIENTED_EDGE('',*,*,#4321,.T.);
#7348 = ORIENTED_EDGE('',*,*,#4352,.T.);
#7349 = ORIENTED_EDGE('',*,*,#4384,.T.);
#7350 = ORIENTED_EDGE('',*,*,#4416,.T.);
#7351 = ORIENTED_EDGE('',*,*,#4447,.T.);
#7352 = ORIENTED_EDGE('',*,*,#4478,.T.);
#7353 = ORIENTED_EDGE('',*,*,#4509,.T.);
#7354 = ORIENTED_EDGE('',*,*,#4540,.T.);
#7355 = ORIENTED_EDGE('',*,*,#4571,.T.);
#7356 = ORIENTED_EDGE('',*,*,#4602,.T.);
#7357 = ORIENTED_EDGE('',*,*,#4633,.T.);
#7358 = ORIENTED_EDGE('',*,*,#4664,.T.);
#7359 = ORIENTED_EDGE('',*,*,#4695,.T.);
#7360 = ORIENTED_EDGE('',*,*,#4726,.T.);
#7361 = ORIENTED_EDGE('',*,*,#4757,.T.);
#7362 = ORIENTED_EDGE('',*,*,#4788,.T.);
#7363 = ORIENTED_EDGE('',*,*,#4819,.T.);
#7364 = ORIENTED_EDGE('',*,*,#4850,.T.);
#7365 = ORIENTED_EDGE('',*,*,#4881,.T.);
#7366 = ORIENTED_EDGE('',*,*,#4912,.T.);
#7367 = ORIENTED_EDGE('',*,*,#4944,.T.);
#7368 = ORIENTED_EDGE('',*,*,#4976,.T.);
#7369 = ORIENTED_EDGE('',*,*,#5008,.T.);
#7370 = ORIENTED_EDGE('',*,*,#5040,.T.);
#7371 = ORIENTED_EDGE('',*,*,#5071,.T.);
#7372 = ORIENTED_EDGE('',*,*,#5102,.T.);
#7373 = ORIENTED_EDGE('',*,*,#5133,.T.);
#7374 = ORIENTED_EDGE('',*,*,#5164,.T.);
#7375 = ORIENTED_EDGE('',*,*,#5195,.T.);
#7376 = ORIENTED_EDGE('',*,*,#5226,.T.);
#7377 = ORIENTED_EDGE('',*,*,#5257,.T.);
#7378 = ORIENTED_EDGE('',*,*,#5289,.T.);
#7379 = ORIENTED_EDGE('',*,*,#5321,.T.);
#7380 = ORIENTED_EDGE('',*,*,#5353,.T.);
#7381 = ORIENTED_EDGE('',*,*,#5385,.T.);
#7382 = ORIENTED_EDGE('',*,*,#5416,.T.);
#7383 = ORIENTED_EDGE('',*,*,#5447,.T.);
#7384 = ORIENTED_EDGE('',*,*,#5478,.T.);
#7385 = ORIENTED_EDGE('',*,*,#5510,.T.);
#7386 = ORIENTED_EDGE('',*,*,#5542,.T.);
#7387 = ORIENTED_EDGE('',*,*,#5573,.T.);
#7388 = ORIENTED_EDGE('',*,*,#5604,.T.);
#7389 = ORIENTED_EDGE('',*,*,#5635,.T.);
#7390 = ORIENTED_EDGE('',*,*,#5666,.T.);
#7391 = ORIENTED_EDGE('',*,*,#5697,.T.);
#7392 = ORIENTED_EDGE('',*,*,#5728,.T.);
#7393 = ORIENTED_EDGE('',*,*,#5759,.T.);
#7394 = ORIENTED_EDGE('',*,*,#5790,.T.);
#7395 = ORIENTED_EDGE('',*,*,#5812,.T.);
#7396 = FACE_BOUND('',#7397,.T.);
#7397 = EDGE_LOOP('',(#7398,#7399,#7400,#7401,#7402,#7403,#7404,#7405,
    #7406,#7407,#7408,#7409,#7410,#7411,#7412));
#7398 = ORIENTED_EDGE('',*,*,#5853,.T.);
#7399 = ORIENTED_EDGE('',*,*,#5885,.T.);
#7400 = ORIENTED_EDGE('',*,*,#5917,.T.);
#7401 = ORIENTED_EDGE('',*,*,#5949,.T.);
#7402 = ORIENTED_EDGE('',*,*,#5980,.T.);
#7403 = ORIENTED_EDGE('',*,*,#6011,.T.);
#7404 = ORIENTED_EDGE('',*,*,#6043,.T.);
#7405 = ORIENTED_EDGE('',*,*,#6075,.T.);
#7406 = ORIENTED_EDGE('',*,*,#6106,.T.);
#7407 = ORIENTED_EDGE('',*,*,#6137,.T.);
#7408 = ORIENTED_EDGE('',*,*,#6169,.T.);
#7409 = ORIENTED_EDGE('',*,*,#6201,.T.);
#7410 = ORIENTED_EDGE('',*,*,#6232,.T.);
#7411 = ORIENTED_EDGE('',*,*,#6263,.T.);
#7412 = ORIENTED_EDGE('',*,*,#6286,.T.);
#7413 = FACE_BOUND('',#7414,.T.);
#7414 = EDGE_LOOP('',(#7415,#7416,#7417,#7418,#7419,#7420,#7421,#7422));
#7415 = ORIENTED_EDGE('',*,*,#6327,.T.);
#7416 = ORIENTED_EDGE('',*,*,#6358,.T.);
#7417 = ORIENTED_EDGE('',*,*,#6389,.T.);
#7418 = ORIENTED_EDGE('',*,*,#6420,.T.);
#7419 = ORIENTED_EDGE('',*,*,#6451,.T.);
#7420 = ORIENTED_EDGE('',*,*,#6482,.T.);
#7421 = ORIENTED_EDGE('',*,*,#6513,.T.);
#7422 = ORIENTED_EDGE('',*,*,#6535,.T.);
#7423 = FACE_BOUND('',#7424,.T.);
#7424 = EDGE_LOOP('',(#7425,#7426,#7427,#7428,#7429,#7430,#7431,#7432));
#7425 = ORIENTED_EDGE('',*,*,#6575,.T.);
#7426 = ORIENTED_EDGE('',*,*,#6606,.T.);
#7427 = ORIENTED_EDGE('',*,*,#6637,.T.);
#7428 = ORIENTED_EDGE('',*,*,#6668,.T.);
#7429 = ORIENTED_EDGE('',*,*,#6699,.T.);
#7430 = ORIENTED_EDGE('',*,*,#6730,.T.);
#7431 = ORIENTED_EDGE('',*,*,#6761,.T.);
#7432 = ORIENTED_EDGE('',*,*,#6783,.T.);
#7433 = FACE_BOUND('',#7434,.T.);
#7434 = EDGE_LOOP('',(#7435,#7436,#7437,#7438,#7439,#7440,#7441,#7442));
#7435 = ORIENTED_EDGE('',*,*,#6823,.T.);
#7436 = ORIENTED_EDGE('',*,*,#6854,.T.);
#7437 = ORIENTED_EDGE('',*,*,#6885,.T.);
#7438 = ORIENTED_EDGE('',*,*,#6916,.T.);
#7439 = ORIENTED_EDGE('',*,*,#6947,.T.);
#7440 = ORIENTED_EDGE('',*,*,#6978,.T.);
#7441 = ORIENTED_EDGE('',*,*,#7009,.T.);
#7442 = ORIENTED_EDGE('',*,*,#7031,.T.);
#7443 = FACE_BOUND('',#7444,.T.);
#7444 = EDGE_LOOP('',(#7445,#7446,#7447,#7448,#7449,#7450,#7451,#7452));
#7445 = ORIENTED_EDGE('',*,*,#7071,.T.);
#7446 = ORIENTED_EDGE('',*,*,#7102,.T.);
#7447 = ORIENTED_EDGE('',*,*,#7133,.T.);
#7448 = ORIENTED_EDGE('',*,*,#7164,.T.);
#7449 = ORIENTED_EDGE('',*,*,#7195,.T.);
#7450 = ORIENTED_EDGE('',*,*,#7226,.T.);
#7451 = ORIENTED_EDGE('',*,*,#7257,.T.);
#7452 = ORIENTED_EDGE('',*,*,#7279,.T.);
#7453 = PLANE('',#7454);
#7454 = AXIS2_PLACEMENT_3D('',#7455,#7456,#7457);
#7455 = CARTESIAN_POINT('',(0.,0.,1.51));
#7456 = DIRECTION('',(0.,0.,1.));
#7457 = DIRECTION('',(1.,0.,-0.));
#7458 = ADVANCED_FACE('',(#7459,#7565,#7582,#7592,#7602,#7612),#7622,.T.
  );
#7459 = FACE_BOUND('',#7460,.F.);
#7460 = EDGE_LOOP('',(#7461,#7462,#7463,#7464,#7465,#7466,#7467,#7468,
    #7469,#7470,#7471,#7472,#7473,#7474,#7475,#7476,#7477,#7478,#7479,
    #7480,#7481,#7482,#7483,#7484,#7485,#7486,#7487,#7488,#7489,#7490,
    #7491,#7492,#7493,#7494,#7495,#7496,#7497,#7498,#7499,#7500,#7501,
    #7502,#7503,#7504,#7505,#7506,#7507,#7508,#7509,#7510,#7511,#7512,
    #7513,#7514,#7515,#7516,#7517,#7518,#7519,#7520,#7521,#7522,#7523,
    #7524,#7525,#7526,#7527,#7528,#7529,#7530,#7531,#7532,#7533,#7534,
    #7535,#7536,#7537,#7538,#7539,#7540,#7541,#7542,#7543,#7544,#7545,
    #7546,#7547,#7548,#7549,#7550,#7551,#7552,#7553,#7554,#7555,#7556,
    #7557,#7558,#7559,#7560,#7561,#7562,#7563,#7564));
#7461 = ORIENTED_EDGE('',*,*,#2566,.T.);
#7462 = ORIENTED_EDGE('',*,*,#2599,.T.);
#7463 = ORIENTED_EDGE('',*,*,#2630,.T.);
#7464 = ORIENTED_EDGE('',*,*,#2663,.T.);
#7465 = ORIENTED_EDGE('',*,*,#2694,.T.);
#7466 = ORIENTED_EDGE('',*,*,#2727,.T.);
#7467 = ORIENTED_EDGE('',*,*,#2758,.T.);
#7468 = ORIENTED_EDGE('',*,*,#2789,.T.);
#7469 = ORIENTED_EDGE('',*,*,#2820,.T.);
#7470 = ORIENTED_EDGE('',*,*,#2853,.T.);
#7471 = ORIENTED_EDGE('',*,*,#2884,.T.);
#7472 = ORIENTED_EDGE('',*,*,#2915,.T.);
#7473 = ORIENTED_EDGE('',*,*,#2946,.T.);
#7474 = ORIENTED_EDGE('',*,*,#2979,.T.);
#7475 = ORIENTED_EDGE('',*,*,#3010,.T.);
#7476 = ORIENTED_EDGE('',*,*,#3043,.T.);
#7477 = ORIENTED_EDGE('',*,*,#3074,.T.);
#7478 = ORIENTED_EDGE('',*,*,#3105,.T.);
#7479 = ORIENTED_EDGE('',*,*,#3136,.T.);
#7480 = ORIENTED_EDGE('',*,*,#3167,.T.);
#7481 = ORIENTED_EDGE('',*,*,#3198,.T.);
#7482 = ORIENTED_EDGE('',*,*,#3229,.T.);
#7483 = ORIENTED_EDGE('',*,*,#3260,.T.);
#7484 = ORIENTED_EDGE('',*,*,#3293,.T.);
#7485 = ORIENTED_EDGE('',*,*,#3324,.T.);
#7486 = ORIENTED_EDGE('',*,*,#3357,.T.);
#7487 = ORIENTED_EDGE('',*,*,#3388,.T.);
#7488 = ORIENTED_EDGE('',*,*,#3419,.T.);
#7489 = ORIENTED_EDGE('',*,*,#3452,.T.);
#7490 = ORIENTED_EDGE('',*,*,#3483,.T.);
#7491 = ORIENTED_EDGE('',*,*,#3514,.T.);
#7492 = ORIENTED_EDGE('',*,*,#3547,.T.);
#7493 = ORIENTED_EDGE('',*,*,#3578,.T.);
#7494 = ORIENTED_EDGE('',*,*,#3609,.T.);
#7495 = ORIENTED_EDGE('',*,*,#3642,.T.);
#7496 = ORIENTED_EDGE('',*,*,#3673,.T.);
#7497 = ORIENTED_EDGE('',*,*,#3704,.T.);
#7498 = ORIENTED_EDGE('',*,*,#3737,.T.);
#7499 = ORIENTED_EDGE('',*,*,#3768,.T.);
#7500 = ORIENTED_EDGE('',*,*,#3799,.T.);
#7501 = ORIENTED_EDGE('',*,*,#3832,.T.);
#7502 = ORIENTED_EDGE('',*,*,#3863,.T.);
#7503 = ORIENTED_EDGE('',*,*,#3894,.T.);
#7504 = ORIENTED_EDGE('',*,*,#3927,.T.);
#7505 = ORIENTED_EDGE('',*,*,#3958,.T.);
#7506 = ORIENTED_EDGE('',*,*,#3991,.T.);
#7507 = ORIENTED_EDGE('',*,*,#4022,.T.);
#7508 = ORIENTED_EDGE('',*,*,#4055,.T.);
#7509 = ORIENTED_EDGE('',*,*,#4086,.T.);
#7510 = ORIENTED_EDGE('',*,*,#4119,.T.);
#7511 = ORIENTED_EDGE('',*,*,#4150,.T.);
#7512 = ORIENTED_EDGE('',*,*,#4181,.T.);
#7513 = ORIENTED_EDGE('',*,*,#4212,.T.);
#7514 = ORIENTED_EDGE('',*,*,#4243,.T.);
#7515 = ORIENTED_EDGE('',*,*,#4274,.T.);
#7516 = ORIENTED_EDGE('',*,*,#4305,.T.);
#7517 = ORIENTED_EDGE('',*,*,#4336,.T.);
#7518 = ORIENTED_EDGE('',*,*,#4367,.T.);
#7519 = ORIENTED_EDGE('',*,*,#4400,.T.);
#7520 = ORIENTED_EDGE('',*,*,#4431,.T.);
#7521 = ORIENTED_EDGE('',*,*,#4462,.T.);
#7522 = ORIENTED_EDGE('',*,*,#4493,.T.);
#7523 = ORIENTED_EDGE('',*,*,#4524,.T.);
#7524 = ORIENTED_EDGE('',*,*,#4555,.T.);
#7525 = ORIENTED_EDGE('',*,*,#4586,.T.);
#7526 = ORIENTED_EDGE('',*,*,#4617,.T.);
#7527 = ORIENTED_EDGE('',*,*,#4648,.T.);
#7528 = ORIENTED_EDGE('',*,*,#4679,.T.);
#7529 = ORIENTED_EDGE('',*,*,#4710,.T.);
#7530 = ORIENTED_EDGE('',*,*,#4741,.T.);
#7531 = ORIENTED_EDGE('',*,*,#4772,.T.);
#7532 = ORIENTED_EDGE('',*,*,#4803,.T.);
#7533 = ORIENTED_EDGE('',*,*,#4834,.T.);
#7534 = ORIENTED_EDGE('',*,*,#4865,.T.);
#7535 = ORIENTED_EDGE('',*,*,#4896,.T.);
#7536 = ORIENTED_EDGE('',*,*,#4927,.T.);
#7537 = ORIENTED_EDGE('',*,*,#4960,.T.);
#7538 = ORIENTED_EDGE('',*,*,#4991,.T.);
#7539 = ORIENTED_EDGE('',*,*,#5024,.T.);
#7540 = ORIENTED_EDGE('',*,*,#5055,.T.);
#7541 = ORIENTED_EDGE('',*,*,#5086,.T.);
#7542 = ORIENTED_EDGE('',*,*,#5117,.T.);
#7543 = ORIENTED_EDGE('',*,*,#5148,.T.);
#7544 = ORIENTED_EDGE('',*,*,#5179,.T.);
#7545 = ORIENTED_EDGE('',*,*,#5210,.T.);
#7546 = ORIENTED_EDGE('',*,*,#5241,.T.);
#7547 = ORIENTED_EDGE('',*,*,#5272,.T.);
#7548 = ORIENTED_EDGE('',*,*,#5305,.T.);
#7549 = ORIENTED_EDGE('',*,*,#5336,.T.);
#7550 = ORIENTED_EDGE('',*,*,#5369,.T.);
#7551 = ORIENTED_EDGE('',*,*,#5400,.T.);
#7552 = ORIENTED_EDGE('',*,*,#5431,.T.);
#7553 = ORIENTED_EDGE('',*,*,#5462,.T.);
#7554 = ORIENTED_EDGE('',*,*,#5493,.T.);
#7555 = ORIENTED_EDGE('',*,*,#5526,.T.);
#7556 = ORIENTED_EDGE('',*,*,#5557,.T.);
#7557 = ORIENTED_EDGE('',*,*,#5588,.T.);
#7558 = ORIENTED_EDGE('',*,*,#5619,.T.);
#7559 = ORIENTED_EDGE('',*,*,#5650,.T.);
#7560 = ORIENTED_EDGE('',*,*,#5681,.T.);
#7561 = ORIENTED_EDGE('',*,*,#5712,.T.);
#7562 = ORIENTED_EDGE('',*,*,#5743,.T.);
#7563 = ORIENTED_EDGE('',*,*,#5774,.T.);
#7564 = ORIENTED_EDGE('',*,*,#5805,.T.);
#7565 = FACE_BOUND('',#7566,.F.);
#7566 = EDGE_LOOP('',(#7567,#7568,#7569,#7570,#7571,#7572,#7573,#7574,
    #7575,#7576,#7577,#7578,#7579,#7580,#7581));
#7567 = ORIENTED_EDGE('',*,*,#5836,.T.);
#7568 = ORIENTED_EDGE('',*,*,#5869,.T.);
#7569 = ORIENTED_EDGE('',*,*,#5900,.T.);
#7570 = ORIENTED_EDGE('',*,*,#5933,.T.);
#7571 = ORIENTED_EDGE('',*,*,#5964,.T.);
#7572 = ORIENTED_EDGE('',*,*,#5995,.T.);
#7573 = ORIENTED_EDGE('',*,*,#6026,.T.);
#7574 = ORIENTED_EDGE('',*,*,#6059,.T.);
#7575 = ORIENTED_EDGE('',*,*,#6090,.T.);
#7576 = ORIENTED_EDGE('',*,*,#6121,.T.);
#7577 = ORIENTED_EDGE('',*,*,#6152,.T.);
#7578 = ORIENTED_EDGE('',*,*,#6185,.T.);
#7579 = ORIENTED_EDGE('',*,*,#6216,.T.);
#7580 = ORIENTED_EDGE('',*,*,#6247,.T.);
#7581 = ORIENTED_EDGE('',*,*,#6278,.T.);
#7582 = FACE_BOUND('',#7583,.F.);
#7583 = EDGE_LOOP('',(#7584,#7585,#7586,#7587,#7588,#7589,#7590,#7591));
#7584 = ORIENTED_EDGE('',*,*,#6311,.T.);
#7585 = ORIENTED_EDGE('',*,*,#6342,.T.);
#7586 = ORIENTED_EDGE('',*,*,#6373,.T.);
#7587 = ORIENTED_EDGE('',*,*,#6404,.T.);
#7588 = ORIENTED_EDGE('',*,*,#6435,.T.);
#7589 = ORIENTED_EDGE('',*,*,#6466,.T.);
#7590 = ORIENTED_EDGE('',*,*,#6497,.T.);
#7591 = ORIENTED_EDGE('',*,*,#6528,.T.);
#7592 = FACE_BOUND('',#7593,.F.);
#7593 = EDGE_LOOP('',(#7594,#7595,#7596,#7597,#7598,#7599,#7600,#7601));
#7594 = ORIENTED_EDGE('',*,*,#6559,.T.);
#7595 = ORIENTED_EDGE('',*,*,#6590,.T.);
#7596 = ORIENTED_EDGE('',*,*,#6621,.T.);
#7597 = ORIENTED_EDGE('',*,*,#6652,.T.);
#7598 = ORIENTED_EDGE('',*,*,#6683,.T.);
#7599 = ORIENTED_EDGE('',*,*,#6714,.T.);
#7600 = ORIENTED_EDGE('',*,*,#6745,.T.);
#7601 = ORIENTED_EDGE('',*,*,#6776,.T.);
#7602 = FACE_BOUND('',#7603,.F.);
#7603 = EDGE_LOOP('',(#7604,#7605,#7606,#7607,#7608,#7609,#7610,#7611));
#7604 = ORIENTED_EDGE('',*,*,#6807,.T.);
#7605 = ORIENTED_EDGE('',*,*,#6838,.T.);
#7606 = ORIENTED_EDGE('',*,*,#6869,.T.);
#7607 = ORIENTED_EDGE('',*,*,#6900,.T.);
#7608 = ORIENTED_EDGE('',*,*,#6931,.T.);
#7609 = ORIENTED_EDGE('',*,*,#6962,.T.);
#7610 = ORIENTED_EDGE('',*,*,#6993,.T.);
#7611 = ORIENTED_EDGE('',*,*,#7024,.T.);
#7612 = FACE_BOUND('',#7613,.F.);
#7613 = EDGE_LOOP('',(#7614,#7615,#7616,#7617,#7618,#7619,#7620,#7621));
#7614 = ORIENTED_EDGE('',*,*,#7055,.T.);
#7615 = ORIENTED_EDGE('',*,*,#7086,.T.);
#7616 = ORIENTED_EDGE('',*,*,#7117,.T.);
#7617 = ORIENTED_EDGE('',*,*,#7148,.T.);
#7618 = ORIENTED_EDGE('',*,*,#7179,.T.);
#7619 = ORIENTED_EDGE('',*,*,#7210,.T.);
#7620 = ORIENTED_EDGE('',*,*,#7241,.T.);
#7621 = ORIENTED_EDGE('',*,*,#7272,.T.);
#7622 = PLANE('',#7623);
#7623 = AXIS2_PLACEMENT_3D('',#7624,#7625,#7626);
#7624 = CARTESIAN_POINT('',(0.,0.,1.545));
#7625 = DIRECTION('',(0.,0.,1.));
#7626 = DIRECTION('',(1.,0.,-0.));
#7627 = ( GEOMETRIC_REPRESENTATION_CONTEXT(3) 
GLOBAL_UNCERTAINTY_ASSIGNED_CONTEXT((#7631)) 
GLOBAL_UNIT_ASSIGNED_CONTEXT((#7628,#7629,#7630)) REPRESENTATION_CONTEXT
('Context #1','3D Context with UNIT and UNCERTAINTY') );
#7628 = ( LENGTH_UNIT() NAMED_UNIT(*) SI_UNIT(.MILLI.,.METRE.) );
#7629 = ( NAMED_UNIT(*) PLANE_ANGLE_UNIT() SI_UNIT($,.RADIAN.) );
#7630 = ( NAMED_UNIT(*) SI_UNIT($,.STERADIAN.) SOLID_ANGLE_UNIT() );
#7631 = UNCERTAINTY_MEASURE_WITH_UNIT(LENGTH_MEASURE(1.E-07),#7628,
  'distance_accuracy_value','confusion accuracy');
#7632 = CONTEXT_DEPENDENT_SHAPE_REPRESENTATION(#7633,#7635);
#7633 = ( REPRESENTATION_RELATIONSHIP('','',#48,#10) 
REPRESENTATION_RELATIONSHIP_WITH_TRANSFORMATION(#7634) 
SHAPE_REPRESENTATION_RELATIONSHIP() );
#7634 = ITEM_DEFINED_TRANSFORMATION('','',#11,#15);
#7635 = PRODUCT_DEFINITION_SHAPE('Placement','Placement of an item',
  #7636);
#7636 = NEXT_ASSEMBLY_USAGE_OCCURRENCE('1','=>[0:1:1:2]','',#5,#43,$);
#7637 = PRODUCT_RELATED_PRODUCT_CATEGORY('part',$,(#45));
#7638 = SHAPE_DEFINITION_REPRESENTATION(#7639,#7645);
#7639 = PRODUCT_DEFINITION_SHAPE('','',#7640);
#7640 = PRODUCT_DEFINITION('design','',#7641,#7644);
#7641 = PRODUCT_DEFINITION_FORMATION('','',#7642);
#7642 = PRODUCT('Spa2117_pad','Spa2117_pad','',(#7643));
#7643 = PRODUCT_CONTEXT('',#2,'mechanical');
#7644 = PRODUCT_DEFINITION_CONTEXT('part definition',#2,'design');
#7645 = SHAPE_REPRESENTATION('',(#11,#7646,#7796,#7849,#7902,#7994,#8086
    ,#8178,#8328,#8420,#8512,#8604,#8754,#8904,#8996,#9088,#9180),#9330
  );
#7646 = MANIFOLD_SOLID_BREP('',#7647);
#7647 = CLOSED_SHELL('',(#7648,#7688,#7719,#7750,#7772,#7784));
#7648 = ADVANCED_FACE('',(#7649),#7683,.T.);
#7649 = FACE_BOUND('',#7650,.T.);
#7650 = EDGE_LOOP('',(#7651,#7661,#7669,#7677));
#7651 = ORIENTED_EDGE('',*,*,#7652,.T.);
#7652 = EDGE_CURVE('',#7653,#7655,#7657,.T.);
#7653 = VERTEX_POINT('',#7654);
#7654 = CARTESIAN_POINT('',(6.062,5.638,1.51));
#7655 = VERTEX_POINT('',#7656);
#7656 = CARTESIAN_POINT('',(6.062,5.638,1.55));
#7657 = LINE('',#7658,#7659);
#7658 = CARTESIAN_POINT('',(6.062,5.638,1.51));
#7659 = VECTOR('',#7660,1.);
#7660 = DIRECTION('',(0.,0.,1.));
#7661 = ORIENTED_EDGE('',*,*,#7662,.T.);
#7662 = EDGE_CURVE('',#7655,#7663,#7665,.T.);
#7663 = VERTEX_POINT('',#7664);
#7664 = CARTESIAN_POINT('',(6.062,6.738,1.55));
#7665 = LINE('',#7666,#7667);
#7666 = CARTESIAN_POINT('',(6.062,5.638,1.55));
#7667 = VECTOR('',#7668,1.);
#7668 = DIRECTION('',(0.,1.,0.));
#7669 = ORIENTED_EDGE('',*,*,#7670,.F.);
#7670 = EDGE_CURVE('',#7671,#7663,#7673,.T.);
#7671 = VERTEX_POINT('',#7672);
#7672 = CARTESIAN_POINT('',(6.062,6.738,1.51));
#7673 = LINE('',#7674,#7675);
#7674 = CARTESIAN_POINT('',(6.062,6.738,1.51));
#7675 = VECTOR('',#7676,1.);
#7676 = DIRECTION('',(0.,0.,1.));
#7677 = ORIENTED_EDGE('',*,*,#7678,.F.);
#7678 = EDGE_CURVE('',#7653,#7671,#7679,.T.);
#7679 = LINE('',#7680,#7681);
#7680 = CARTESIAN_POINT('',(6.062,5.638,1.51));
#7681 = VECTOR('',#7682,1.);
#7682 = DIRECTION('',(0.,1.,0.));
#7683 = PLANE('',#7684);
#7684 = AXIS2_PLACEMENT_3D('',#7685,#7686,#7687);
#7685 = CARTESIAN_POINT('',(6.062,5.638,1.51));
#7686 = DIRECTION('',(-1.,0.,0.));
#7687 = DIRECTION('',(0.,1.,0.));
#7688 = ADVANCED_FACE('',(#7689),#7714,.T.);
#7689 = FACE_BOUND('',#7690,.T.);
#7690 = EDGE_LOOP('',(#7691,#7692,#7700,#7708));
#7691 = ORIENTED_EDGE('',*,*,#7670,.T.);
#7692 = ORIENTED_EDGE('',*,*,#7693,.T.);
#7693 = EDGE_CURVE('',#7663,#7694,#7696,.T.);
#7694 = VERTEX_POINT('',#7695);
#7695 = CARTESIAN_POINT('',(6.862,6.738,1.55));
#7696 = LINE('',#7697,#7698);
#7697 = CARTESIAN_POINT('',(6.062,6.738,1.55));
#7698 = VECTOR('',#7699,1.);
#7699 = DIRECTION('',(1.,0.,0.));
#7700 = ORIENTED_EDGE('',*,*,#7701,.F.);
#7701 = EDGE_CURVE('',#7702,#7694,#7704,.T.);
#7702 = VERTEX_POINT('',#7703);
#7703 = CARTESIAN_POINT('',(6.862,6.738,1.51));
#7704 = LINE('',#7705,#7706);
#7705 = CARTESIAN_POINT('',(6.862,6.738,1.51));
#7706 = VECTOR('',#7707,1.);
#7707 = DIRECTION('',(0.,0.,1.));
#7708 = ORIENTED_EDGE('',*,*,#7709,.F.);
#7709 = EDGE_CURVE('',#7671,#7702,#7710,.T.);
#7710 = LINE('',#7711,#7712);
#7711 = CARTESIAN_POINT('',(6.062,6.738,1.51));
#7712 = VECTOR('',#7713,1.);
#7713 = DIRECTION('',(1.,0.,0.));
#7714 = PLANE('',#7715);
#7715 = AXIS2_PLACEMENT_3D('',#7716,#7717,#7718);
#7716 = CARTESIAN_POINT('',(6.062,6.738,1.51));
#7717 = DIRECTION('',(0.,1.,0.));
#7718 = DIRECTION('',(1.,0.,0.));
#7719 = ADVANCED_FACE('',(#7720),#7745,.T.);
#7720 = FACE_BOUND('',#7721,.T.);
#7721 = EDGE_LOOP('',(#7722,#7723,#7731,#7739));
#7722 = ORIENTED_EDGE('',*,*,#7701,.T.);
#7723 = ORIENTED_EDGE('',*,*,#7724,.T.);
#7724 = EDGE_CURVE('',#7694,#7725,#7727,.T.);
#7725 = VERTEX_POINT('',#7726);
#7726 = CARTESIAN_POINT('',(6.862,5.638,1.55));
#7727 = LINE('',#7728,#7729);
#7728 = CARTESIAN_POINT('',(6.862,6.738,1.55));
#7729 = VECTOR('',#7730,1.);
#7730 = DIRECTION('',(0.,-1.,0.));
#7731 = ORIENTED_EDGE('',*,*,#7732,.F.);
#7732 = EDGE_CURVE('',#7733,#7725,#7735,.T.);
#7733 = VERTEX_POINT('',#7734);
#7734 = CARTESIAN_POINT('',(6.862,5.638,1.51));
#7735 = LINE('',#7736,#7737);
#7736 = CARTESIAN_POINT('',(6.862,5.638,1.51));
#7737 = VECTOR('',#7738,1.);
#7738 = DIRECTION('',(0.,0.,1.));
#7739 = ORIENTED_EDGE('',*,*,#7740,.F.);
#7740 = EDGE_CURVE('',#7702,#7733,#7741,.T.);
#7741 = LINE('',#7742,#7743);
#7742 = CARTESIAN_POINT('',(6.862,6.738,1.51));
#7743 = VECTOR('',#7744,1.);
#7744 = DIRECTION('',(0.,-1.,0.));
#7745 = PLANE('',#7746);
#7746 = AXIS2_PLACEMENT_3D('',#7747,#7748,#7749);
#7747 = CARTESIAN_POINT('',(6.862,6.738,1.51));
#7748 = DIRECTION('',(1.,0.,-0.));
#7749 = DIRECTION('',(0.,-1.,0.));
#7750 = ADVANCED_FACE('',(#7751),#7767,.T.);
#7751 = FACE_BOUND('',#7752,.T.);
#7752 = EDGE_LOOP('',(#7753,#7754,#7760,#7761));
#7753 = ORIENTED_EDGE('',*,*,#7732,.T.);
#7754 = ORIENTED_EDGE('',*,*,#7755,.T.);
#7755 = EDGE_CURVE('',#7725,#7655,#7756,.T.);
#7756 = LINE('',#7757,#7758);
#7757 = CARTESIAN_POINT('',(6.862,5.638,1.55));
#7758 = VECTOR('',#7759,1.);
#7759 = DIRECTION('',(-1.,0.,0.));
#7760 = ORIENTED_EDGE('',*,*,#7652,.F.);
#7761 = ORIENTED_EDGE('',*,*,#7762,.F.);
#7762 = EDGE_CURVE('',#7733,#7653,#7763,.T.);
#7763 = LINE('',#7764,#7765);
#7764 = CARTESIAN_POINT('',(6.862,5.638,1.51));
#7765 = VECTOR('',#7766,1.);
#7766 = DIRECTION('',(-1.,0.,0.));
#7767 = PLANE('',#7768);
#7768 = AXIS2_PLACEMENT_3D('',#7769,#7770,#7771);
#7769 = CARTESIAN_POINT('',(6.862,5.638,1.51));
#7770 = DIRECTION('',(0.,-1.,0.));
#7771 = DIRECTION('',(-1.,0.,0.));
#7772 = ADVANCED_FACE('',(#7773),#7779,.F.);
#7773 = FACE_BOUND('',#7774,.T.);
#7774 = EDGE_LOOP('',(#7775,#7776,#7777,#7778));
#7775 = ORIENTED_EDGE('',*,*,#7678,.T.);
#7776 = ORIENTED_EDGE('',*,*,#7709,.T.);
#7777 = ORIENTED_EDGE('',*,*,#7740,.T.);
#7778 = ORIENTED_EDGE('',*,*,#7762,.T.);
#7779 = PLANE('',#7780);
#7780 = AXIS2_PLACEMENT_3D('',#7781,#7782,#7783);
#7781 = CARTESIAN_POINT('',(0.,0.,1.51));
#7782 = DIRECTION('',(0.,0.,1.));
#7783 = DIRECTION('',(1.,0.,-0.));
#7784 = ADVANCED_FACE('',(#7785),#7791,.T.);
#7785 = FACE_BOUND('',#7786,.F.);
#7786 = EDGE_LOOP('',(#7787,#7788,#7789,#7790));
#7787 = ORIENTED_EDGE('',*,*,#7662,.T.);
#7788 = ORIENTED_EDGE('',*,*,#7693,.T.);
#7789 = ORIENTED_EDGE('',*,*,#7724,.T.);
#7790 = ORIENTED_EDGE('',*,*,#7755,.T.);
#7791 = PLANE('',#7792);
#7792 = AXIS2_PLACEMENT_3D('',#7793,#7794,#7795);
#7793 = CARTESIAN_POINT('',(0.,0.,1.55));
#7794 = DIRECTION('',(0.,0.,1.));
#7795 = DIRECTION('',(1.,0.,-0.));
#7796 = MANIFOLD_SOLID_BREP('',#7797);
#7797 = CLOSED_SHELL('',(#7798,#7831,#7840));
#7798 = ADVANCED_FACE('',(#7799),#7826,.T.);
#7799 = FACE_BOUND('',#7800,.F.);
#7800 = EDGE_LOOP('',(#7801,#7811,#7818,#7819));
#7801 = ORIENTED_EDGE('',*,*,#7802,.T.);
#7802 = EDGE_CURVE('',#7803,#7805,#7807,.T.);
#7803 = VERTEX_POINT('',#7804);
#7804 = CARTESIAN_POINT('',(3.420999,1.016,1.51));
#7805 = VERTEX_POINT('',#7806);
#7806 = CARTESIAN_POINT('',(3.420999,1.016,1.55));
#7807 = LINE('',#7808,#7809);
#7808 = CARTESIAN_POINT('',(3.420999,1.016,1.51));
#7809 = VECTOR('',#7810,1.);
#7810 = DIRECTION('',(0.,0.,1.));
#7811 = ORIENTED_EDGE('',*,*,#7812,.T.);
#7812 = EDGE_CURVE('',#7805,#7805,#7813,.T.);
#7813 = CIRCLE('',#7814,0.499999);
#7814 = AXIS2_PLACEMENT_3D('',#7815,#7816,#7817);
#7815 = CARTESIAN_POINT('',(2.921,1.016,1.55));
#7816 = DIRECTION('',(0.,0.,1.));
#7817 = DIRECTION('',(1.,0.,-0.));
#7818 = ORIENTED_EDGE('',*,*,#7802,.F.);
#7819 = ORIENTED_EDGE('',*,*,#7820,.F.);
#7820 = EDGE_CURVE('',#7803,#7803,#7821,.T.);
#7821 = CIRCLE('',#7822,0.499999);
#7822 = AXIS2_PLACEMENT_3D('',#7823,#7824,#7825);
#7823 = CARTESIAN_POINT('',(2.921,1.016,1.51));
#7824 = DIRECTION('',(0.,0.,1.));
#7825 = DIRECTION('',(1.,0.,-0.));
#7826 = CYLINDRICAL_SURFACE('',#7827,0.499999);
#7827 = AXIS2_PLACEMENT_3D('',#7828,#7829,#7830);
#7828 = CARTESIAN_POINT('',(2.921,1.016,1.51));
#7829 = DIRECTION('',(-0.,-0.,-1.));
#7830 = DIRECTION('',(1.,0.,-0.));
#7831 = ADVANCED_FACE('',(#7832),#7835,.F.);
#7832 = FACE_BOUND('',#7833,.F.);
#7833 = EDGE_LOOP('',(#7834));
#7834 = ORIENTED_EDGE('',*,*,#7820,.T.);
#7835 = PLANE('',#7836);
#7836 = AXIS2_PLACEMENT_3D('',#7837,#7838,#7839);
#7837 = CARTESIAN_POINT('',(0.,0.,1.51));
#7838 = DIRECTION('',(0.,0.,1.));
#7839 = DIRECTION('',(1.,0.,-0.));
#7840 = ADVANCED_FACE('',(#7841),#7844,.T.);
#7841 = FACE_BOUND('',#7842,.T.);
#7842 = EDGE_LOOP('',(#7843));
#7843 = ORIENTED_EDGE('',*,*,#7812,.T.);
#7844 = PLANE('',#7845);
#7845 = AXIS2_PLACEMENT_3D('',#7846,#7847,#7848);
#7846 = CARTESIAN_POINT('',(0.,0.,1.55));
#7847 = DIRECTION('',(0.,0.,1.));
#7848 = DIRECTION('',(1.,0.,-0.));
#7849 = MANIFOLD_SOLID_BREP('',#7850);
#7850 = CLOSED_SHELL('',(#7851,#7884,#7893));
#7851 = ADVANCED_FACE('',(#7852),#7879,.T.);
#7852 = FACE_BOUND('',#7853,.F.);
#7853 = EDGE_LOOP('',(#7854,#7864,#7871,#7872));
#7854 = ORIENTED_EDGE('',*,*,#7855,.T.);
#7855 = EDGE_CURVE('',#7856,#7858,#7860,.T.);
#7856 = VERTEX_POINT('',#7857);
#7857 = CARTESIAN_POINT('',(9.770999,9.271,1.51));
#7858 = VERTEX_POINT('',#7859);
#7859 = CARTESIAN_POINT('',(9.770999,9.271,1.55));
#7860 = LINE('',#7861,#7862);
#7861 = CARTESIAN_POINT('',(9.770999,9.271,1.51));
#7862 = VECTOR('',#7863,1.);
#7863 = DIRECTION('',(0.,0.,1.));
#7864 = ORIENTED_EDGE('',*,*,#7865,.T.);
#7865 = EDGE_CURVE('',#7858,#7858,#7866,.T.);
#7866 = CIRCLE('',#7867,0.499999);
#7867 = AXIS2_PLACEMENT_3D('',#7868,#7869,#7870);
#7868 = CARTESIAN_POINT('',(9.271,9.271,1.55));
#7869 = DIRECTION('',(0.,0.,1.));
#7870 = DIRECTION('',(1.,0.,-0.));
#7871 = ORIENTED_EDGE('',*,*,#7855,.F.);
#7872 = ORIENTED_EDGE('',*,*,#7873,.F.);
#7873 = EDGE_CURVE('',#7856,#7856,#7874,.T.);
#7874 = CIRCLE('',#7875,0.499999);
#7875 = AXIS2_PLACEMENT_3D('',#7876,#7877,#7878);
#7876 = CARTESIAN_POINT('',(9.271,9.271,1.51));
#7877 = DIRECTION('',(0.,0.,1.));
#7878 = DIRECTION('',(1.,0.,-0.));
#7879 = CYLINDRICAL_SURFACE('',#7880,0.499999);
#7880 = AXIS2_PLACEMENT_3D('',#7881,#7882,#7883);
#7881 = CARTESIAN_POINT('',(9.271,9.271,1.51));
#7882 = DIRECTION('',(-0.,-0.,-1.));
#7883 = DIRECTION('',(1.,0.,-0.));
#7884 = ADVANCED_FACE('',(#7885),#7888,.F.);
#7885 = FACE_BOUND('',#7886,.F.);
#7886 = EDGE_LOOP('',(#7887));
#7887 = ORIENTED_EDGE('',*,*,#7873,.T.);
#7888 = PLANE('',#7889);
#7889 = AXIS2_PLACEMENT_3D('',#7890,#7891,#7892);
#7890 = CARTESIAN_POINT('',(0.,0.,1.51));
#7891 = DIRECTION('',(0.,0.,1.));
#7892 = DIRECTION('',(1.,0.,-0.));
#7893 = ADVANCED_FACE('',(#7894),#7897,.T.);
#7894 = FACE_BOUND('',#7895,.T.);
#7895 = EDGE_LOOP('',(#7896));
#7896 = ORIENTED_EDGE('',*,*,#7865,.T.);
#7897 = PLANE('',#7898);
#7898 = AXIS2_PLACEMENT_3D('',#7899,#7900,#7901);
#7899 = CARTESIAN_POINT('',(0.,0.,1.55));
#7900 = DIRECTION('',(0.,0.,1.));
#7901 = DIRECTION('',(1.,0.,-0.));
#7902 = MANIFOLD_SOLID_BREP('',#7903);
#7903 = CLOSED_SHELL('',(#7904,#7937,#7957,#7977));
#7904 = ADVANCED_FACE('',(#7905),#7932,.T.);
#7905 = FACE_BOUND('',#7906,.F.);
#7906 = EDGE_LOOP('',(#7907,#7917,#7924,#7925));
#7907 = ORIENTED_EDGE('',*,*,#7908,.T.);
#7908 = EDGE_CURVE('',#7909,#7911,#7913,.T.);
#7909 = VERTEX_POINT('',#7910);
#7910 = CARTESIAN_POINT('',(2.2098,5.08,1.51));
#7911 = VERTEX_POINT('',#7912);
#7912 = CARTESIAN_POINT('',(2.2098,5.08,1.55));
#7913 = LINE('',#7914,#7915);
#7914 = CARTESIAN_POINT('',(2.2098,5.08,1.51));
#7915 = VECTOR('',#7916,1.);
#7916 = DIRECTION('',(0.,0.,1.));
#7917 = ORIENTED_EDGE('',*,*,#7918,.T.);
#7918 = EDGE_CURVE('',#7911,#7911,#7919,.T.);
#7919 = CIRCLE('',#7920,0.9398);
#7920 = AXIS2_PLACEMENT_3D('',#7921,#7922,#7923);
#7921 = CARTESIAN_POINT('',(1.27,5.08,1.55));
#7922 = DIRECTION('',(0.,0.,1.));
#7923 = DIRECTION('',(1.,0.,-0.));
#7924 = ORIENTED_EDGE('',*,*,#7908,.F.);
#7925 = ORIENTED_EDGE('',*,*,#7926,.F.);
#7926 = EDGE_CURVE('',#7909,#7909,#7927,.T.);
#7927 = CIRCLE('',#7928,0.9398);
#7928 = AXIS2_PLACEMENT_3D('',#7929,#7930,#7931);
#7929 = CARTESIAN_POINT('',(1.27,5.08,1.51));
#7930 = DIRECTION('',(0.,0.,1.));
#7931 = DIRECTION('',(1.,0.,-0.));
#7932 = CYLINDRICAL_SURFACE('',#7933,0.9398);
#7933 = AXIS2_PLACEMENT_3D('',#7934,#7935,#7936);
#7934 = CARTESIAN_POINT('',(1.27,5.08,1.51));
#7935 = DIRECTION('',(-0.,-0.,-1.));
#7936 = DIRECTION('',(1.,0.,-0.));
#7937 = ADVANCED_FACE('',(#7938,#7941),#7952,.F.);
#7938 = FACE_BOUND('',#7939,.F.);
#7939 = EDGE_LOOP('',(#7940));
#7940 = ORIENTED_EDGE('',*,*,#7926,.T.);
#7941 = FACE_BOUND('',#7942,.F.);
#7942 = EDGE_LOOP('',(#7943));
#7943 = ORIENTED_EDGE('',*,*,#7944,.T.);
#7944 = EDGE_CURVE('',#7945,#7945,#7947,.T.);
#7945 = VERTEX_POINT('',#7946);
#7946 = CARTESIAN_POINT('',(1.27,4.597,1.51));
#7947 = CIRCLE('',#7948,0.483);
#7948 = AXIS2_PLACEMENT_3D('',#7949,#7950,#7951);
#7949 = CARTESIAN_POINT('',(1.27,5.08,1.51));
#7950 = DIRECTION('',(-0.,0.,-1.));
#7951 = DIRECTION('',(-0.,-1.,0.));
#7952 = PLANE('',#7953);
#7953 = AXIS2_PLACEMENT_3D('',#7954,#7955,#7956);
#7954 = CARTESIAN_POINT('',(0.,0.,1.51));
#7955 = DIRECTION('',(0.,0.,1.));
#7956 = DIRECTION('',(1.,0.,-0.));
#7957 = ADVANCED_FACE('',(#7958,#7961),#7972,.T.);
#7958 = FACE_BOUND('',#7959,.T.);
#7959 = EDGE_LOOP('',(#7960));
#7960 = ORIENTED_EDGE('',*,*,#7918,.T.);
#7961 = FACE_BOUND('',#7962,.T.);
#7962 = EDGE_LOOP('',(#7963));
#7963 = ORIENTED_EDGE('',*,*,#7964,.T.);
#7964 = EDGE_CURVE('',#7965,#7965,#7967,.T.);
#7965 = VERTEX_POINT('',#7966);
#7966 = CARTESIAN_POINT('',(1.27,4.597,1.55));
#7967 = CIRCLE('',#7968,0.483);
#7968 = AXIS2_PLACEMENT_3D('',#7969,#7970,#7971);
#7969 = CARTESIAN_POINT('',(1.27,5.08,1.55));
#7970 = DIRECTION('',(-0.,0.,-1.));
#7971 = DIRECTION('',(-0.,-1.,0.));
#7972 = PLANE('',#7973);
#7973 = AXIS2_PLACEMENT_3D('',#7974,#7975,#7976);
#7974 = CARTESIAN_POINT('',(0.,0.,1.55));
#7975 = DIRECTION('',(0.,0.,1.));
#7976 = DIRECTION('',(1.,0.,-0.));
#7977 = ADVANCED_FACE('',(#7978),#7989,.F.);
#7978 = FACE_BOUND('',#7979,.T.);
#7979 = EDGE_LOOP('',(#7980,#7981,#7987,#7988));
#7980 = ORIENTED_EDGE('',*,*,#7944,.T.);
#7981 = ORIENTED_EDGE('',*,*,#7982,.T.);
#7982 = EDGE_CURVE('',#7945,#7965,#7983,.T.);
#7983 = LINE('',#7984,#7985);
#7984 = CARTESIAN_POINT('',(1.27,4.597,-4.6E-02));
#7985 = VECTOR('',#7986,1.);
#7986 = DIRECTION('',(0.,0.,1.));
#7987 = ORIENTED_EDGE('',*,*,#7964,.F.);
#7988 = ORIENTED_EDGE('',*,*,#7982,.F.);
#7989 = CYLINDRICAL_SURFACE('',#7990,0.483);
#7990 = AXIS2_PLACEMENT_3D('',#7991,#7992,#7993);
#7991 = CARTESIAN_POINT('',(1.27,5.08,-4.6E-02));
#7992 = DIRECTION('',(-0.,-0.,-1.));
#7993 = DIRECTION('',(-0.,-1.,0.));
#7994 = MANIFOLD_SOLID_BREP('',#7995);
#7995 = CLOSED_SHELL('',(#7996,#8029,#8049,#8069));
#7996 = ADVANCED_FACE('',(#7997),#8024,.T.);
#7997 = FACE_BOUND('',#7998,.T.);
#7998 = EDGE_LOOP('',(#7999,#8009,#8016,#8017));
#7999 = ORIENTED_EDGE('',*,*,#8000,.T.);
#8000 = EDGE_CURVE('',#8001,#8003,#8005,.T.);
#8001 = VERTEX_POINT('',#8002);
#8002 = CARTESIAN_POINT('',(2.2098,5.08,0.));
#8003 = VERTEX_POINT('',#8004);
#8004 = CARTESIAN_POINT('',(2.2098,5.08,-4.E-02));
#8005 = LINE('',#8006,#8007);
#8006 = CARTESIAN_POINT('',(2.2098,5.08,0.));
#8007 = VECTOR('',#8008,1.);
#8008 = DIRECTION('',(0.,0.,-1.));
#8009 = ORIENTED_EDGE('',*,*,#8010,.T.);
#8010 = EDGE_CURVE('',#8003,#8003,#8011,.T.);
#8011 = CIRCLE('',#8012,0.9398);
#8012 = AXIS2_PLACEMENT_3D('',#8013,#8014,#8015);
#8013 = CARTESIAN_POINT('',(1.27,5.08,-4.E-02));
#8014 = DIRECTION('',(0.,0.,1.));
#8015 = DIRECTION('',(1.,0.,-0.));
#8016 = ORIENTED_EDGE('',*,*,#8000,.F.);
#8017 = ORIENTED_EDGE('',*,*,#8018,.F.);
#8018 = EDGE_CURVE('',#8001,#8001,#8019,.T.);
#8019 = CIRCLE('',#8020,0.9398);
#8020 = AXIS2_PLACEMENT_3D('',#8021,#8022,#8023);
#8021 = CARTESIAN_POINT('',(1.27,5.08,0.));
#8022 = DIRECTION('',(0.,0.,1.));
#8023 = DIRECTION('',(1.,0.,-0.));
#8024 = CYLINDRICAL_SURFACE('',#8025,0.9398);
#8025 = AXIS2_PLACEMENT_3D('',#8026,#8027,#8028);
#8026 = CARTESIAN_POINT('',(1.27,5.08,0.));
#8027 = DIRECTION('',(0.,0.,1.));
#8028 = DIRECTION('',(1.,0.,-0.));
#8029 = ADVANCED_FACE('',(#8030,#8033),#8044,.F.);
#8030 = FACE_BOUND('',#8031,.F.);
#8031 = EDGE_LOOP('',(#8032));
#8032 = ORIENTED_EDGE('',*,*,#8018,.F.);
#8033 = FACE_BOUND('',#8034,.F.);
#8034 = EDGE_LOOP('',(#8035));
#8035 = ORIENTED_EDGE('',*,*,#8036,.F.);
#8036 = EDGE_CURVE('',#8037,#8037,#8039,.T.);
#8037 = VERTEX_POINT('',#8038);
#8038 = CARTESIAN_POINT('',(1.27,4.597,0.));
#8039 = CIRCLE('',#8040,0.483);
#8040 = AXIS2_PLACEMENT_3D('',#8041,#8042,#8043);
#8041 = CARTESIAN_POINT('',(1.27,5.08,0.));
#8042 = DIRECTION('',(-0.,0.,-1.));
#8043 = DIRECTION('',(-0.,-1.,0.));
#8044 = PLANE('',#8045);
#8045 = AXIS2_PLACEMENT_3D('',#8046,#8047,#8048);
#8046 = CARTESIAN_POINT('',(0.,0.,0.));
#8047 = DIRECTION('',(-0.,-0.,-1.));
#8048 = DIRECTION('',(-1.,0.,0.));
#8049 = ADVANCED_FACE('',(#8050,#8053),#8064,.T.);
#8050 = FACE_BOUND('',#8051,.T.);
#8051 = EDGE_LOOP('',(#8052));
#8052 = ORIENTED_EDGE('',*,*,#8010,.F.);
#8053 = FACE_BOUND('',#8054,.T.);
#8054 = EDGE_LOOP('',(#8055));
#8055 = ORIENTED_EDGE('',*,*,#8056,.F.);
#8056 = EDGE_CURVE('',#8057,#8057,#8059,.T.);
#8057 = VERTEX_POINT('',#8058);
#8058 = CARTESIAN_POINT('',(1.27,4.597,-4.E-02));
#8059 = CIRCLE('',#8060,0.483);
#8060 = AXIS2_PLACEMENT_3D('',#8061,#8062,#8063);
#8061 = CARTESIAN_POINT('',(1.27,5.08,-4.E-02));
#8062 = DIRECTION('',(-0.,0.,-1.));
#8063 = DIRECTION('',(-0.,-1.,0.));
#8064 = PLANE('',#8065);
#8065 = AXIS2_PLACEMENT_3D('',#8066,#8067,#8068);
#8066 = CARTESIAN_POINT('',(0.,0.,-4.E-02));
#8067 = DIRECTION('',(-0.,-0.,-1.));
#8068 = DIRECTION('',(-1.,0.,0.));
#8069 = ADVANCED_FACE('',(#8070),#8081,.F.);
#8070 = FACE_BOUND('',#8071,.T.);
#8071 = EDGE_LOOP('',(#8072,#8073,#8079,#8080));
#8072 = ORIENTED_EDGE('',*,*,#8056,.T.);
#8073 = ORIENTED_EDGE('',*,*,#8074,.T.);
#8074 = EDGE_CURVE('',#8057,#8037,#8075,.T.);
#8075 = LINE('',#8076,#8077);
#8076 = CARTESIAN_POINT('',(1.27,4.597,-4.6E-02));
#8077 = VECTOR('',#8078,1.);
#8078 = DIRECTION('',(0.,0.,1.));
#8079 = ORIENTED_EDGE('',*,*,#8036,.F.);
#8080 = ORIENTED_EDGE('',*,*,#8074,.F.);
#8081 = CYLINDRICAL_SURFACE('',#8082,0.483);
#8082 = AXIS2_PLACEMENT_3D('',#8083,#8084,#8085);
#8083 = CARTESIAN_POINT('',(1.27,5.08,-4.6E-02));
#8084 = DIRECTION('',(-0.,-0.,-1.));
#8085 = DIRECTION('',(-0.,-1.,0.));
#8086 = MANIFOLD_SOLID_BREP('',#8087);
#8087 = CLOSED_SHELL('',(#8088,#8121,#8141,#8161));
#8088 = ADVANCED_FACE('',(#8089),#8116,.T.);
#8089 = FACE_BOUND('',#8090,.F.);
#8090 = EDGE_LOOP('',(#8091,#8101,#8108,#8109));
#8091 = ORIENTED_EDGE('',*,*,#8092,.T.);
#8092 = EDGE_CURVE('',#8093,#8095,#8097,.T.);
#8093 = VERTEX_POINT('',#8094);
#8094 = CARTESIAN_POINT('',(1.27,4.572,-4.E-02));
#8095 = VERTEX_POINT('',#8096);
#8096 = CARTESIAN_POINT('',(1.27,4.572,1.55));
#8097 = LINE('',#8098,#8099);
#8098 = CARTESIAN_POINT('',(1.27,4.572,-4.E-02));
#8099 = VECTOR('',#8100,1.);
#8100 = DIRECTION('',(0.,0.,1.));
#8101 = ORIENTED_EDGE('',*,*,#8102,.T.);
#8102 = EDGE_CURVE('',#8095,#8095,#8103,.T.);
#8103 = CIRCLE('',#8104,0.508);
#8104 = AXIS2_PLACEMENT_3D('',#8105,#8106,#8107);
#8105 = CARTESIAN_POINT('',(1.27,5.08,1.55));
#8106 = DIRECTION('',(0.,0.,1.));
#8107 = DIRECTION('',(-0.,-1.,0.));
#8108 = ORIENTED_EDGE('',*,*,#8092,.F.);
#8109 = ORIENTED_EDGE('',*,*,#8110,.F.);
#8110 = EDGE_CURVE('',#8093,#8093,#8111,.T.);
#8111 = CIRCLE('',#8112,0.508);
#8112 = AXIS2_PLACEMENT_3D('',#8113,#8114,#8115);
#8113 = CARTESIAN_POINT('',(1.27,5.08,-4.E-02));
#8114 = DIRECTION('',(0.,0.,1.));
#8115 = DIRECTION('',(-0.,-1.,0.));
#8116 = CYLINDRICAL_SURFACE('',#8117,0.508);
#8117 = AXIS2_PLACEMENT_3D('',#8118,#8119,#8120);
#8118 = CARTESIAN_POINT('',(1.27,5.08,-4.E-02));
#8119 = DIRECTION('',(-0.,-0.,-1.));
#8120 = DIRECTION('',(-0.,-1.,0.));
#8121 = ADVANCED_FACE('',(#8122,#8125),#8136,.F.);
#8122 = FACE_BOUND('',#8123,.F.);
#8123 = EDGE_LOOP('',(#8124));
#8124 = ORIENTED_EDGE('',*,*,#8110,.T.);
#8125 = FACE_BOUND('',#8126,.F.);
#8126 = EDGE_LOOP('',(#8127));
#8127 = ORIENTED_EDGE('',*,*,#8128,.T.);
#8128 = EDGE_CURVE('',#8129,#8129,#8131,.T.);
#8129 = VERTEX_POINT('',#8130);
#8130 = CARTESIAN_POINT('',(1.27,4.597,-4.E-02));
#8131 = CIRCLE('',#8132,0.483);
#8132 = AXIS2_PLACEMENT_3D('',#8133,#8134,#8135);
#8133 = CARTESIAN_POINT('',(1.27,5.08,-4.E-02));
#8134 = DIRECTION('',(-0.,0.,-1.));
#8135 = DIRECTION('',(-0.,-1.,0.));
#8136 = PLANE('',#8137);
#8137 = AXIS2_PLACEMENT_3D('',#8138,#8139,#8140);
#8138 = CARTESIAN_POINT('',(1.27,4.572,-4.E-02));
#8139 = DIRECTION('',(0.,0.,1.));
#8140 = DIRECTION('',(1.,0.,-0.));
#8141 = ADVANCED_FACE('',(#8142,#8145),#8156,.T.);
#8142 = FACE_BOUND('',#8143,.T.);
#8143 = EDGE_LOOP('',(#8144));
#8144 = ORIENTED_EDGE('',*,*,#8102,.T.);
#8145 = FACE_BOUND('',#8146,.T.);
#8146 = EDGE_LOOP('',(#8147));
#8147 = ORIENTED_EDGE('',*,*,#8148,.T.);
#8148 = EDGE_CURVE('',#8149,#8149,#8151,.T.);
#8149 = VERTEX_POINT('',#8150);
#8150 = CARTESIAN_POINT('',(1.27,4.597,1.55));
#8151 = CIRCLE('',#8152,0.483);
#8152 = AXIS2_PLACEMENT_3D('',#8153,#8154,#8155);
#8153 = CARTESIAN_POINT('',(1.27,5.08,1.55));
#8154 = DIRECTION('',(-0.,0.,-1.));
#8155 = DIRECTION('',(-0.,-1.,0.));
#8156 = PLANE('',#8157);
#8157 = AXIS2_PLACEMENT_3D('',#8158,#8159,#8160);
#8158 = CARTESIAN_POINT('',(1.27,4.572,1.55));
#8159 = DIRECTION('',(0.,0.,1.));
#8160 = DIRECTION('',(1.,0.,-0.));
#8161 = ADVANCED_FACE('',(#8162),#8173,.F.);
#8162 = FACE_BOUND('',#8163,.T.);
#8163 = EDGE_LOOP('',(#8164,#8165,#8171,#8172));
#8164 = ORIENTED_EDGE('',*,*,#8128,.T.);
#8165 = ORIENTED_EDGE('',*,*,#8166,.T.);
#8166 = EDGE_CURVE('',#8129,#8149,#8167,.T.);
#8167 = LINE('',#8168,#8169);
#8168 = CARTESIAN_POINT('',(1.27,4.597,-4.6E-02));
#8169 = VECTOR('',#8170,1.);
#8170 = DIRECTION('',(0.,0.,1.));
#8171 = ORIENTED_EDGE('',*,*,#8148,.F.);
#8172 = ORIENTED_EDGE('',*,*,#8166,.F.);
#8173 = CYLINDRICAL_SURFACE('',#8174,0.483);
#8174 = AXIS2_PLACEMENT_3D('',#8175,#8176,#8177);
#8175 = CARTESIAN_POINT('',(1.27,5.08,-4.6E-02));
#8176 = DIRECTION('',(-0.,-0.,-1.));
#8177 = DIRECTION('',(-0.,-1.,0.));
#8178 = MANIFOLD_SOLID_BREP('',#8179);
#8179 = CLOSED_SHELL('',(#8180,#8220,#8251,#8282,#8304,#8316));
#8180 = ADVANCED_FACE('',(#8181),#8215,.T.);
#8181 = FACE_BOUND('',#8182,.T.);
#8182 = EDGE_LOOP('',(#8183,#8193,#8201,#8209));
#8183 = ORIENTED_EDGE('',*,*,#8184,.T.);
#8184 = EDGE_CURVE('',#8185,#8187,#8189,.T.);
#8185 = VERTEX_POINT('',#8186);
#8186 = CARTESIAN_POINT('',(6.112,7.932,1.51));
#8187 = VERTEX_POINT('',#8188);
#8188 = CARTESIAN_POINT('',(6.112,7.932,1.55));
#8189 = LINE('',#8190,#8191);
#8190 = CARTESIAN_POINT('',(6.112,7.932,1.51));
#8191 = VECTOR('',#8192,1.);
#8192 = DIRECTION('',(0.,0.,1.));
#8193 = ORIENTED_EDGE('',*,*,#8194,.T.);
#8194 = EDGE_CURVE('',#8187,#8195,#8197,.T.);
#8195 = VERTEX_POINT('',#8196);
#8196 = CARTESIAN_POINT('',(6.112,8.832,1.55));
#8197 = LINE('',#8198,#8199);
#8198 = CARTESIAN_POINT('',(6.112,7.932,1.55));
#8199 = VECTOR('',#8200,1.);
#8200 = DIRECTION('',(0.,1.,0.));
#8201 = ORIENTED_EDGE('',*,*,#8202,.F.);
#8202 = EDGE_CURVE('',#8203,#8195,#8205,.T.);
#8203 = VERTEX_POINT('',#8204);
#8204 = CARTESIAN_POINT('',(6.112,8.832,1.51));
#8205 = LINE('',#8206,#8207);
#8206 = CARTESIAN_POINT('',(6.112,8.832,1.51));
#8207 = VECTOR('',#8208,1.);
#8208 = DIRECTION('',(0.,0.,1.));
#8209 = ORIENTED_EDGE('',*,*,#8210,.F.);
#8210 = EDGE_CURVE('',#8185,#8203,#8211,.T.);
#8211 = LINE('',#8212,#8213);
#8212 = CARTESIAN_POINT('',(6.112,7.932,1.51));
#8213 = VECTOR('',#8214,1.);
#8214 = DIRECTION('',(0.,1.,0.));
#8215 = PLANE('',#8216);
#8216 = AXIS2_PLACEMENT_3D('',#8217,#8218,#8219);
#8217 = CARTESIAN_POINT('',(6.112,7.932,1.51));
#8218 = DIRECTION('',(-1.,0.,0.));
#8219 = DIRECTION('',(0.,1.,0.));
#8220 = ADVANCED_FACE('',(#8221),#8246,.T.);
#8221 = FACE_BOUND('',#8222,.T.);
#8222 = EDGE_LOOP('',(#8223,#8224,#8232,#8240));
#8223 = ORIENTED_EDGE('',*,*,#8202,.T.);
#8224 = ORIENTED_EDGE('',*,*,#8225,.T.);
#8225 = EDGE_CURVE('',#8195,#8226,#8228,.T.);
#8226 = VERTEX_POINT('',#8227);
#8227 = CARTESIAN_POINT('',(6.812,8.832,1.55));
#8228 = LINE('',#8229,#8230);
#8229 = CARTESIAN_POINT('',(6.112,8.832,1.55));
#8230 = VECTOR('',#8231,1.);
#8231 = DIRECTION('',(1.,0.,0.));
#8232 = ORIENTED_EDGE('',*,*,#8233,.F.);
#8233 = EDGE_CURVE('',#8234,#8226,#8236,.T.);
#8234 = VERTEX_POINT('',#8235);
#8235 = CARTESIAN_POINT('',(6.812,8.832,1.51));
#8236 = LINE('',#8237,#8238);
#8237 = CARTESIAN_POINT('',(6.812,8.832,1.51));
#8238 = VECTOR('',#8239,1.);
#8239 = DIRECTION('',(0.,0.,1.));
#8240 = ORIENTED_EDGE('',*,*,#8241,.F.);
#8241 = EDGE_CURVE('',#8203,#8234,#8242,.T.);
#8242 = LINE('',#8243,#8244);
#8243 = CARTESIAN_POINT('',(6.112,8.832,1.51));
#8244 = VECTOR('',#8245,1.);
#8245 = DIRECTION('',(1.,0.,0.));
#8246 = PLANE('',#8247);
#8247 = AXIS2_PLACEMENT_3D('',#8248,#8249,#8250);
#8248 = CARTESIAN_POINT('',(6.112,8.832,1.51));
#8249 = DIRECTION('',(0.,1.,0.));
#8250 = DIRECTION('',(1.,0.,0.));
#8251 = ADVANCED_FACE('',(#8252),#8277,.T.);
#8252 = FACE_BOUND('',#8253,.T.);
#8253 = EDGE_LOOP('',(#8254,#8255,#8263,#8271));
#8254 = ORIENTED_EDGE('',*,*,#8233,.T.);
#8255 = ORIENTED_EDGE('',*,*,#8256,.T.);
#8256 = EDGE_CURVE('',#8226,#8257,#8259,.T.);
#8257 = VERTEX_POINT('',#8258);
#8258 = CARTESIAN_POINT('',(6.812,7.932,1.55));
#8259 = LINE('',#8260,#8261);
#8260 = CARTESIAN_POINT('',(6.812,8.832,1.55));
#8261 = VECTOR('',#8262,1.);
#8262 = DIRECTION('',(0.,-1.,0.));
#8263 = ORIENTED_EDGE('',*,*,#8264,.F.);
#8264 = EDGE_CURVE('',#8265,#8257,#8267,.T.);
#8265 = VERTEX_POINT('',#8266);
#8266 = CARTESIAN_POINT('',(6.812,7.932,1.51));
#8267 = LINE('',#8268,#8269);
#8268 = CARTESIAN_POINT('',(6.812,7.932,1.51));
#8269 = VECTOR('',#8270,1.);
#8270 = DIRECTION('',(0.,0.,1.));
#8271 = ORIENTED_EDGE('',*,*,#8272,.F.);
#8272 = EDGE_CURVE('',#8234,#8265,#8273,.T.);
#8273 = LINE('',#8274,#8275);
#8274 = CARTESIAN_POINT('',(6.812,8.832,1.51));
#8275 = VECTOR('',#8276,1.);
#8276 = DIRECTION('',(0.,-1.,0.));
#8277 = PLANE('',#8278);
#8278 = AXIS2_PLACEMENT_3D('',#8279,#8280,#8281);
#8279 = CARTESIAN_POINT('',(6.812,8.832,1.51));
#8280 = DIRECTION('',(1.,0.,-0.));
#8281 = DIRECTION('',(0.,-1.,0.));
#8282 = ADVANCED_FACE('',(#8283),#8299,.T.);
#8283 = FACE_BOUND('',#8284,.T.);
#8284 = EDGE_LOOP('',(#8285,#8286,#8292,#8293));
#8285 = ORIENTED_EDGE('',*,*,#8264,.T.);
#8286 = ORIENTED_EDGE('',*,*,#8287,.T.);
#8287 = EDGE_CURVE('',#8257,#8187,#8288,.T.);
#8288 = LINE('',#8289,#8290);
#8289 = CARTESIAN_POINT('',(6.812,7.932,1.55));
#8290 = VECTOR('',#8291,1.);
#8291 = DIRECTION('',(-1.,0.,0.));
#8292 = ORIENTED_EDGE('',*,*,#8184,.F.);
#8293 = ORIENTED_EDGE('',*,*,#8294,.F.);
#8294 = EDGE_CURVE('',#8265,#8185,#8295,.T.);
#8295 = LINE('',#8296,#8297);
#8296 = CARTESIAN_POINT('',(6.812,7.932,1.51));
#8297 = VECTOR('',#8298,1.);
#8298 = DIRECTION('',(-1.,0.,0.));
#8299 = PLANE('',#8300);
#8300 = AXIS2_PLACEMENT_3D('',#8301,#8302,#8303);
#8301 = CARTESIAN_POINT('',(6.812,7.932,1.51));
#8302 = DIRECTION('',(0.,-1.,0.));
#8303 = DIRECTION('',(-1.,0.,0.));
#8304 = ADVANCED_FACE('',(#8305),#8311,.F.);
#8305 = FACE_BOUND('',#8306,.T.);
#8306 = EDGE_LOOP('',(#8307,#8308,#8309,#8310));
#8307 = ORIENTED_EDGE('',*,*,#8210,.T.);
#8308 = ORIENTED_EDGE('',*,*,#8241,.T.);
#8309 = ORIENTED_EDGE('',*,*,#8272,.T.);
#8310 = ORIENTED_EDGE('',*,*,#8294,.T.);
#8311 = PLANE('',#8312);
#8312 = AXIS2_PLACEMENT_3D('',#8313,#8314,#8315);
#8313 = CARTESIAN_POINT('',(0.,0.,1.51));
#8314 = DIRECTION('',(0.,0.,1.));
#8315 = DIRECTION('',(1.,0.,-0.));
#8316 = ADVANCED_FACE('',(#8317),#8323,.T.);
#8317 = FACE_BOUND('',#8318,.F.);
#8318 = EDGE_LOOP('',(#8319,#8320,#8321,#8322));
#8319 = ORIENTED_EDGE('',*,*,#8194,.T.);
#8320 = ORIENTED_EDGE('',*,*,#8225,.T.);
#8321 = ORIENTED_EDGE('',*,*,#8256,.T.);
#8322 = ORIENTED_EDGE('',*,*,#8287,.T.);
#8323 = PLANE('',#8324);
#8324 = AXIS2_PLACEMENT_3D('',#8325,#8326,#8327);
#8325 = CARTESIAN_POINT('',(0.,0.,1.55));
#8326 = DIRECTION('',(0.,0.,1.));
#8327 = DIRECTION('',(1.,0.,-0.));
#8328 = MANIFOLD_SOLID_BREP('',#8329);
#8329 = CLOSED_SHELL('',(#8330,#8363,#8383,#8403));
#8330 = ADVANCED_FACE('',(#8331),#8358,.T.);
#8331 = FACE_BOUND('',#8332,.F.);
#8332 = EDGE_LOOP('',(#8333,#8343,#8350,#8351));
#8333 = ORIENTED_EDGE('',*,*,#8334,.T.);
#8334 = EDGE_CURVE('',#8335,#8337,#8339,.T.);
#8335 = VERTEX_POINT('',#8336);
#8336 = CARTESIAN_POINT('',(2.2098,7.62,1.51));
#8337 = VERTEX_POINT('',#8338);
#8338 = CARTESIAN_POINT('',(2.2098,7.62,1.55));
#8339 = LINE('',#8340,#8341);
#8340 = CARTESIAN_POINT('',(2.2098,7.62,1.51));
#8341 = VECTOR('',#8342,1.);
#8342 = DIRECTION('',(0.,0.,1.));
#8343 = ORIENTED_EDGE('',*,*,#8344,.T.);
#8344 = EDGE_CURVE('',#8337,#8337,#8345,.T.);
#8345 = CIRCLE('',#8346,0.9398);
#8346 = AXIS2_PLACEMENT_3D('',#8347,#8348,#8349);
#8347 = CARTESIAN_POINT('',(1.27,7.62,1.55));
#8348 = DIRECTION('',(0.,0.,1.));
#8349 = DIRECTION('',(1.,0.,-0.));
#8350 = ORIENTED_EDGE('',*,*,#8334,.F.);
#8351 = ORIENTED_EDGE('',*,*,#8352,.F.);
#8352 = EDGE_CURVE('',#8335,#8335,#8353,.T.);
#8353 = CIRCLE('',#8354,0.9398);
#8354 = AXIS2_PLACEMENT_3D('',#8355,#8356,#8357);
#8355 = CARTESIAN_POINT('',(1.27,7.62,1.51));
#8356 = DIRECTION('',(0.,0.,1.));
#8357 = DIRECTION('',(1.,0.,-0.));
#8358 = CYLINDRICAL_SURFACE('',#8359,0.9398);
#8359 = AXIS2_PLACEMENT_3D('',#8360,#8361,#8362);
#8360 = CARTESIAN_POINT('',(1.27,7.62,1.51));
#8361 = DIRECTION('',(-0.,-0.,-1.));
#8362 = DIRECTION('',(1.,0.,-0.));
#8363 = ADVANCED_FACE('',(#8364,#8367),#8378,.F.);
#8364 = FACE_BOUND('',#8365,.F.);
#8365 = EDGE_LOOP('',(#8366));
#8366 = ORIENTED_EDGE('',*,*,#8352,.T.);
#8367 = FACE_BOUND('',#8368,.F.);
#8368 = EDGE_LOOP('',(#8369));
#8369 = ORIENTED_EDGE('',*,*,#8370,.T.);
#8370 = EDGE_CURVE('',#8371,#8371,#8373,.T.);
#8371 = VERTEX_POINT('',#8372);
#8372 = CARTESIAN_POINT('',(1.27,7.137,1.51));
#8373 = CIRCLE('',#8374,0.483);
#8374 = AXIS2_PLACEMENT_3D('',#8375,#8376,#8377);
#8375 = CARTESIAN_POINT('',(1.27,7.62,1.51));
#8376 = DIRECTION('',(-0.,0.,-1.));
#8377 = DIRECTION('',(-0.,-1.,0.));
#8378 = PLANE('',#8379);
#8379 = AXIS2_PLACEMENT_3D('',#8380,#8381,#8382);
#8380 = CARTESIAN_POINT('',(0.,0.,1.51));
#8381 = DIRECTION('',(0.,0.,1.));
#8382 = DIRECTION('',(1.,0.,-0.));
#8383 = ADVANCED_FACE('',(#8384,#8387),#8398,.T.);
#8384 = FACE_BOUND('',#8385,.T.);
#8385 = EDGE_LOOP('',(#8386));
#8386 = ORIENTED_EDGE('',*,*,#8344,.T.);
#8387 = FACE_BOUND('',#8388,.T.);
#8388 = EDGE_LOOP('',(#8389));
#8389 = ORIENTED_EDGE('',*,*,#8390,.T.);
#8390 = EDGE_CURVE('',#8391,#8391,#8393,.T.);
#8391 = VERTEX_POINT('',#8392);
#8392 = CARTESIAN_POINT('',(1.27,7.137,1.55));
#8393 = CIRCLE('',#8394,0.483);
#8394 = AXIS2_PLACEMENT_3D('',#8395,#8396,#8397);
#8395 = CARTESIAN_POINT('',(1.27,7.62,1.55));
#8396 = DIRECTION('',(-0.,0.,-1.));
#8397 = DIRECTION('',(-0.,-1.,0.));
#8398 = PLANE('',#8399);
#8399 = AXIS2_PLACEMENT_3D('',#8400,#8401,#8402);
#8400 = CARTESIAN_POINT('',(0.,0.,1.55));
#8401 = DIRECTION('',(0.,0.,1.));
#8402 = DIRECTION('',(1.,0.,-0.));
#8403 = ADVANCED_FACE('',(#8404),#8415,.F.);
#8404 = FACE_BOUND('',#8405,.T.);
#8405 = EDGE_LOOP('',(#8406,#8407,#8413,#8414));
#8406 = ORIENTED_EDGE('',*,*,#8370,.T.);
#8407 = ORIENTED_EDGE('',*,*,#8408,.T.);
#8408 = EDGE_CURVE('',#8371,#8391,#8409,.T.);
#8409 = LINE('',#8410,#8411);
#8410 = CARTESIAN_POINT('',(1.27,7.137,-4.6E-02));
#8411 = VECTOR('',#8412,1.);
#8412 = DIRECTION('',(0.,0.,1.));
#8413 = ORIENTED_EDGE('',*,*,#8390,.F.);
#8414 = ORIENTED_EDGE('',*,*,#8408,.F.);
#8415 = CYLINDRICAL_SURFACE('',#8416,0.483);
#8416 = AXIS2_PLACEMENT_3D('',#8417,#8418,#8419);
#8417 = CARTESIAN_POINT('',(1.27,7.62,-4.6E-02));
#8418 = DIRECTION('',(-0.,-0.,-1.));
#8419 = DIRECTION('',(-0.,-1.,0.));
#8420 = MANIFOLD_SOLID_BREP('',#8421);
#8421 = CLOSED_SHELL('',(#8422,#8455,#8475,#8495));
#8422 = ADVANCED_FACE('',(#8423),#8450,.T.);
#8423 = FACE_BOUND('',#8424,.T.);
#8424 = EDGE_LOOP('',(#8425,#8435,#8442,#8443));
#8425 = ORIENTED_EDGE('',*,*,#8426,.T.);
#8426 = EDGE_CURVE('',#8427,#8429,#8431,.T.);
#8427 = VERTEX_POINT('',#8428);
#8428 = CARTESIAN_POINT('',(2.2098,7.62,0.));
#8429 = VERTEX_POINT('',#8430);
#8430 = CARTESIAN_POINT('',(2.2098,7.62,-4.E-02));
#8431 = LINE('',#8432,#8433);
#8432 = CARTESIAN_POINT('',(2.2098,7.62,0.));
#8433 = VECTOR('',#8434,1.);
#8434 = DIRECTION('',(0.,0.,-1.));
#8435 = ORIENTED_EDGE('',*,*,#8436,.T.);
#8436 = EDGE_CURVE('',#8429,#8429,#8437,.T.);
#8437 = CIRCLE('',#8438,0.9398);
#8438 = AXIS2_PLACEMENT_3D('',#8439,#8440,#8441);
#8439 = CARTESIAN_POINT('',(1.27,7.62,-4.E-02));
#8440 = DIRECTION('',(0.,0.,1.));
#8441 = DIRECTION('',(1.,0.,-0.));
#8442 = ORIENTED_EDGE('',*,*,#8426,.F.);
#8443 = ORIENTED_EDGE('',*,*,#8444,.F.);
#8444 = EDGE_CURVE('',#8427,#8427,#8445,.T.);
#8445 = CIRCLE('',#8446,0.9398);
#8446 = AXIS2_PLACEMENT_3D('',#8447,#8448,#8449);
#8447 = CARTESIAN_POINT('',(1.27,7.62,0.));
#8448 = DIRECTION('',(0.,0.,1.));
#8449 = DIRECTION('',(1.,0.,-0.));
#8450 = CYLINDRICAL_SURFACE('',#8451,0.9398);
#8451 = AXIS2_PLACEMENT_3D('',#8452,#8453,#8454);
#8452 = CARTESIAN_POINT('',(1.27,7.62,0.));
#8453 = DIRECTION('',(0.,0.,1.));
#8454 = DIRECTION('',(1.,0.,-0.));
#8455 = ADVANCED_FACE('',(#8456,#8459),#8470,.F.);
#8456 = FACE_BOUND('',#8457,.F.);
#8457 = EDGE_LOOP('',(#8458));
#8458 = ORIENTED_EDGE('',*,*,#8444,.F.);
#8459 = FACE_BOUND('',#8460,.F.);
#8460 = EDGE_LOOP('',(#8461));
#8461 = ORIENTED_EDGE('',*,*,#8462,.F.);
#8462 = EDGE_CURVE('',#8463,#8463,#8465,.T.);
#8463 = VERTEX_POINT('',#8464);
#8464 = CARTESIAN_POINT('',(1.27,7.137,0.));
#8465 = CIRCLE('',#8466,0.483);
#8466 = AXIS2_PLACEMENT_3D('',#8467,#8468,#8469);
#8467 = CARTESIAN_POINT('',(1.27,7.62,0.));
#8468 = DIRECTION('',(-0.,0.,-1.));
#8469 = DIRECTION('',(-0.,-1.,0.));
#8470 = PLANE('',#8471);
#8471 = AXIS2_PLACEMENT_3D('',#8472,#8473,#8474);
#8472 = CARTESIAN_POINT('',(0.,0.,0.));
#8473 = DIRECTION('',(-0.,-0.,-1.));
#8474 = DIRECTION('',(-1.,0.,0.));
#8475 = ADVANCED_FACE('',(#8476,#8479),#8490,.T.);
#8476 = FACE_BOUND('',#8477,.T.);
#8477 = EDGE_LOOP('',(#8478));
#8478 = ORIENTED_EDGE('',*,*,#8436,.F.);
#8479 = FACE_BOUND('',#8480,.T.);
#8480 = EDGE_LOOP('',(#8481));
#8481 = ORIENTED_EDGE('',*,*,#8482,.F.);
#8482 = EDGE_CURVE('',#8483,#8483,#8485,.T.);
#8483 = VERTEX_POINT('',#8484);
#8484 = CARTESIAN_POINT('',(1.27,7.137,-4.E-02));
#8485 = CIRCLE('',#8486,0.483);
#8486 = AXIS2_PLACEMENT_3D('',#8487,#8488,#8489);
#8487 = CARTESIAN_POINT('',(1.27,7.62,-4.E-02));
#8488 = DIRECTION('',(-0.,0.,-1.));
#8489 = DIRECTION('',(-0.,-1.,0.));
#8490 = PLANE('',#8491);
#8491 = AXIS2_PLACEMENT_3D('',#8492,#8493,#8494);
#8492 = CARTESIAN_POINT('',(0.,0.,-4.E-02));
#8493 = DIRECTION('',(-0.,-0.,-1.));
#8494 = DIRECTION('',(-1.,0.,0.));
#8495 = ADVANCED_FACE('',(#8496),#8507,.F.);
#8496 = FACE_BOUND('',#8497,.T.);
#8497 = EDGE_LOOP('',(#8498,#8499,#8505,#8506));
#8498 = ORIENTED_EDGE('',*,*,#8482,.T.);
#8499 = ORIENTED_EDGE('',*,*,#8500,.T.);
#8500 = EDGE_CURVE('',#8483,#8463,#8501,.T.);
#8501 = LINE('',#8502,#8503);
#8502 = CARTESIAN_POINT('',(1.27,7.137,-4.6E-02));
#8503 = VECTOR('',#8504,1.);
#8504 = DIRECTION('',(0.,0.,1.));
#8505 = ORIENTED_EDGE('',*,*,#8462,.F.);
#8506 = ORIENTED_EDGE('',*,*,#8500,.F.);
#8507 = CYLINDRICAL_SURFACE('',#8508,0.483);
#8508 = AXIS2_PLACEMENT_3D('',#8509,#8510,#8511);
#8509 = CARTESIAN_POINT('',(1.27,7.62,-4.6E-02));
#8510 = DIRECTION('',(-0.,-0.,-1.));
#8511 = DIRECTION('',(-0.,-1.,0.));
#8512 = MANIFOLD_SOLID_BREP('',#8513);
#8513 = CLOSED_SHELL('',(#8514,#8547,#8567,#8587));
#8514 = ADVANCED_FACE('',(#8515),#8542,.T.);
#8515 = FACE_BOUND('',#8516,.F.);
#8516 = EDGE_LOOP('',(#8517,#8527,#8534,#8535));
#8517 = ORIENTED_EDGE('',*,*,#8518,.T.);
#8518 = EDGE_CURVE('',#8519,#8521,#8523,.T.);
#8519 = VERTEX_POINT('',#8520);
#8520 = CARTESIAN_POINT('',(1.27,7.112,-4.E-02));
#8521 = VERTEX_POINT('',#8522);
#8522 = CARTESIAN_POINT('',(1.27,7.112,1.55));
#8523 = LINE('',#8524,#8525);
#8524 = CARTESIAN_POINT('',(1.27,7.112,-4.E-02));
#8525 = VECTOR('',#8526,1.);
#8526 = DIRECTION('',(0.,0.,1.));
#8527 = ORIENTED_EDGE('',*,*,#8528,.T.);
#8528 = EDGE_CURVE('',#8521,#8521,#8529,.T.);
#8529 = CIRCLE('',#8530,0.508);
#8530 = AXIS2_PLACEMENT_3D('',#8531,#8532,#8533);
#8531 = CARTESIAN_POINT('',(1.27,7.62,1.55));
#8532 = DIRECTION('',(0.,0.,1.));
#8533 = DIRECTION('',(-0.,-1.,0.));
#8534 = ORIENTED_EDGE('',*,*,#8518,.F.);
#8535 = ORIENTED_EDGE('',*,*,#8536,.F.);
#8536 = EDGE_CURVE('',#8519,#8519,#8537,.T.);
#8537 = CIRCLE('',#8538,0.508);
#8538 = AXIS2_PLACEMENT_3D('',#8539,#8540,#8541);
#8539 = CARTESIAN_POINT('',(1.27,7.62,-4.E-02));
#8540 = DIRECTION('',(0.,0.,1.));
#8541 = DIRECTION('',(-0.,-1.,0.));
#8542 = CYLINDRICAL_SURFACE('',#8543,0.508);
#8543 = AXIS2_PLACEMENT_3D('',#8544,#8545,#8546);
#8544 = CARTESIAN_POINT('',(1.27,7.62,-4.E-02));
#8545 = DIRECTION('',(-0.,-0.,-1.));
#8546 = DIRECTION('',(-0.,-1.,0.));
#8547 = ADVANCED_FACE('',(#8548,#8551),#8562,.F.);
#8548 = FACE_BOUND('',#8549,.F.);
#8549 = EDGE_LOOP('',(#8550));
#8550 = ORIENTED_EDGE('',*,*,#8536,.T.);
#8551 = FACE_BOUND('',#8552,.F.);
#8552 = EDGE_LOOP('',(#8553));
#8553 = ORIENTED_EDGE('',*,*,#8554,.T.);
#8554 = EDGE_CURVE('',#8555,#8555,#8557,.T.);
#8555 = VERTEX_POINT('',#8556);
#8556 = CARTESIAN_POINT('',(1.27,7.137,-4.E-02));
#8557 = CIRCLE('',#8558,0.483);
#8558 = AXIS2_PLACEMENT_3D('',#8559,#8560,#8561);
#8559 = CARTESIAN_POINT('',(1.27,7.62,-4.E-02));
#8560 = DIRECTION('',(-0.,0.,-1.));
#8561 = DIRECTION('',(-0.,-1.,0.));
#8562 = PLANE('',#8563);
#8563 = AXIS2_PLACEMENT_3D('',#8564,#8565,#8566);
#8564 = CARTESIAN_POINT('',(1.27,7.112,-4.E-02));
#8565 = DIRECTION('',(0.,0.,1.));
#8566 = DIRECTION('',(1.,0.,-0.));
#8567 = ADVANCED_FACE('',(#8568,#8571),#8582,.T.);
#8568 = FACE_BOUND('',#8569,.T.);
#8569 = EDGE_LOOP('',(#8570));
#8570 = ORIENTED_EDGE('',*,*,#8528,.T.);
#8571 = FACE_BOUND('',#8572,.T.);
#8572 = EDGE_LOOP('',(#8573));
#8573 = ORIENTED_EDGE('',*,*,#8574,.T.);
#8574 = EDGE_CURVE('',#8575,#8575,#8577,.T.);
#8575 = VERTEX_POINT('',#8576);
#8576 = CARTESIAN_POINT('',(1.27,7.137,1.55));
#8577 = CIRCLE('',#8578,0.483);
#8578 = AXIS2_PLACEMENT_3D('',#8579,#8580,#8581);
#8579 = CARTESIAN_POINT('',(1.27,7.62,1.55));
#8580 = DIRECTION('',(-0.,0.,-1.));
#8581 = DIRECTION('',(-0.,-1.,0.));
#8582 = PLANE('',#8583);
#8583 = AXIS2_PLACEMENT_3D('',#8584,#8585,#8586);
#8584 = CARTESIAN_POINT('',(1.27,7.112,1.55));
#8585 = DIRECTION('',(0.,0.,1.));
#8586 = DIRECTION('',(1.,0.,-0.));
#8587 = ADVANCED_FACE('',(#8588),#8599,.F.);
#8588 = FACE_BOUND('',#8589,.T.);
#8589 = EDGE_LOOP('',(#8590,#8591,#8597,#8598));
#8590 = ORIENTED_EDGE('',*,*,#8554,.T.);
#8591 = ORIENTED_EDGE('',*,*,#8592,.T.);
#8592 = EDGE_CURVE('',#8555,#8575,#8593,.T.);
#8593 = LINE('',#8594,#8595);
#8594 = CARTESIAN_POINT('',(1.27,7.137,-4.6E-02));
#8595 = VECTOR('',#8596,1.);
#8596 = DIRECTION('',(0.,0.,1.));
#8597 = ORIENTED_EDGE('',*,*,#8574,.F.);
#8598 = ORIENTED_EDGE('',*,*,#8592,.F.);
#8599 = CYLINDRICAL_SURFACE('',#8600,0.483);
#8600 = AXIS2_PLACEMENT_3D('',#8601,#8602,#8603);
#8601 = CARTESIAN_POINT('',(1.27,7.62,-4.6E-02));
#8602 = DIRECTION('',(-0.,-0.,-1.));
#8603 = DIRECTION('',(-0.,-1.,0.));
#8604 = MANIFOLD_SOLID_BREP('',#8605);
#8605 = CLOSED_SHELL('',(#8606,#8646,#8677,#8708,#8730,#8742));
#8606 = ADVANCED_FACE('',(#8607),#8641,.T.);
#8607 = FACE_BOUND('',#8608,.T.);
#8608 = EDGE_LOOP('',(#8609,#8619,#8627,#8635));
#8609 = ORIENTED_EDGE('',*,*,#8610,.T.);
#8610 = EDGE_CURVE('',#8611,#8613,#8615,.T.);
#8611 = VERTEX_POINT('',#8612);
#8612 = CARTESIAN_POINT('',(7.362,5.638,1.51));
#8613 = VERTEX_POINT('',#8614);
#8614 = CARTESIAN_POINT('',(7.362,5.638,1.55));
#8615 = LINE('',#8616,#8617);
#8616 = CARTESIAN_POINT('',(7.362,5.638,1.51));
#8617 = VECTOR('',#8618,1.);
#8618 = DIRECTION('',(0.,0.,1.));
#8619 = ORIENTED_EDGE('',*,*,#8620,.T.);
#8620 = EDGE_CURVE('',#8613,#8621,#8623,.T.);
#8621 = VERTEX_POINT('',#8622);
#8622 = CARTESIAN_POINT('',(7.362,6.738,1.55));
#8623 = LINE('',#8624,#8625);
#8624 = CARTESIAN_POINT('',(7.362,5.638,1.55));
#8625 = VECTOR('',#8626,1.);
#8626 = DIRECTION('',(0.,1.,0.));
#8627 = ORIENTED_EDGE('',*,*,#8628,.F.);
#8628 = EDGE_CURVE('',#8629,#8621,#8631,.T.);
#8629 = VERTEX_POINT('',#8630);
#8630 = CARTESIAN_POINT('',(7.362,6.738,1.51));
#8631 = LINE('',#8632,#8633);
#8632 = CARTESIAN_POINT('',(7.362,6.738,1.51));
#8633 = VECTOR('',#8634,1.);
#8634 = DIRECTION('',(0.,0.,1.));
#8635 = ORIENTED_EDGE('',*,*,#8636,.F.);
#8636 = EDGE_CURVE('',#8611,#8629,#8637,.T.);
#8637 = LINE('',#8638,#8639);
#8638 = CARTESIAN_POINT('',(7.362,5.638,1.51));
#8639 = VECTOR('',#8640,1.);
#8640 = DIRECTION('',(0.,1.,0.));
#8641 = PLANE('',#8642);
#8642 = AXIS2_PLACEMENT_3D('',#8643,#8644,#8645);
#8643 = CARTESIAN_POINT('',(7.362,5.638,1.51));
#8644 = DIRECTION('',(-1.,0.,0.));
#8645 = DIRECTION('',(0.,1.,0.));
#8646 = ADVANCED_FACE('',(#8647),#8672,.T.);
#8647 = FACE_BOUND('',#8648,.T.);
#8648 = EDGE_LOOP('',(#8649,#8650,#8658,#8666));
#8649 = ORIENTED_EDGE('',*,*,#8628,.T.);
#8650 = ORIENTED_EDGE('',*,*,#8651,.T.);
#8651 = EDGE_CURVE('',#8621,#8652,#8654,.T.);
#8652 = VERTEX_POINT('',#8653);
#8653 = CARTESIAN_POINT('',(8.162,6.738,1.55));
#8654 = LINE('',#8655,#8656);
#8655 = CARTESIAN_POINT('',(7.362,6.738,1.55));
#8656 = VECTOR('',#8657,1.);
#8657 = DIRECTION('',(1.,0.,0.));
#8658 = ORIENTED_EDGE('',*,*,#8659,.F.);
#8659 = EDGE_CURVE('',#8660,#8652,#8662,.T.);
#8660 = VERTEX_POINT('',#8661);
#8661 = CARTESIAN_POINT('',(8.162,6.738,1.51));
#8662 = LINE('',#8663,#8664);
#8663 = CARTESIAN_POINT('',(8.162,6.738,1.51));
#8664 = VECTOR('',#8665,1.);
#8665 = DIRECTION('',(0.,0.,1.));
#8666 = ORIENTED_EDGE('',*,*,#8667,.F.);
#8667 = EDGE_CURVE('',#8629,#8660,#8668,.T.);
#8668 = LINE('',#8669,#8670);
#8669 = CARTESIAN_POINT('',(7.362,6.738,1.51));
#8670 = VECTOR('',#8671,1.);
#8671 = DIRECTION('',(1.,0.,0.));
#8672 = PLANE('',#8673);
#8673 = AXIS2_PLACEMENT_3D('',#8674,#8675,#8676);
#8674 = CARTESIAN_POINT('',(7.362,6.738,1.51));
#8675 = DIRECTION('',(0.,1.,0.));
#8676 = DIRECTION('',(1.,0.,0.));
#8677 = ADVANCED_FACE('',(#8678),#8703,.T.);
#8678 = FACE_BOUND('',#8679,.T.);
#8679 = EDGE_LOOP('',(#8680,#8681,#8689,#8697));
#8680 = ORIENTED_EDGE('',*,*,#8659,.T.);
#8681 = ORIENTED_EDGE('',*,*,#8682,.T.);
#8682 = EDGE_CURVE('',#8652,#8683,#8685,.T.);
#8683 = VERTEX_POINT('',#8684);
#8684 = CARTESIAN_POINT('',(8.162,5.638,1.55));
#8685 = LINE('',#8686,#8687);
#8686 = CARTESIAN_POINT('',(8.162,6.738,1.55));
#8687 = VECTOR('',#8688,1.);
#8688 = DIRECTION('',(0.,-1.,0.));
#8689 = ORIENTED_EDGE('',*,*,#8690,.F.);
#8690 = EDGE_CURVE('',#8691,#8683,#8693,.T.);
#8691 = VERTEX_POINT('',#8692);
#8692 = CARTESIAN_POINT('',(8.162,5.638,1.51));
#8693 = LINE('',#8694,#8695);
#8694 = CARTESIAN_POINT('',(8.162,5.638,1.51));
#8695 = VECTOR('',#8696,1.);
#8696 = DIRECTION('',(0.,0.,1.));
#8697 = ORIENTED_EDGE('',*,*,#8698,.F.);
#8698 = EDGE_CURVE('',#8660,#8691,#8699,.T.);
#8699 = LINE('',#8700,#8701);
#8700 = CARTESIAN_POINT('',(8.162,6.738,1.51));
#8701 = VECTOR('',#8702,1.);
#8702 = DIRECTION('',(0.,-1.,0.));
#8703 = PLANE('',#8704);
#8704 = AXIS2_PLACEMENT_3D('',#8705,#8706,#8707);
#8705 = CARTESIAN_POINT('',(8.162,6.738,1.51));
#8706 = DIRECTION('',(1.,0.,-0.));
#8707 = DIRECTION('',(0.,-1.,0.));
#8708 = ADVANCED_FACE('',(#8709),#8725,.T.);
#8709 = FACE_BOUND('',#8710,.T.);
#8710 = EDGE_LOOP('',(#8711,#8712,#8718,#8719));
#8711 = ORIENTED_EDGE('',*,*,#8690,.T.);
#8712 = ORIENTED_EDGE('',*,*,#8713,.T.);
#8713 = EDGE_CURVE('',#8683,#8613,#8714,.T.);
#8714 = LINE('',#8715,#8716);
#8715 = CARTESIAN_POINT('',(8.162,5.638,1.55));
#8716 = VECTOR('',#8717,1.);
#8717 = DIRECTION('',(-1.,0.,0.));
#8718 = ORIENTED_EDGE('',*,*,#8610,.F.);
#8719 = ORIENTED_EDGE('',*,*,#8720,.F.);
#8720 = EDGE_CURVE('',#8691,#8611,#8721,.T.);
#8721 = LINE('',#8722,#8723);
#8722 = CARTESIAN_POINT('',(8.162,5.638,1.51));
#8723 = VECTOR('',#8724,1.);
#8724 = DIRECTION('',(-1.,0.,0.));
#8725 = PLANE('',#8726);
#8726 = AXIS2_PLACEMENT_3D('',#8727,#8728,#8729);
#8727 = CARTESIAN_POINT('',(8.162,5.638,1.51));
#8728 = DIRECTION('',(0.,-1.,0.));
#8729 = DIRECTION('',(-1.,0.,0.));
#8730 = ADVANCED_FACE('',(#8731),#8737,.F.);
#8731 = FACE_BOUND('',#8732,.T.);
#8732 = EDGE_LOOP('',(#8733,#8734,#8735,#8736));
#8733 = ORIENTED_EDGE('',*,*,#8636,.T.);
#8734 = ORIENTED_EDGE('',*,*,#8667,.T.);
#8735 = ORIENTED_EDGE('',*,*,#8698,.T.);
#8736 = ORIENTED_EDGE('',*,*,#8720,.T.);
#8737 = PLANE('',#8738);
#8738 = AXIS2_PLACEMENT_3D('',#8739,#8740,#8741);
#8739 = CARTESIAN_POINT('',(0.,0.,1.51));
#8740 = DIRECTION('',(0.,0.,1.));
#8741 = DIRECTION('',(1.,0.,-0.));
#8742 = ADVANCED_FACE('',(#8743),#8749,.T.);
#8743 = FACE_BOUND('',#8744,.F.);
#8744 = EDGE_LOOP('',(#8745,#8746,#8747,#8748));
#8745 = ORIENTED_EDGE('',*,*,#8620,.T.);
#8746 = ORIENTED_EDGE('',*,*,#8651,.T.);
#8747 = ORIENTED_EDGE('',*,*,#8682,.T.);
#8748 = ORIENTED_EDGE('',*,*,#8713,.T.);
#8749 = PLANE('',#8750);
#8750 = AXIS2_PLACEMENT_3D('',#8751,#8752,#8753);
#8751 = CARTESIAN_POINT('',(0.,0.,1.55));
#8752 = DIRECTION('',(0.,0.,1.));
#8753 = DIRECTION('',(1.,0.,-0.));
#8754 = MANIFOLD_SOLID_BREP('',#8755);
#8755 = CLOSED_SHELL('',(#8756,#8796,#8827,#8858,#8880,#8892));
#8756 = ADVANCED_FACE('',(#8757),#8791,.T.);
#8757 = FACE_BOUND('',#8758,.T.);
#8758 = EDGE_LOOP('',(#8759,#8769,#8777,#8785));
#8759 = ORIENTED_EDGE('',*,*,#8760,.T.);
#8760 = EDGE_CURVE('',#8761,#8763,#8765,.T.);
#8761 = VERTEX_POINT('',#8762);
#8762 = CARTESIAN_POINT('',(7.412,7.932,1.51));
#8763 = VERTEX_POINT('',#8764);
#8764 = CARTESIAN_POINT('',(7.412,7.932,1.55));
#8765 = LINE('',#8766,#8767);
#8766 = CARTESIAN_POINT('',(7.412,7.932,1.51));
#8767 = VECTOR('',#8768,1.);
#8768 = DIRECTION('',(0.,0.,1.));
#8769 = ORIENTED_EDGE('',*,*,#8770,.T.);
#8770 = EDGE_CURVE('',#8763,#8771,#8773,.T.);
#8771 = VERTEX_POINT('',#8772);
#8772 = CARTESIAN_POINT('',(7.412,8.832,1.55));
#8773 = LINE('',#8774,#8775);
#8774 = CARTESIAN_POINT('',(7.412,7.932,1.55));
#8775 = VECTOR('',#8776,1.);
#8776 = DIRECTION('',(0.,1.,0.));
#8777 = ORIENTED_EDGE('',*,*,#8778,.F.);
#8778 = EDGE_CURVE('',#8779,#8771,#8781,.T.);
#8779 = VERTEX_POINT('',#8780);
#8780 = CARTESIAN_POINT('',(7.412,8.832,1.51));
#8781 = LINE('',#8782,#8783);
#8782 = CARTESIAN_POINT('',(7.412,8.832,1.51));
#8783 = VECTOR('',#8784,1.);
#8784 = DIRECTION('',(0.,0.,1.));
#8785 = ORIENTED_EDGE('',*,*,#8786,.F.);
#8786 = EDGE_CURVE('',#8761,#8779,#8787,.T.);
#8787 = LINE('',#8788,#8789);
#8788 = CARTESIAN_POINT('',(7.412,7.932,1.51));
#8789 = VECTOR('',#8790,1.);
#8790 = DIRECTION('',(0.,1.,0.));
#8791 = PLANE('',#8792);
#8792 = AXIS2_PLACEMENT_3D('',#8793,#8794,#8795);
#8793 = CARTESIAN_POINT('',(7.412,7.932,1.51));
#8794 = DIRECTION('',(-1.,0.,0.));
#8795 = DIRECTION('',(0.,1.,0.));
#8796 = ADVANCED_FACE('',(#8797),#8822,.T.);
#8797 = FACE_BOUND('',#8798,.T.);
#8798 = EDGE_LOOP('',(#8799,#8800,#8808,#8816));
#8799 = ORIENTED_EDGE('',*,*,#8778,.T.);
#8800 = ORIENTED_EDGE('',*,*,#8801,.T.);
#8801 = EDGE_CURVE('',#8771,#8802,#8804,.T.);
#8802 = VERTEX_POINT('',#8803);
#8803 = CARTESIAN_POINT('',(8.112,8.832,1.55));
#8804 = LINE('',#8805,#8806);
#8805 = CARTESIAN_POINT('',(7.412,8.832,1.55));
#8806 = VECTOR('',#8807,1.);
#8807 = DIRECTION('',(1.,0.,0.));
#8808 = ORIENTED_EDGE('',*,*,#8809,.F.);
#8809 = EDGE_CURVE('',#8810,#8802,#8812,.T.);
#8810 = VERTEX_POINT('',#8811);
#8811 = CARTESIAN_POINT('',(8.112,8.832,1.51));
#8812 = LINE('',#8813,#8814);
#8813 = CARTESIAN_POINT('',(8.112,8.832,1.51));
#8814 = VECTOR('',#8815,1.);
#8815 = DIRECTION('',(0.,0.,1.));
#8816 = ORIENTED_EDGE('',*,*,#8817,.F.);
#8817 = EDGE_CURVE('',#8779,#8810,#8818,.T.);
#8818 = LINE('',#8819,#8820);
#8819 = CARTESIAN_POINT('',(7.412,8.832,1.51));
#8820 = VECTOR('',#8821,1.);
#8821 = DIRECTION('',(1.,0.,0.));
#8822 = PLANE('',#8823);
#8823 = AXIS2_PLACEMENT_3D('',#8824,#8825,#8826);
#8824 = CARTESIAN_POINT('',(7.412,8.832,1.51));
#8825 = DIRECTION('',(0.,1.,0.));
#8826 = DIRECTION('',(1.,0.,0.));
#8827 = ADVANCED_FACE('',(#8828),#8853,.T.);
#8828 = FACE_BOUND('',#8829,.T.);
#8829 = EDGE_LOOP('',(#8830,#8831,#8839,#8847));
#8830 = ORIENTED_EDGE('',*,*,#8809,.T.);
#8831 = ORIENTED_EDGE('',*,*,#8832,.T.);
#8832 = EDGE_CURVE('',#8802,#8833,#8835,.T.);
#8833 = VERTEX_POINT('',#8834);
#8834 = CARTESIAN_POINT('',(8.112,7.932,1.55));
#8835 = LINE('',#8836,#8837);
#8836 = CARTESIAN_POINT('',(8.112,8.832,1.55));
#8837 = VECTOR('',#8838,1.);
#8838 = DIRECTION('',(0.,-1.,0.));
#8839 = ORIENTED_EDGE('',*,*,#8840,.F.);
#8840 = EDGE_CURVE('',#8841,#8833,#8843,.T.);
#8841 = VERTEX_POINT('',#8842);
#8842 = CARTESIAN_POINT('',(8.112,7.932,1.51));
#8843 = LINE('',#8844,#8845);
#8844 = CARTESIAN_POINT('',(8.112,7.932,1.51));
#8845 = VECTOR('',#8846,1.);
#8846 = DIRECTION('',(0.,0.,1.));
#8847 = ORIENTED_EDGE('',*,*,#8848,.F.);
#8848 = EDGE_CURVE('',#8810,#8841,#8849,.T.);
#8849 = LINE('',#8850,#8851);
#8850 = CARTESIAN_POINT('',(8.112,8.832,1.51));
#8851 = VECTOR('',#8852,1.);
#8852 = DIRECTION('',(0.,-1.,0.));
#8853 = PLANE('',#8854);
#8854 = AXIS2_PLACEMENT_3D('',#8855,#8856,#8857);
#8855 = CARTESIAN_POINT('',(8.112,8.832,1.51));
#8856 = DIRECTION('',(1.,0.,-0.));
#8857 = DIRECTION('',(0.,-1.,0.));
#8858 = ADVANCED_FACE('',(#8859),#8875,.T.);
#8859 = FACE_BOUND('',#8860,.T.);
#8860 = EDGE_LOOP('',(#8861,#8862,#8868,#8869));
#8861 = ORIENTED_EDGE('',*,*,#8840,.T.);
#8862 = ORIENTED_EDGE('',*,*,#8863,.T.);
#8863 = EDGE_CURVE('',#8833,#8763,#8864,.T.);
#8864 = LINE('',#8865,#8866);
#8865 = CARTESIAN_POINT('',(8.112,7.932,1.55));
#8866 = VECTOR('',#8867,1.);
#8867 = DIRECTION('',(-1.,0.,0.));
#8868 = ORIENTED_EDGE('',*,*,#8760,.F.);
#8869 = ORIENTED_EDGE('',*,*,#8870,.F.);
#8870 = EDGE_CURVE('',#8841,#8761,#8871,.T.);
#8871 = LINE('',#8872,#8873);
#8872 = CARTESIAN_POINT('',(8.112,7.932,1.51));
#8873 = VECTOR('',#8874,1.);
#8874 = DIRECTION('',(-1.,0.,0.));
#8875 = PLANE('',#8876);
#8876 = AXIS2_PLACEMENT_3D('',#8877,#8878,#8879);
#8877 = CARTESIAN_POINT('',(8.112,7.932,1.51));
#8878 = DIRECTION('',(0.,-1.,0.));
#8879 = DIRECTION('',(-1.,0.,0.));
#8880 = ADVANCED_FACE('',(#8881),#8887,.F.);
#8881 = FACE_BOUND('',#8882,.T.);
#8882 = EDGE_LOOP('',(#8883,#8884,#8885,#8886));
#8883 = ORIENTED_EDGE('',*,*,#8786,.T.);
#8884 = ORIENTED_EDGE('',*,*,#8817,.T.);
#8885 = ORIENTED_EDGE('',*,*,#8848,.T.);
#8886 = ORIENTED_EDGE('',*,*,#8870,.T.);
#8887 = PLANE('',#8888);
#8888 = AXIS2_PLACEMENT_3D('',#8889,#8890,#8891);
#8889 = CARTESIAN_POINT('',(0.,0.,1.51));
#8890 = DIRECTION('',(0.,0.,1.));
#8891 = DIRECTION('',(1.,0.,-0.));
#8892 = ADVANCED_FACE('',(#8893),#8899,.T.);
#8893 = FACE_BOUND('',#8894,.F.);
#8894 = EDGE_LOOP('',(#8895,#8896,#8897,#8898));
#8895 = ORIENTED_EDGE('',*,*,#8770,.T.);
#8896 = ORIENTED_EDGE('',*,*,#8801,.T.);
#8897 = ORIENTED_EDGE('',*,*,#8832,.T.);
#8898 = ORIENTED_EDGE('',*,*,#8863,.T.);
#8899 = PLANE('',#8900);
#8900 = AXIS2_PLACEMENT_3D('',#8901,#8902,#8903);
#8901 = CARTESIAN_POINT('',(0.,0.,1.55));
#8902 = DIRECTION('',(0.,0.,1.));
#8903 = DIRECTION('',(1.,0.,-0.));
#8904 = MANIFOLD_SOLID_BREP('',#8905);
#8905 = CLOSED_SHELL('',(#8906,#8939,#8959,#8979));
#8906 = ADVANCED_FACE('',(#8907),#8934,.T.);
#8907 = FACE_BOUND('',#8908,.F.);
#8908 = EDGE_LOOP('',(#8909,#8919,#8926,#8927));
#8909 = ORIENTED_EDGE('',*,*,#8910,.T.);
#8910 = EDGE_CURVE('',#8911,#8913,#8915,.T.);
#8911 = VERTEX_POINT('',#8912);
#8912 = CARTESIAN_POINT('',(2.2098,2.54,1.51));
#8913 = VERTEX_POINT('',#8914);
#8914 = CARTESIAN_POINT('',(2.2098,2.54,1.55));
#8915 = LINE('',#8916,#8917);
#8916 = CARTESIAN_POINT('',(2.2098,2.54,1.51));
#8917 = VECTOR('',#8918,1.);
#8918 = DIRECTION('',(0.,0.,1.));
#8919 = ORIENTED_EDGE('',*,*,#8920,.T.);
#8920 = EDGE_CURVE('',#8913,#8913,#8921,.T.);
#8921 = CIRCLE('',#8922,0.9398);
#8922 = AXIS2_PLACEMENT_3D('',#8923,#8924,#8925);
#8923 = CARTESIAN_POINT('',(1.27,2.54,1.55));
#8924 = DIRECTION('',(0.,0.,1.));
#8925 = DIRECTION('',(1.,0.,-0.));
#8926 = ORIENTED_EDGE('',*,*,#8910,.F.);
#8927 = ORIENTED_EDGE('',*,*,#8928,.F.);
#8928 = EDGE_CURVE('',#8911,#8911,#8929,.T.);
#8929 = CIRCLE('',#8930,0.9398);
#8930 = AXIS2_PLACEMENT_3D('',#8931,#8932,#8933);
#8931 = CARTESIAN_POINT('',(1.27,2.54,1.51));
#8932 = DIRECTION('',(0.,0.,1.));
#8933 = DIRECTION('',(1.,0.,-0.));
#8934 = CYLINDRICAL_SURFACE('',#8935,0.9398);
#8935 = AXIS2_PLACEMENT_3D('',#8936,#8937,#8938);
#8936 = CARTESIAN_POINT('',(1.27,2.54,1.51));
#8937 = DIRECTION('',(-0.,-0.,-1.));
#8938 = DIRECTION('',(1.,0.,-0.));
#8939 = ADVANCED_FACE('',(#8940,#8943),#8954,.F.);
#8940 = FACE_BOUND('',#8941,.F.);
#8941 = EDGE_LOOP('',(#8942));
#8942 = ORIENTED_EDGE('',*,*,#8928,.T.);
#8943 = FACE_BOUND('',#8944,.F.);
#8944 = EDGE_LOOP('',(#8945));
#8945 = ORIENTED_EDGE('',*,*,#8946,.T.);
#8946 = EDGE_CURVE('',#8947,#8947,#8949,.T.);
#8947 = VERTEX_POINT('',#8948);
#8948 = CARTESIAN_POINT('',(1.27,2.057,1.51));
#8949 = CIRCLE('',#8950,0.483);
#8950 = AXIS2_PLACEMENT_3D('',#8951,#8952,#8953);
#8951 = CARTESIAN_POINT('',(1.27,2.54,1.51));
#8952 = DIRECTION('',(-0.,0.,-1.));
#8953 = DIRECTION('',(-0.,-1.,0.));
#8954 = PLANE('',#8955);
#8955 = AXIS2_PLACEMENT_3D('',#8956,#8957,#8958);
#8956 = CARTESIAN_POINT('',(0.,0.,1.51));
#8957 = DIRECTION('',(0.,0.,1.));
#8958 = DIRECTION('',(1.,0.,-0.));
#8959 = ADVANCED_FACE('',(#8960,#8963),#8974,.T.);
#8960 = FACE_BOUND('',#8961,.T.);
#8961 = EDGE_LOOP('',(#8962));
#8962 = ORIENTED_EDGE('',*,*,#8920,.T.);
#8963 = FACE_BOUND('',#8964,.T.);
#8964 = EDGE_LOOP('',(#8965));
#8965 = ORIENTED_EDGE('',*,*,#8966,.T.);
#8966 = EDGE_CURVE('',#8967,#8967,#8969,.T.);
#8967 = VERTEX_POINT('',#8968);
#8968 = CARTESIAN_POINT('',(1.27,2.057,1.55));
#8969 = CIRCLE('',#8970,0.483);
#8970 = AXIS2_PLACEMENT_3D('',#8971,#8972,#8973);
#8971 = CARTESIAN_POINT('',(1.27,2.54,1.55));
#8972 = DIRECTION('',(-0.,0.,-1.));
#8973 = DIRECTION('',(-0.,-1.,0.));
#8974 = PLANE('',#8975);
#8975 = AXIS2_PLACEMENT_3D('',#8976,#8977,#8978);
#8976 = CARTESIAN_POINT('',(0.,0.,1.55));
#8977 = DIRECTION('',(0.,0.,1.));
#8978 = DIRECTION('',(1.,0.,-0.));
#8979 = ADVANCED_FACE('',(#8980),#8991,.F.);
#8980 = FACE_BOUND('',#8981,.T.);
#8981 = EDGE_LOOP('',(#8982,#8983,#8989,#8990));
#8982 = ORIENTED_EDGE('',*,*,#8946,.T.);
#8983 = ORIENTED_EDGE('',*,*,#8984,.T.);
#8984 = EDGE_CURVE('',#8947,#8967,#8985,.T.);
#8985 = LINE('',#8986,#8987);
#8986 = CARTESIAN_POINT('',(1.27,2.057,-4.6E-02));
#8987 = VECTOR('',#8988,1.);
#8988 = DIRECTION('',(0.,0.,1.));
#8989 = ORIENTED_EDGE('',*,*,#8966,.F.);
#8990 = ORIENTED_EDGE('',*,*,#8984,.F.);
#8991 = CYLINDRICAL_SURFACE('',#8992,0.483);
#8992 = AXIS2_PLACEMENT_3D('',#8993,#8994,#8995);
#8993 = CARTESIAN_POINT('',(1.27,2.54,-4.6E-02));
#8994 = DIRECTION('',(-0.,-0.,-1.));
#8995 = DIRECTION('',(-0.,-1.,0.));
#8996 = MANIFOLD_SOLID_BREP('',#8997);
#8997 = CLOSED_SHELL('',(#8998,#9031,#9051,#9071));
#8998 = ADVANCED_FACE('',(#8999),#9026,.T.);
#8999 = FACE_BOUND('',#9000,.T.);
#9000 = EDGE_LOOP('',(#9001,#9011,#9018,#9019));
#9001 = ORIENTED_EDGE('',*,*,#9002,.T.);
#9002 = EDGE_CURVE('',#9003,#9005,#9007,.T.);
#9003 = VERTEX_POINT('',#9004);
#9004 = CARTESIAN_POINT('',(2.2098,2.54,0.));
#9005 = VERTEX_POINT('',#9006);
#9006 = CARTESIAN_POINT('',(2.2098,2.54,-4.E-02));
#9007 = LINE('',#9008,#9009);
#9008 = CARTESIAN_POINT('',(2.2098,2.54,0.));
#9009 = VECTOR('',#9010,1.);
#9010 = DIRECTION('',(0.,0.,-1.));
#9011 = ORIENTED_EDGE('',*,*,#9012,.T.);
#9012 = EDGE_CURVE('',#9005,#9005,#9013,.T.);
#9013 = CIRCLE('',#9014,0.9398);
#9014 = AXIS2_PLACEMENT_3D('',#9015,#9016,#9017);
#9015 = CARTESIAN_POINT('',(1.27,2.54,-4.E-02));
#9016 = DIRECTION('',(0.,0.,1.));
#9017 = DIRECTION('',(1.,0.,-0.));
#9018 = ORIENTED_EDGE('',*,*,#9002,.F.);
#9019 = ORIENTED_EDGE('',*,*,#9020,.F.);
#9020 = EDGE_CURVE('',#9003,#9003,#9021,.T.);
#9021 = CIRCLE('',#9022,0.9398);
#9022 = AXIS2_PLACEMENT_3D('',#9023,#9024,#9025);
#9023 = CARTESIAN_POINT('',(1.27,2.54,0.));
#9024 = DIRECTION('',(0.,0.,1.));
#9025 = DIRECTION('',(1.,0.,-0.));
#9026 = CYLINDRICAL_SURFACE('',#9027,0.9398);
#9027 = AXIS2_PLACEMENT_3D('',#9028,#9029,#9030);
#9028 = CARTESIAN_POINT('',(1.27,2.54,0.));
#9029 = DIRECTION('',(0.,0.,1.));
#9030 = DIRECTION('',(1.,0.,-0.));
#9031 = ADVANCED_FACE('',(#9032,#9035),#9046,.F.);
#9032 = FACE_BOUND('',#9033,.F.);
#9033 = EDGE_LOOP('',(#9034));
#9034 = ORIENTED_EDGE('',*,*,#9020,.F.);
#9035 = FACE_BOUND('',#9036,.F.);
#9036 = EDGE_LOOP('',(#9037));
#9037 = ORIENTED_EDGE('',*,*,#9038,.F.);
#9038 = EDGE_CURVE('',#9039,#9039,#9041,.T.);
#9039 = VERTEX_POINT('',#9040);
#9040 = CARTESIAN_POINT('',(1.27,2.057,0.));
#9041 = CIRCLE('',#9042,0.483);
#9042 = AXIS2_PLACEMENT_3D('',#9043,#9044,#9045);
#9043 = CARTESIAN_POINT('',(1.27,2.54,0.));
#9044 = DIRECTION('',(-0.,0.,-1.));
#9045 = DIRECTION('',(-0.,-1.,0.));
#9046 = PLANE('',#9047);
#9047 = AXIS2_PLACEMENT_3D('',#9048,#9049,#9050);
#9048 = CARTESIAN_POINT('',(0.,0.,0.));
#9049 = DIRECTION('',(-0.,-0.,-1.));
#9050 = DIRECTION('',(-1.,0.,0.));
#9051 = ADVANCED_FACE('',(#9052,#9055),#9066,.T.);
#9052 = FACE_BOUND('',#9053,.T.);
#9053 = EDGE_LOOP('',(#9054));
#9054 = ORIENTED_EDGE('',*,*,#9012,.F.);
#9055 = FACE_BOUND('',#9056,.T.);
#9056 = EDGE_LOOP('',(#9057));
#9057 = ORIENTED_EDGE('',*,*,#9058,.F.);
#9058 = EDGE_CURVE('',#9059,#9059,#9061,.T.);
#9059 = VERTEX_POINT('',#9060);
#9060 = CARTESIAN_POINT('',(1.27,2.057,-4.E-02));
#9061 = CIRCLE('',#9062,0.483);
#9062 = AXIS2_PLACEMENT_3D('',#9063,#9064,#9065);
#9063 = CARTESIAN_POINT('',(1.27,2.54,-4.E-02));
#9064 = DIRECTION('',(-0.,0.,-1.));
#9065 = DIRECTION('',(-0.,-1.,0.));
#9066 = PLANE('',#9067);
#9067 = AXIS2_PLACEMENT_3D('',#9068,#9069,#9070);
#9068 = CARTESIAN_POINT('',(0.,0.,-4.E-02));
#9069 = DIRECTION('',(-0.,-0.,-1.));
#9070 = DIRECTION('',(-1.,0.,0.));
#9071 = ADVANCED_FACE('',(#9072),#9083,.F.);
#9072 = FACE_BOUND('',#9073,.T.);
#9073 = EDGE_LOOP('',(#9074,#9075,#9081,#9082));
#9074 = ORIENTED_EDGE('',*,*,#9058,.T.);
#9075 = ORIENTED_EDGE('',*,*,#9076,.T.);
#9076 = EDGE_CURVE('',#9059,#9039,#9077,.T.);
#9077 = LINE('',#9078,#9079);
#9078 = CARTESIAN_POINT('',(1.27,2.057,-4.6E-02));
#9079 = VECTOR('',#9080,1.);
#9080 = DIRECTION('',(0.,0.,1.));
#9081 = ORIENTED_EDGE('',*,*,#9038,.F.);
#9082 = ORIENTED_EDGE('',*,*,#9076,.F.);
#9083 = CYLINDRICAL_SURFACE('',#9084,0.483);
#9084 = AXIS2_PLACEMENT_3D('',#9085,#9086,#9087);
#9085 = CARTESIAN_POINT('',(1.27,2.54,-4.6E-02));
#9086 = DIRECTION('',(-0.,-0.,-1.));
#9087 = DIRECTION('',(-0.,-1.,0.));
#9088 = MANIFOLD_SOLID_BREP('',#9089);
#9089 = CLOSED_SHELL('',(#9090,#9123,#9143,#9163));
#9090 = ADVANCED_FACE('',(#9091),#9118,.T.);
#9091 = FACE_BOUND('',#9092,.F.);
#9092 = EDGE_LOOP('',(#9093,#9103,#9110,#9111));
#9093 = ORIENTED_EDGE('',*,*,#9094,.T.);
#9094 = EDGE_CURVE('',#9095,#9097,#9099,.T.);
#9095 = VERTEX_POINT('',#9096);
#9096 = CARTESIAN_POINT('',(1.27,2.032,-4.E-02));
#9097 = VERTEX_POINT('',#9098);
#9098 = CARTESIAN_POINT('',(1.27,2.032,1.55));
#9099 = LINE('',#9100,#9101);
#9100 = CARTESIAN_POINT('',(1.27,2.032,-4.E-02));
#9101 = VECTOR('',#9102,1.);
#9102 = DIRECTION('',(0.,0.,1.));
#9103 = ORIENTED_EDGE('',*,*,#9104,.T.);
#9104 = EDGE_CURVE('',#9097,#9097,#9105,.T.);
#9105 = CIRCLE('',#9106,0.508);
#9106 = AXIS2_PLACEMENT_3D('',#9107,#9108,#9109);
#9107 = CARTESIAN_POINT('',(1.27,2.54,1.55));
#9108 = DIRECTION('',(0.,0.,1.));
#9109 = DIRECTION('',(-0.,-1.,0.));
#9110 = ORIENTED_EDGE('',*,*,#9094,.F.);
#9111 = ORIENTED_EDGE('',*,*,#9112,.F.);
#9112 = EDGE_CURVE('',#9095,#9095,#9113,.T.);
#9113 = CIRCLE('',#9114,0.508);
#9114 = AXIS2_PLACEMENT_3D('',#9115,#9116,#9117);
#9115 = CARTESIAN_POINT('',(1.27,2.54,-4.E-02));
#9116 = DIRECTION('',(0.,0.,1.));
#9117 = DIRECTION('',(-0.,-1.,0.));
#9118 = CYLINDRICAL_SURFACE('',#9119,0.508);
#9119 = AXIS2_PLACEMENT_3D('',#9120,#9121,#9122);
#9120 = CARTESIAN_POINT('',(1.27,2.54,-4.E-02));
#9121 = DIRECTION('',(-0.,-0.,-1.));
#9122 = DIRECTION('',(-0.,-1.,0.));
#9123 = ADVANCED_FACE('',(#9124,#9127),#9138,.F.);
#9124 = FACE_BOUND('',#9125,.F.);
#9125 = EDGE_LOOP('',(#9126));
#9126 = ORIENTED_EDGE('',*,*,#9112,.T.);
#9127 = FACE_BOUND('',#9128,.F.);
#9128 = EDGE_LOOP('',(#9129));
#9129 = ORIENTED_EDGE('',*,*,#9130,.T.);
#9130 = EDGE_CURVE('',#9131,#9131,#9133,.T.);
#9131 = VERTEX_POINT('',#9132);
#9132 = CARTESIAN_POINT('',(1.27,2.057,-4.E-02));
#9133 = CIRCLE('',#9134,0.483);
#9134 = AXIS2_PLACEMENT_3D('',#9135,#9136,#9137);
#9135 = CARTESIAN_POINT('',(1.27,2.54,-4.E-02));
#9136 = DIRECTION('',(-0.,0.,-1.));
#9137 = DIRECTION('',(-0.,-1.,0.));
#9138 = PLANE('',#9139);
#9139 = AXIS2_PLACEMENT_3D('',#9140,#9141,#9142);
#9140 = CARTESIAN_POINT('',(1.27,2.032,-4.E-02));
#9141 = DIRECTION('',(0.,0.,1.));
#9142 = DIRECTION('',(1.,0.,-0.));
#9143 = ADVANCED_FACE('',(#9144,#9147),#9158,.T.);
#9144 = FACE_BOUND('',#9145,.T.);
#9145 = EDGE_LOOP('',(#9146));
#9146 = ORIENTED_EDGE('',*,*,#9104,.T.);
#9147 = FACE_BOUND('',#9148,.T.);
#9148 = EDGE_LOOP('',(#9149));
#9149 = ORIENTED_EDGE('',*,*,#9150,.T.);
#9150 = EDGE_CURVE('',#9151,#9151,#9153,.T.);
#9151 = VERTEX_POINT('',#9152);
#9152 = CARTESIAN_POINT('',(1.27,2.057,1.55));
#9153 = CIRCLE('',#9154,0.483);
#9154 = AXIS2_PLACEMENT_3D('',#9155,#9156,#9157);
#9155 = CARTESIAN_POINT('',(1.27,2.54,1.55));
#9156 = DIRECTION('',(-0.,0.,-1.));
#9157 = DIRECTION('',(-0.,-1.,0.));
#9158 = PLANE('',#9159);
#9159 = AXIS2_PLACEMENT_3D('',#9160,#9161,#9162);
#9160 = CARTESIAN_POINT('',(1.27,2.032,1.55));
#9161 = DIRECTION('',(0.,0.,1.));
#9162 = DIRECTION('',(1.,0.,-0.));
#9163 = ADVANCED_FACE('',(#9164),#9175,.F.);
#9164 = FACE_BOUND('',#9165,.T.);
#9165 = EDGE_LOOP('',(#9166,#9167,#9173,#9174));
#9166 = ORIENTED_EDGE('',*,*,#9130,.T.);
#9167 = ORIENTED_EDGE('',*,*,#9168,.T.);
#9168 = EDGE_CURVE('',#9131,#9151,#9169,.T.);
#9169 = LINE('',#9170,#9171);
#9170 = CARTESIAN_POINT('',(1.27,2.057,-4.6E-02));
#9171 = VECTOR('',#9172,1.);
#9172 = DIRECTION('',(0.,0.,1.));
#9173 = ORIENTED_EDGE('',*,*,#9150,.F.);
#9174 = ORIENTED_EDGE('',*,*,#9168,.F.);
#9175 = CYLINDRICAL_SURFACE('',#9176,0.483);
#9176 = AXIS2_PLACEMENT_3D('',#9177,#9178,#9179);
#9177 = CARTESIAN_POINT('',(1.27,2.54,-4.6E-02));
#9178 = DIRECTION('',(-0.,-0.,-1.));
#9179 = DIRECTION('',(-0.,-1.,0.));
#9180 = MANIFOLD_SOLID_BREP('',#9181);
#9181 = CLOSED_SHELL('',(#9182,#9222,#9253,#9284,#9306,#9318));
#9182 = ADVANCED_FACE('',(#9183),#9217,.T.);
#9183 = FACE_BOUND('',#9184,.T.);
#9184 = EDGE_LOOP('',(#9185,#9195,#9203,#9211));
#9185 = ORIENTED_EDGE('',*,*,#9186,.T.);
#9186 = EDGE_CURVE('',#9187,#9189,#9191,.T.);
#9187 = VERTEX_POINT('',#9188);
#9188 = CARTESIAN_POINT('',(6.622,1.908,1.51));
#9189 = VERTEX_POINT('',#9190);
#9190 = CARTESIAN_POINT('',(6.622,1.908,1.55));
#9191 = LINE('',#9192,#9193);
#9192 = CARTESIAN_POINT('',(6.622,1.908,1.51));
#9193 = VECTOR('',#9194,1.);
#9194 = DIRECTION('',(0.,0.,1.));
#9195 = ORIENTED_EDGE('',*,*,#9196,.T.);
#9196 = EDGE_CURVE('',#9189,#9197,#9199,.T.);
#9197 = VERTEX_POINT('',#9198);
#9198 = CARTESIAN_POINT('',(6.622,3.008,1.55));
#9199 = LINE('',#9200,#9201);
#9200 = CARTESIAN_POINT('',(6.622,1.908,1.55));
#9201 = VECTOR('',#9202,1.);
#9202 = DIRECTION('',(0.,1.,0.));
#9203 = ORIENTED_EDGE('',*,*,#9204,.F.);
#9204 = EDGE_CURVE('',#9205,#9197,#9207,.T.);
#9205 = VERTEX_POINT('',#9206);
#9206 = CARTESIAN_POINT('',(6.622,3.008,1.51));
#9207 = LINE('',#9208,#9209);
#9208 = CARTESIAN_POINT('',(6.622,3.008,1.51));
#9209 = VECTOR('',#9210,1.);
#9210 = DIRECTION('',(0.,0.,1.));
#9211 = ORIENTED_EDGE('',*,*,#9212,.F.);
#9212 = EDGE_CURVE('',#9187,#9205,#9213,.T.);
#9213 = LINE('',#9214,#9215);
#9214 = CARTESIAN_POINT('',(6.622,1.908,1.51));
#9215 = VECTOR('',#9216,1.);
#9216 = DIRECTION('',(0.,1.,0.));
#9217 = PLANE('',#9218);
#9218 = AXIS2_PLACEMENT_3D('',#9219,#9220,#9221);
#9219 = CARTESIAN_POINT('',(6.622,1.908,1.51));
#9220 = DIRECTION('',(-1.,0.,0.));
#9221 = DIRECTION('',(0.,1.,0.));
#9222 = ADVANCED_FACE('',(#9223),#9248,.T.);
#9223 = FACE_BOUND('',#9224,.T.);
#9224 = EDGE_LOOP('',(#9225,#9226,#9234,#9242));
#9225 = ORIENTED_EDGE('',*,*,#9204,.T.);
#9226 = ORIENTED_EDGE('',*,*,#9227,.T.);
#9227 = EDGE_CURVE('',#9197,#9228,#9230,.T.);
#9228 = VERTEX_POINT('',#9229);
#9229 = CARTESIAN_POINT('',(7.622,3.008,1.55));
#9230 = LINE('',#9231,#9232);
#9231 = CARTESIAN_POINT('',(6.622,3.008,1.55));
#9232 = VECTOR('',#9233,1.);
#9233 = DIRECTION('',(1.,0.,0.));
#9234 = ORIENTED_EDGE('',*,*,#9235,.F.);
#9235 = EDGE_CURVE('',#9236,#9228,#9238,.T.);
#9236 = VERTEX_POINT('',#9237);
#9237 = CARTESIAN_POINT('',(7.622,3.008,1.51));
#9238 = LINE('',#9239,#9240);
#9239 = CARTESIAN_POINT('',(7.622,3.008,1.51));
#9240 = VECTOR('',#9241,1.);
#9241 = DIRECTION('',(0.,0.,1.));
#9242 = ORIENTED_EDGE('',*,*,#9243,.F.);
#9243 = EDGE_CURVE('',#9205,#9236,#9244,.T.);
#9244 = LINE('',#9245,#9246);
#9245 = CARTESIAN_POINT('',(6.622,3.008,1.51));
#9246 = VECTOR('',#9247,1.);
#9247 = DIRECTION('',(1.,0.,0.));
#9248 = PLANE('',#9249);
#9249 = AXIS2_PLACEMENT_3D('',#9250,#9251,#9252);
#9250 = CARTESIAN_POINT('',(6.622,3.008,1.51));
#9251 = DIRECTION('',(0.,1.,0.));
#9252 = DIRECTION('',(1.,0.,0.));
#9253 = ADVANCED_FACE('',(#9254),#9279,.T.);
#9254 = FACE_BOUND('',#9255,.T.);
#9255 = EDGE_LOOP('',(#9256,#9257,#9265,#9273));
#9256 = ORIENTED_EDGE('',*,*,#9235,.T.);
#9257 = ORIENTED_EDGE('',*,*,#9258,.T.);
#9258 = EDGE_CURVE('',#9228,#9259,#9261,.T.);
#9259 = VERTEX_POINT('',#9260);
#9260 = CARTESIAN_POINT('',(7.622,1.908,1.55));
#9261 = LINE('',#9262,#9263);
#9262 = CARTESIAN_POINT('',(7.622,3.008,1.55));
#9263 = VECTOR('',#9264,1.);
#9264 = DIRECTION('',(0.,-1.,0.));
#9265 = ORIENTED_EDGE('',*,*,#9266,.F.);
#9266 = EDGE_CURVE('',#9267,#9259,#9269,.T.);
#9267 = VERTEX_POINT('',#9268);
#9268 = CARTESIAN_POINT('',(7.622,1.908,1.51));
#9269 = LINE('',#9270,#9271);
#9270 = CARTESIAN_POINT('',(7.622,1.908,1.51));
#9271 = VECTOR('',#9272,1.);
#9272 = DIRECTION('',(0.,0.,1.));
#9273 = ORIENTED_EDGE('',*,*,#9274,.F.);
#9274 = EDGE_CURVE('',#9236,#9267,#9275,.T.);
#9275 = LINE('',#9276,#9277);
#9276 = CARTESIAN_POINT('',(7.622,3.008,1.51));
#9277 = VECTOR('',#9278,1.);
#9278 = DIRECTION('',(0.,-1.,0.));
#9279 = PLANE('',#9280);
#9280 = AXIS2_PLACEMENT_3D('',#9281,#9282,#9283);
#9281 = CARTESIAN_POINT('',(7.622,3.008,1.51));
#9282 = DIRECTION('',(1.,0.,-0.));
#9283 = DIRECTION('',(0.,-1.,0.));
#9284 = ADVANCED_FACE('',(#9285),#9301,.T.);
#9285 = FACE_BOUND('',#9286,.T.);
#9286 = EDGE_LOOP('',(#9287,#9288,#9294,#9295));
#9287 = ORIENTED_EDGE('',*,*,#9266,.T.);
#9288 = ORIENTED_EDGE('',*,*,#9289,.T.);
#9289 = EDGE_CURVE('',#9259,#9189,#9290,.T.);
#9290 = LINE('',#9291,#9292);
#9291 = CARTESIAN_POINT('',(7.622,1.908,1.55));
#9292 = VECTOR('',#9293,1.);
#9293 = DIRECTION('',(-1.,0.,0.));
#9294 = ORIENTED_EDGE('',*,*,#9186,.F.);
#9295 = ORIENTED_EDGE('',*,*,#9296,.F.);
#9296 = EDGE_CURVE('',#9267,#9187,#9297,.T.);
#9297 = LINE('',#9298,#9299);
#9298 = CARTESIAN_POINT('',(7.622,1.908,1.51));
#9299 = VECTOR('',#9300,1.);
#9300 = DIRECTION('',(-1.,0.,0.));
#9301 = PLANE('',#9302);
#9302 = AXIS2_PLACEMENT_3D('',#9303,#9304,#9305);
#9303 = CARTESIAN_POINT('',(7.622,1.908,1.51));
#9304 = DIRECTION('',(0.,-1.,0.));
#9305 = DIRECTION('',(-1.,0.,0.));
#9306 = ADVANCED_FACE('',(#9307),#9313,.F.);
#9307 = FACE_BOUND('',#9308,.T.);
#9308 = EDGE_LOOP('',(#9309,#9310,#9311,#9312));
#9309 = ORIENTED_EDGE('',*,*,#9212,.T.);
#9310 = ORIENTED_EDGE('',*,*,#9243,.T.);
#9311 = ORIENTED_EDGE('',*,*,#9274,.T.);
#9312 = ORIENTED_EDGE('',*,*,#9296,.T.);
#9313 = PLANE('',#9314);
#9314 = AXIS2_PLACEMENT_3D('',#9315,#9316,#9317);
#9315 = CARTESIAN_POINT('',(0.,0.,1.51));
#9316 = DIRECTION('',(0.,0.,1.));
#9317 = DIRECTION('',(1.,0.,-0.));
#9318 = ADVANCED_FACE('',(#9319),#9325,.T.);
#9319 = FACE_BOUND('',#9320,.F.);
#9320 = EDGE_LOOP('',(#9321,#9322,#9323,#9324));
#9321 = ORIENTED_EDGE('',*,*,#9196,.T.);
#9322 = ORIENTED_EDGE('',*,*,#9227,.T.);
#9323 = ORIENTED_EDGE('',*,*,#9258,.T.);
#9324 = ORIENTED_EDGE('',*,*,#9289,.T.);
#9325 = PLANE('',#9326);
#9326 = AXIS2_PLACEMENT_3D('',#9327,#9328,#9329);
#9327 = CARTESIAN_POINT('',(0.,0.,1.55));
#9328 = DIRECTION('',(0.,0.,1.));
#9329 = DIRECTION('',(1.,0.,-0.));
#9330 = ( GEOMETRIC_REPRESENTATION_CONTEXT(3) 
GLOBAL_UNCERTAINTY_ASSIGNED_CONTEXT((#9334)) 
GLOBAL_UNIT_ASSIGNED_CONTEXT((#9331,#9332,#9333)) REPRESENTATION_CONTEXT
('Context #1','3D Context with UNIT and UNCERTAINTY') );
#9331 = ( LENGTH_UNIT() NAMED_UNIT(*) SI_UNIT(.MILLI.,.METRE.) );
#9332 = ( NAMED_UNIT(*) PLANE_ANGLE_UNIT() SI_UNIT($,.RADIAN.) );
#9333 = ( NAMED_UNIT(*) SI_UNIT($,.STERADIAN.) SOLID_ANGLE_UNIT() );
#9334 = UNCERTAINTY_MEASURE_WITH_UNIT(LENGTH_MEASURE(1.E-07),#9331,
  'distance_accuracy_value','confusion accuracy');
#9335 = CONTEXT_DEPENDENT_SHAPE_REPRESENTATION(#9336,#9338);
#9336 = ( REPRESENTATION_RELATIONSHIP('','',#7645,#10) 
REPRESENTATION_RELATIONSHIP_WITH_TRANSFORMATION(#9337) 
SHAPE_REPRESENTATION_RELATIONSHIP() );
#9337 = ITEM_DEFINED_TRANSFORMATION('','',#11,#19);
#9338 = PRODUCT_DEFINITION_SHAPE('Placement','Placement of an item',
  #9339);
#9339 = NEXT_ASSEMBLY_USAGE_OCCURRENCE('2','=>[0:1:1:3]','',#5,#7640,$);
#9340 = PRODUCT_RELATED_PRODUCT_CATEGORY('part',$,(#7642));
#9341 = SHAPE_DEFINITION_REPRESENTATION(#9342,#9348);
#9342 = PRODUCT_DEFINITION_SHAPE('','',#9343);
#9343 = PRODUCT_DEFINITION('design','',#9344,#9347);
#9344 = PRODUCT_DEFINITION_FORMATION('','',#9345);
#9345 = PRODUCT('Spa2117_silkscreen','Spa2117_silkscreen','',(#9346));
#9346 = PRODUCT_CONTEXT('',#2,'mechanical');
#9347 = PRODUCT_DEFINITION_CONTEXT('part definition',#2,'design');
#9348 = SHAPE_REPRESENTATION('',(#11,#9349,#9476,#9712,#9947,#10182,
    #10417,#10494,#10645,#10722,#11170,#11247,#11440,#11633,#11710,
    #11787,#12043,#12250,#12360,#12502,#12665,#12709,#12965,#13237,
    #13297,#13339,#13517),#13724);
#9349 = SHELL_BASED_SURFACE_MODEL('',(#9350));
#9350 = OPEN_SHELL('',(#9351));
#9351 = ADVANCED_FACE('',(#9352),#9471,.T.);
#9352 = FACE_BOUND('',#9353,.F.);
#9353 = EDGE_LOOP('',(#9354,#9365,#9373,#9382,#9390,#9398,#9406,#9415,
    #9423,#9431,#9439,#9448,#9456,#9465));
#9354 = ORIENTED_EDGE('',*,*,#9355,.T.);
#9355 = EDGE_CURVE('',#9356,#9358,#9360,.T.);
#9356 = VERTEX_POINT('',#9357);
#9357 = CARTESIAN_POINT('',(4.983747,1.240911,1.585));
#9358 = VERTEX_POINT('',#9359);
#9359 = CARTESIAN_POINT('',(5.040897,1.298061,1.585));
#9360 = CIRCLE('',#9361,5.714958904257E-02);
#9361 = AXIS2_PLACEMENT_3D('',#9362,#9363,#9364);
#9362 = CARTESIAN_POINT('',(5.040896589041,1.240911410959,1.585));
#9363 = DIRECTION('',(0.,0.,-1.));
#9364 = DIRECTION('',(-0.999999999974,-7.190933688466E-06,-0.));
#9365 = ORIENTED_EDGE('',*,*,#9366,.T.);
#9366 = EDGE_CURVE('',#9358,#9367,#9369,.T.);
#9367 = VERTEX_POINT('',#9368);
#9368 = CARTESIAN_POINT('',(5.349325,1.298061,1.585));
#9369 = LINE('',#9370,#9371);
#9370 = CARTESIAN_POINT('',(5.040897,1.298061,1.585));
#9371 = VECTOR('',#9372,1.);
#9372 = DIRECTION('',(1.,0.,0.));
#9373 = ORIENTED_EDGE('',*,*,#9374,.T.);
#9374 = EDGE_CURVE('',#9367,#9375,#9377,.T.);
#9375 = VERTEX_POINT('',#9376);
#9376 = CARTESIAN_POINT('',(5.349325,1.183761,1.585));
#9377 = CIRCLE('',#9378,5.715000000016E-02);
#9378 = AXIS2_PLACEMENT_3D('',#9379,#9380,#9381);
#9379 = CARTESIAN_POINT('',(5.349325136364,1.240911,1.585));
#9380 = DIRECTION('',(0.,0.,-1.));
#9381 = DIRECTION('',(-2.386065370748E-06,0.999999999997,-0.));
#9382 = ORIENTED_EDGE('',*,*,#9383,.T.);
#9383 = EDGE_CURVE('',#9375,#9384,#9386,.T.);
#9384 = VERTEX_POINT('',#9385);
#9385 = CARTESIAN_POINT('',(5.098047,1.183761,1.585));
#9386 = LINE('',#9387,#9388);
#9387 = CARTESIAN_POINT('',(5.349325,1.183761,1.585));
#9388 = VECTOR('',#9389,1.);
#9389 = DIRECTION('',(-1.,0.,0.));
#9390 = ORIENTED_EDGE('',*,*,#9391,.T.);
#9391 = EDGE_CURVE('',#9384,#9392,#9394,.T.);
#9392 = VERTEX_POINT('',#9393);
#9393 = CARTESIAN_POINT('',(5.098047,0.989632,1.585));
#9394 = LINE('',#9395,#9396);
#9395 = CARTESIAN_POINT('',(5.098047,1.183761,1.585));
#9396 = VECTOR('',#9397,1.);
#9397 = DIRECTION('',(0.,-1.,0.));
#9398 = ORIENTED_EDGE('',*,*,#9399,.T.);
#9399 = EDGE_CURVE('',#9392,#9400,#9402,.T.);
#9400 = VERTEX_POINT('',#9401);
#9401 = CARTESIAN_POINT('',(5.256797,0.989632,1.585));
#9402 = LINE('',#9403,#9404);
#9403 = CARTESIAN_POINT('',(5.098047,0.989632,1.585));
#9404 = VECTOR('',#9405,1.);
#9405 = DIRECTION('',(1.,0.,0.));
#9406 = ORIENTED_EDGE('',*,*,#9407,.T.);
#9407 = EDGE_CURVE('',#9400,#9408,#9410,.T.);
#9408 = VERTEX_POINT('',#9409);
#9409 = CARTESIAN_POINT('',(5.256797,0.875332,1.585));
#9410 = CIRCLE('',#9411,5.715000000016E-02);
#9411 = AXIS2_PLACEMENT_3D('',#9412,#9413,#9414);
#9412 = CARTESIAN_POINT('',(5.256797136364,0.932482,1.585));
#9413 = DIRECTION('',(0.,0.,-1.));
#9414 = DIRECTION('',(-2.386065370747E-06,0.999999999997,-0.));
#9415 = ORIENTED_EDGE('',*,*,#9416,.T.);
#9416 = EDGE_CURVE('',#9408,#9417,#9419,.T.);
#9417 = VERTEX_POINT('',#9418);
#9418 = CARTESIAN_POINT('',(5.098047,0.875332,1.585));
#9419 = LINE('',#9420,#9421);
#9420 = CARTESIAN_POINT('',(5.256797,0.875332,1.585));
#9421 = VECTOR('',#9422,1.);
#9422 = DIRECTION('',(-1.,0.,0.));
#9423 = ORIENTED_EDGE('',*,*,#9424,.T.);
#9424 = EDGE_CURVE('',#9417,#9425,#9427,.T.);
#9425 = VERTEX_POINT('',#9426);
#9426 = CARTESIAN_POINT('',(5.098047,0.650361,1.585));
#9427 = LINE('',#9428,#9429);
#9428 = CARTESIAN_POINT('',(5.098047,0.875332,1.585));
#9429 = VECTOR('',#9430,1.);
#9430 = DIRECTION('',(0.,-1.,0.));
#9431 = ORIENTED_EDGE('',*,*,#9432,.T.);
#9432 = EDGE_CURVE('',#9425,#9433,#9435,.T.);
#9433 = VERTEX_POINT('',#9434);
#9434 = CARTESIAN_POINT('',(5.349325,0.650361,1.585));
#9435 = LINE('',#9436,#9437);
#9436 = CARTESIAN_POINT('',(5.098047,0.650361,1.585));
#9437 = VECTOR('',#9438,1.);
#9438 = DIRECTION('',(1.,0.,0.));
#9439 = ORIENTED_EDGE('',*,*,#9440,.T.);
#9440 = EDGE_CURVE('',#9433,#9441,#9443,.T.);
#9441 = VERTEX_POINT('',#9442);
#9442 = CARTESIAN_POINT('',(5.349325,0.536061,1.585));
#9443 = CIRCLE('',#9444,5.715000000016E-02);
#9444 = AXIS2_PLACEMENT_3D('',#9445,#9446,#9447);
#9445 = CARTESIAN_POINT('',(5.349325136364,0.593211,1.585));
#9446 = DIRECTION('',(0.,0.,-1.));
#9447 = DIRECTION('',(-2.386065370748E-06,0.999999999997,-0.));
#9448 = ORIENTED_EDGE('',*,*,#9449,.T.);
#9449 = EDGE_CURVE('',#9441,#9450,#9452,.T.);
#9450 = VERTEX_POINT('',#9451);
#9451 = CARTESIAN_POINT('',(5.040897,0.536061,1.585));
#9452 = LINE('',#9453,#9454);
#9453 = CARTESIAN_POINT('',(5.349325,0.536061,1.585));
#9454 = VECTOR('',#9455,1.);
#9455 = DIRECTION('',(-1.,0.,0.));
#9456 = ORIENTED_EDGE('',*,*,#9457,.T.);
#9457 = EDGE_CURVE('',#9450,#9458,#9460,.T.);
#9458 = VERTEX_POINT('',#9459);
#9459 = CARTESIAN_POINT('',(4.983747,0.593211,1.585));
#9460 = CIRCLE('',#9461,5.714958904257E-02);
#9461 = AXIS2_PLACEMENT_3D('',#9462,#9463,#9464);
#9462 = CARTESIAN_POINT('',(5.040896589041,0.593210589041,1.585));
#9463 = DIRECTION('',(0.,0.,-1.));
#9464 = DIRECTION('',(7.190933672924E-06,-0.999999999974,0.));
#9465 = ORIENTED_EDGE('',*,*,#9466,.T.);
#9466 = EDGE_CURVE('',#9458,#9356,#9467,.T.);
#9467 = LINE('',#9468,#9469);
#9468 = CARTESIAN_POINT('',(4.983747,0.593211,1.585));
#9469 = VECTOR('',#9470,1.);
#9470 = DIRECTION('',(0.,1.,0.));
#9471 = PLANE('',#9472);
#9472 = AXIS2_PLACEMENT_3D('',#9473,#9474,#9475);
#9473 = CARTESIAN_POINT('',(0.,0.,1.585));
#9474 = DIRECTION('',(0.,0.,1.));
#9475 = DIRECTION('',(1.,0.,-0.));
#9476 = SHELL_BASED_SURFACE_MODEL('',(#9477));
#9477 = OPEN_SHELL('',(#9478));
#9478 = ADVANCED_FACE('',(#9479,#9637),#9707,.T.);
#9479 = FACE_BOUND('',#9480,.F.);
#9480 = EDGE_LOOP('',(#9481,#9492,#9500,#9508,#9517,#9525,#9533,#9541,
    #9549,#9557,#9565,#9573,#9581,#9589,#9598,#9606,#9615,#9623,#9631));
#9481 = ORIENTED_EDGE('',*,*,#9482,.T.);
#9482 = EDGE_CURVE('',#9483,#9485,#9487,.T.);
#9483 = VERTEX_POINT('',#9484);
#9484 = CARTESIAN_POINT('',(6.774339,0.977186,1.585));
#9485 = VERTEX_POINT('',#9486);
#9486 = CARTESIAN_POINT('',(6.927596,1.261185,1.585));
#9487 = CIRCLE('',#9488,0.406421293761);
#9488 = AXIS2_PLACEMENT_3D('',#9489,#9490,#9491);
#9489 = CARTESIAN_POINT('',(7.179237618067,0.942038068197,1.585));
#9490 = DIRECTION('',(0.,0.,-1.));
#9491 = DIRECTION('',(-0.996253454931,8.648152137326E-02,0.));
#9492 = ORIENTED_EDGE('',*,*,#9493,.T.);
#9493 = EDGE_CURVE('',#9485,#9494,#9496,.T.);
#9494 = VERTEX_POINT('',#9495);
#9495 = CARTESIAN_POINT('',(7.001958,1.295499,1.585));
#9496 = LINE('',#9497,#9498);
#9497 = CARTESIAN_POINT('',(6.927596,1.261185,1.585));
#9498 = VECTOR('',#9499,1.);
#9499 = DIRECTION('',(0.90799154587,0.418988487466,0.));
#9500 = ORIENTED_EDGE('',*,*,#9501,.T.);
#9501 = EDGE_CURVE('',#9494,#9502,#9504,.T.);
#9502 = VERTEX_POINT('',#9503);
#9503 = CARTESIAN_POINT('',(7.138212,1.298061,1.585));
#9504 = LINE('',#9505,#9506);
#9505 = CARTESIAN_POINT('',(7.001958,1.295499,1.585));
#9506 = VECTOR('',#9507,1.);
#9507 = DIRECTION('',(0.999823268244,1.879979459863E-02,0.));
#9508 = ORIENTED_EDGE('',*,*,#9509,.T.);
#9509 = EDGE_CURVE('',#9502,#9510,#9512,.T.);
#9510 = VERTEX_POINT('',#9511);
#9511 = CARTESIAN_POINT('',(7.138212,1.183761,1.585));
#9512 = CIRCLE('',#9513,5.715000000016E-02);
#9513 = AXIS2_PLACEMENT_3D('',#9514,#9515,#9516);
#9514 = CARTESIAN_POINT('',(7.138212136364,1.240911,1.585));
#9515 = DIRECTION('',(0.,0.,-1.));
#9516 = DIRECTION('',(-2.386065370748E-06,0.999999999997,-0.));
#9517 = ORIENTED_EDGE('',*,*,#9518,.T.);
#9518 = EDGE_CURVE('',#9510,#9519,#9521,.T.);
#9519 = VERTEX_POINT('',#9520);
#9520 = CARTESIAN_POINT('',(7.028332,1.183761,1.585));
#9521 = LINE('',#9522,#9523);
#9522 = CARTESIAN_POINT('',(7.138212,1.183761,1.585));
#9523 = VECTOR('',#9524,1.);
#9524 = DIRECTION('',(-1.,0.,0.));
#9525 = ORIENTED_EDGE('',*,*,#9526,.T.);
#9526 = EDGE_CURVE('',#9519,#9527,#9529,.T.);
#9527 = VERTEX_POINT('',#9528);
#9528 = CARTESIAN_POINT('',(6.987006,1.163099,1.585));
#9529 = LINE('',#9530,#9531);
#9530 = CARTESIAN_POINT('',(7.028332,1.183761,1.585));
#9531 = VECTOR('',#9532,1.);
#9532 = DIRECTION('',(-0.894435848199,-0.447196280683,0.));
#9533 = ORIENTED_EDGE('',*,*,#9534,.T.);
#9534 = EDGE_CURVE('',#9527,#9535,#9537,.T.);
#9535 = VERTEX_POINT('',#9536);
#9536 = CARTESIAN_POINT('',(6.966726,1.142818,1.585));
#9537 = LINE('',#9538,#9539);
#9538 = CARTESIAN_POINT('',(6.987006,1.163099,1.585));
#9539 = VECTOR('',#9540,1.);
#9540 = DIRECTION('',(-0.707089347802,-0.707124214141,0.));
#9541 = ORIENTED_EDGE('',*,*,#9542,.T.);
#9542 = EDGE_CURVE('',#9535,#9543,#9545,.T.);
#9543 = VERTEX_POINT('',#9544);
#9544 = CARTESIAN_POINT('',(6.913669,1.063232,1.585));
#9545 = LINE('',#9546,#9547);
#9546 = CARTESIAN_POINT('',(6.966726,1.142818,1.585));
#9547 = VECTOR('',#9548,1.);
#9548 = DIRECTION('',(-0.554697783588,-0.832051902758,0.));
#9549 = ORIENTED_EDGE('',*,*,#9550,.T.);
#9550 = EDGE_CURVE('',#9543,#9551,#9553,.T.);
#9551 = VERTEX_POINT('',#9552);
#9552 = CARTESIAN_POINT('',(6.906551,1.034763,1.585));
#9553 = LINE('',#9554,#9555);
#9554 = CARTESIAN_POINT('',(6.913669,1.063232,1.585));
#9555 = VECTOR('',#9556,1.);
#9556 = DIRECTION('',(-0.242559679274,-0.970136486269,0.));
#9557 = ORIENTED_EDGE('',*,*,#9558,.T.);
#9558 = EDGE_CURVE('',#9551,#9559,#9561,.T.);
#9559 = VERTEX_POINT('',#9560);
#9560 = CARTESIAN_POINT('',(6.950345,1.05076,1.585));
#9561 = LINE('',#9562,#9563);
#9562 = CARTESIAN_POINT('',(6.906551,1.034763,1.585));
#9563 = VECTOR('',#9564,1.);
#9564 = DIRECTION('',(0.939297095278,0.343104891838,0.));
#9565 = ORIENTED_EDGE('',*,*,#9566,.T.);
#9566 = EDGE_CURVE('',#9559,#9567,#9569,.T.);
#9567 = VERTEX_POINT('',#9568);
#9568 = CARTESIAN_POINT('',(7.089412,1.048755,1.585));
#9569 = LINE('',#9570,#9571);
#9570 = CARTESIAN_POINT('',(6.950345,1.05076,1.585));
#9571 = VECTOR('',#9572,1.);
#9572 = DIRECTION('',(0.999896083889,-1.441601277224E-02,0.));
#9573 = ORIENTED_EDGE('',*,*,#9574,.T.);
#9574 = EDGE_CURVE('',#9567,#9575,#9577,.T.);
#9575 = VERTEX_POINT('',#9576);
#9576 = CARTESIAN_POINT('',(7.178624,1.003735,1.585));
#9577 = LINE('',#9578,#9579);
#9578 = CARTESIAN_POINT('',(7.089412,1.048755,1.585));
#9579 = VECTOR('',#9580,1.);
#9580 = DIRECTION('',(0.892763854917,-0.450524915352,0.));
#9581 = ORIENTED_EDGE('',*,*,#9582,.T.);
#9582 = EDGE_CURVE('',#9575,#9583,#9585,.T.);
#9583 = VERTEX_POINT('',#9584);
#9584 = CARTESIAN_POINT('',(7.220171,0.95804,1.585));
#9585 = LINE('',#9586,#9587);
#9586 = CARTESIAN_POINT('',(7.178624,1.003735,1.585));
#9587 = VECTOR('',#9588,1.);
#9588 = DIRECTION('',(0.672726789781,-0.73989098272,0.));
#9589 = ORIENTED_EDGE('',*,*,#9590,.T.);
#9590 = EDGE_CURVE('',#9583,#9591,#9593,.T.);
#9591 = VERTEX_POINT('',#9592);
#9592 = CARTESIAN_POINT('',(7.209466,0.614486,1.585));
#9593 = CIRCLE('',#9594,0.305254138769);
#9594 = AXIS2_PLACEMENT_3D('',#9595,#9596,#9597);
#9595 = CARTESIAN_POINT('',(6.962663054146,0.794120059001,1.585));
#9596 = DIRECTION('',(0.,0.,-1.));
#9597 = DIRECTION('',(0.843585436362,0.536994982806,0.));
#9598 = ORIENTED_EDGE('',*,*,#9599,.T.);
#9599 = EDGE_CURVE('',#9591,#9600,#9602,.T.);
#9600 = VERTEX_POINT('',#9601);
#9601 = CARTESIAN_POINT('',(7.16377,0.572936,1.585));
#9602 = LINE('',#9603,#9604);
#9603 = CARTESIAN_POINT('',(7.209466,0.614486,1.585));
#9604 = VECTOR('',#9605,1.);
#9605 = DIRECTION('',(-0.739874132733,-0.672745321583,0.));
#9606 = ORIENTED_EDGE('',*,*,#9607,.T.);
#9607 = EDGE_CURVE('',#9600,#9608,#9610,.T.);
#9608 = VERTEX_POINT('',#9609);
#9609 = CARTESIAN_POINT('',(6.851058,0.583642,1.585));
#9610 = CIRCLE('',#9611,0.269637532789);
#9611 = AXIS2_PLACEMENT_3D('',#9612,#9613,#9614);
#9612 = CARTESIAN_POINT('',(7.014928159433,0.797770395913,1.585));
#9613 = DIRECTION('',(-0.,0.,-1.));
#9614 = DIRECTION('',(0.55200712982,-0.833839390187,-0.));
#9615 = ORIENTED_EDGE('',*,*,#9616,.T.);
#9616 = EDGE_CURVE('',#9608,#9617,#9619,.T.);
#9617 = VERTEX_POINT('',#9618);
#9618 = CARTESIAN_POINT('',(6.809509,0.629338,1.585));
#9619 = LINE('',#9620,#9621);
#9620 = CARTESIAN_POINT('',(6.851058,0.583642,1.585));
#9621 = VECTOR('',#9622,1.);
#9622 = DIRECTION('',(-0.672736458141,0.739882191898,0.));
#9623 = ORIENTED_EDGE('',*,*,#9624,.T.);
#9624 = EDGE_CURVE('',#9617,#9625,#9627,.T.);
#9625 = VERTEX_POINT('',#9626);
#9626 = CARTESIAN_POINT('',(6.775196,0.703696,1.585));
#9627 = LINE('',#9628,#9629);
#9628 = CARTESIAN_POINT('',(6.809509,0.629338,1.585));
#9629 = VECTOR('',#9630,1.);
#9630 = DIRECTION('',(-0.418997002239,0.907987616719,0.));
#9631 = ORIENTED_EDGE('',*,*,#9632,.T.);
#9632 = EDGE_CURVE('',#9625,#9483,#9633,.T.);
#9633 = LINE('',#9634,#9635);
#9634 = CARTESIAN_POINT('',(6.775196,0.703696,1.585));
#9635 = VECTOR('',#9636,1.);
#9636 = DIRECTION('',(-3.133554398618E-03,0.999995090406,0.));
#9637 = FACE_BOUND('',#9638,.F.);
#9638 = EDGE_LOOP('',(#9639,#9650,#9658,#9667,#9675,#9684,#9692,#9701));
#9639 = ORIENTED_EDGE('',*,*,#9640,.T.);
#9640 = EDGE_CURVE('',#9641,#9643,#9645,.T.);
#9641 = VERTEX_POINT('',#9642);
#9642 = CARTESIAN_POINT('',(7.104357,0.916358,1.585));
#9643 = VERTEX_POINT('',#9644);
#9644 = CARTESIAN_POINT('',(6.925322,0.916357,1.585));
#9645 = CIRCLE('',#9646,0.155692562549);
#9646 = AXIS2_PLACEMENT_3D('',#9647,#9648,#9649);
#9647 = CARTESIAN_POINT('',(7.014840211506,0.788973076989,1.585));
#9648 = DIRECTION('',(0.,0.,1.));
#9649 = DIRECTION('',(0.574958668731,0.818182454744,-0.));
#9650 = ORIENTED_EDGE('',*,*,#9651,.T.);
#9651 = EDGE_CURVE('',#9643,#9652,#9654,.T.);
#9652 = VERTEX_POINT('',#9653);
#9653 = CARTESIAN_POINT('',(6.907594,0.898629,1.585));
#9654 = LINE('',#9655,#9656);
#9655 = CARTESIAN_POINT('',(6.925322,0.916357,1.585));
#9656 = VECTOR('',#9657,1.);
#9657 = DIRECTION('',(-0.707106781187,-0.707106781187,0.));
#9658 = ORIENTED_EDGE('',*,*,#9659,.T.);
#9659 = EDGE_CURVE('',#9652,#9660,#9662,.T.);
#9660 = VERTEX_POINT('',#9661);
#9661 = CARTESIAN_POINT('',(6.907594,0.68875,1.585));
#9662 = CIRCLE('',#9663,0.189868040379);
#9663 = AXIS2_PLACEMENT_3D('',#9664,#9665,#9666);
#9664 = CARTESIAN_POINT('',(7.065826658124,0.7936895,1.585));
#9665 = DIRECTION('',(0.,0.,1.));
#9666 = DIRECTION('',(-0.833382268066,0.552697019418,0.));
#9667 = ORIENTED_EDGE('',*,*,#9668,.T.);
#9668 = EDGE_CURVE('',#9660,#9669,#9671,.T.);
#9669 = VERTEX_POINT('',#9670);
#9670 = CARTESIAN_POINT('',(6.92532,0.671024,1.585));
#9671 = LINE('',#9672,#9673);
#9672 = CARTESIAN_POINT('',(6.907594,0.68875,1.585));
#9673 = VECTOR('',#9674,1.);
#9674 = DIRECTION('',(0.707106781187,-0.707106781187,0.));
#9675 = ORIENTED_EDGE('',*,*,#9676,.T.);
#9676 = EDGE_CURVE('',#9669,#9677,#9679,.T.);
#9677 = VERTEX_POINT('',#9678);
#9678 = CARTESIAN_POINT('',(7.104358,0.671022,1.585));
#9679 = CIRCLE('',#9680,0.155693361975);
#9680 = AXIS2_PLACEMENT_3D('',#9681,#9682,#9683);
#9681 = CARTESIAN_POINT('',(7.014840422987,0.798407345973,1.585));
#9682 = DIRECTION('',(0.,0.,1.));
#9683 = DIRECTION('',(-0.57497906045,-0.818168124559,0.));
#9684 = ORIENTED_EDGE('',*,*,#9685,.T.);
#9685 = EDGE_CURVE('',#9677,#9686,#9688,.T.);
#9686 = VERTEX_POINT('',#9687);
#9687 = CARTESIAN_POINT('',(7.122084,0.68875,1.585));
#9688 = LINE('',#9689,#9690);
#9689 = CARTESIAN_POINT('',(7.104358,0.671022,1.585));
#9690 = VECTOR('',#9691,1.);
#9691 = DIRECTION('',(0.707066891373,0.70714666875,0.));
#9692 = ORIENTED_EDGE('',*,*,#9693,.T.);
#9693 = EDGE_CURVE('',#9686,#9694,#9696,.T.);
#9694 = VERTEX_POINT('',#9695);
#9695 = CARTESIAN_POINT('',(7.122084,0.898629,1.585));
#9696 = CIRCLE('',#9697,0.189853610224);
#9697 = AXIS2_PLACEMENT_3D('',#9698,#9699,#9700);
#9698 = CARTESIAN_POINT('',(6.963868657334,0.7936895,1.585));
#9699 = DIRECTION('',(0.,-0.,1.));
#9700 = DIRECTION('',(0.833354406477,-0.552739028119,-0.));
#9701 = ORIENTED_EDGE('',*,*,#9702,.T.);
#9702 = EDGE_CURVE('',#9694,#9641,#9703,.T.);
#9703 = LINE('',#9704,#9705);
#9704 = CARTESIAN_POINT('',(7.122084,0.898629,1.585));
#9705 = VECTOR('',#9706,1.);
#9706 = DIRECTION('',(-0.707066893623,0.7071466665,0.));
#9707 = PLANE('',#9708);
#9708 = AXIS2_PLACEMENT_3D('',#9709,#9710,#9711);
#9709 = CARTESIAN_POINT('',(0.,0.,1.585));
#9710 = DIRECTION('',(0.,0.,1.));
#9711 = DIRECTION('',(1.,0.,-0.));
#9712 = SHELL_BASED_SURFACE_MODEL('',(#9713));
#9713 = OPEN_SHELL('',(#9714));
#9714 = ADVANCED_FACE('',(#9715,#9840),#9942,.T.);
#9715 = FACE_BOUND('',#9716,.F.);
#9716 = EDGE_LOOP('',(#9717,#9728,#9736,#9744,#9752,#9761,#9769,#9777,
    #9785,#9793,#9801,#9809,#9817,#9826,#9834));
#9717 = ORIENTED_EDGE('',*,*,#9718,.T.);
#9718 = EDGE_CURVE('',#9719,#9721,#9723,.T.);
#9719 = VERTEX_POINT('',#9720);
#9720 = CARTESIAN_POINT('',(7.51361,1.261184,1.585));
#9721 = VERTEX_POINT('',#9722);
#9722 = CARTESIAN_POINT('',(7.688098,1.292028,1.585));
#9723 = CIRCLE('',#9724,0.195203261428);
#9724 = AXIS2_PLACEMENT_3D('',#9725,#9726,#9727);
#9725 = CARTESIAN_POINT('',(7.631131641358,1.105321954958,1.585));
#9726 = DIRECTION('',(0.,0.,-1.));
#9727 = DIRECTION('',(-0.602047529832,0.798460250622,0.));
#9728 = ORIENTED_EDGE('',*,*,#9729,.T.);
#9729 = EDGE_CURVE('',#9721,#9730,#9732,.T.);
#9730 = VERTEX_POINT('',#9731);
#9731 = CARTESIAN_POINT('',(7.764637,1.250479,1.585));
#9732 = LINE('',#9733,#9734);
#9733 = CARTESIAN_POINT('',(7.688098,1.292028,1.585));
#9734 = VECTOR('',#9735,1.);
#9735 = DIRECTION('',(0.878857008149,-0.477085274587,0.));
#9736 = ORIENTED_EDGE('',*,*,#9737,.T.);
#9737 = EDGE_CURVE('',#9730,#9738,#9740,.T.);
#9738 = VERTEX_POINT('',#9739);
#9739 = CARTESIAN_POINT('',(7.806186,1.204783,1.585));
#9740 = LINE('',#9741,#9742);
#9741 = CARTESIAN_POINT('',(7.764637,1.250479,1.585));
#9742 = VECTOR('',#9743,1.);
#9743 = DIRECTION('',(0.672736458141,-0.739882191898,0.));
#9744 = ORIENTED_EDGE('',*,*,#9745,.T.);
#9745 = EDGE_CURVE('',#9738,#9746,#9748,.T.);
#9746 = VERTEX_POINT('',#9747);
#9747 = CARTESIAN_POINT('',(7.841355,1.1314,1.585));
#9748 = LINE('',#9749,#9750);
#9749 = CARTESIAN_POINT('',(7.806186,1.204783,1.585));
#9750 = VECTOR('',#9751,1.);
#9751 = DIRECTION('',(0.432183267149,-0.901785796958,0.));
#9752 = ORIENTED_EDGE('',*,*,#9753,.T.);
#9753 = EDGE_CURVE('',#9746,#9754,#9756,.T.);
#9754 = VERTEX_POINT('',#9755);
#9755 = CARTESIAN_POINT('',(7.837028,0.691025,1.585));
#9756 = CIRCLE('',#9757,0.635333396843);
#9757 = AXIS2_PLACEMENT_3D('',#9758,#9759,#9760);
#9758 = CARTESIAN_POINT('',(7.243266149289,0.917067893682,1.585));
#9759 = DIRECTION('',(0.,0.,-1.));
#9760 = DIRECTION('',(0.941377950039,0.337353753767,0.));
#9761 = ORIENTED_EDGE('',*,*,#9762,.T.);
#9762 = EDGE_CURVE('',#9754,#9763,#9765,.T.);
#9763 = VERTEX_POINT('',#9764);
#9764 = CARTESIAN_POINT('',(7.79548,0.614485,1.585));
#9765 = LINE('',#9766,#9767);
#9766 = CARTESIAN_POINT('',(7.837028,0.691025,1.585));
#9767 = VECTOR('',#9768,1.);
#9768 = DIRECTION('',(-0.477071591166,-0.878864436021,0.));
#9769 = ORIENTED_EDGE('',*,*,#9770,.T.);
#9770 = EDGE_CURVE('',#9763,#9771,#9773,.T.);
#9771 = VERTEX_POINT('',#9772);
#9772 = CARTESIAN_POINT('',(7.749784,0.572936,1.585));
#9773 = LINE('',#9774,#9775);
#9774 = CARTESIAN_POINT('',(7.79548,0.614485,1.585));
#9775 = VECTOR('',#9776,1.);
#9776 = DIRECTION('',(-0.739882191898,-0.672736458141,0.));
#9777 = ORIENTED_EDGE('',*,*,#9778,.T.);
#9778 = EDGE_CURVE('',#9771,#9779,#9781,.T.);
#9779 = VERTEX_POINT('',#9780);
#9780 = CARTESIAN_POINT('',(7.675424,0.538624,1.585));
#9781 = LINE('',#9782,#9783);
#9782 = CARTESIAN_POINT('',(7.749784,0.572936,1.585));
#9783 = VECTOR('',#9784,1.);
#9784 = DIRECTION('',(-0.907996549473,-0.418977643969,0.));
#9785 = ORIENTED_EDGE('',*,*,#9786,.T.);
#9786 = EDGE_CURVE('',#9779,#9787,#9789,.T.);
#9787 = VERTEX_POINT('',#9788);
#9788 = CARTESIAN_POINT('',(7.587969,0.538624,1.585));
#9789 = LINE('',#9790,#9791);
#9790 = CARTESIAN_POINT('',(7.675424,0.538624,1.585));
#9791 = VECTOR('',#9792,1.);
#9792 = DIRECTION('',(-1.,0.,0.));
#9793 = ORIENTED_EDGE('',*,*,#9794,.T.);
#9794 = EDGE_CURVE('',#9787,#9795,#9797,.T.);
#9795 = VERTEX_POINT('',#9796);
#9796 = CARTESIAN_POINT('',(7.498758,0.583642,1.585));
#9797 = LINE('',#9798,#9799);
#9798 = CARTESIAN_POINT('',(7.587969,0.538624,1.585));
#9799 = VECTOR('',#9800,1.);
#9800 = DIRECTION('',(-0.892769873807,0.450512988074,0.));
#9801 = ORIENTED_EDGE('',*,*,#9802,.T.);
#9802 = EDGE_CURVE('',#9795,#9803,#9805,.T.);
#9803 = VERTEX_POINT('',#9804);
#9804 = CARTESIAN_POINT('',(7.457209,0.629338,1.585));
#9805 = LINE('',#9806,#9807);
#9806 = CARTESIAN_POINT('',(7.498758,0.583642,1.585));
#9807 = VECTOR('',#9808,1.);
#9808 = DIRECTION('',(-0.672736458141,0.739882191898,0.));
#9809 = ORIENTED_EDGE('',*,*,#9810,.T.);
#9810 = EDGE_CURVE('',#9803,#9811,#9813,.T.);
#9811 = VERTEX_POINT('',#9812);
#9812 = CARTESIAN_POINT('',(7.422039,0.702721,1.585));
#9813 = LINE('',#9814,#9815);
#9814 = CARTESIAN_POINT('',(7.457209,0.629338,1.585));
#9815 = VECTOR('',#9816,1.);
#9816 = DIRECTION('',(-0.432193260503,0.901781007549,0.));
#9817 = ORIENTED_EDGE('',*,*,#9818,.T.);
#9818 = EDGE_CURVE('',#9811,#9819,#9821,.T.);
#9819 = VERTEX_POINT('',#9820);
#9820 = CARTESIAN_POINT('',(7.426366,1.143097,1.585));
#9821 = CIRCLE('',#9822,0.635335519353);
#9822 = AXIS2_PLACEMENT_3D('',#9823,#9824,#9825);
#9823 = CARTESIAN_POINT('',(8.020129928767,0.917053599196,1.585));
#9824 = DIRECTION('',(0.,0.,-1.));
#9825 = DIRECTION('',(-0.941378075912,-0.337353402522,-0.));
#9826 = ORIENTED_EDGE('',*,*,#9827,.T.);
#9827 = EDGE_CURVE('',#9819,#9828,#9830,.T.);
#9828 = VERTEX_POINT('',#9829);
#9829 = CARTESIAN_POINT('',(7.467915,1.219636,1.585));
#9830 = LINE('',#9831,#9832);
#9831 = CARTESIAN_POINT('',(7.426366,1.143097,1.585));
#9832 = VECTOR('',#9833,1.);
#9833 = DIRECTION('',(0.477085274587,0.878857008149,0.));
#9834 = ORIENTED_EDGE('',*,*,#9835,.T.);
#9835 = EDGE_CURVE('',#9828,#9719,#9836,.T.);
#9836 = LINE('',#9837,#9838);
#9837 = CARTESIAN_POINT('',(7.467915,1.219636,1.585));
#9838 = VECTOR('',#9839,1.);
#9839 = DIRECTION('',(0.739882923303,0.672735653734,0.));
#9840 = FACE_BOUND('',#9841,.F.);
#9841 = EDGE_LOOP('',(#9842,#9853,#9861,#9869,#9878,#9886,#9894,#9903,
    #9911,#9919,#9928,#9936));
#9842 = ORIENTED_EDGE('',*,*,#9843,.T.);
#9843 = EDGE_CURVE('',#9844,#9846,#9848,.T.);
#9844 = VERTEX_POINT('',#9845);
#9845 = CARTESIAN_POINT('',(7.690372,1.1631,1.585));
#9846 = VERTEX_POINT('',#9847);
#9847 = CARTESIAN_POINT('',(7.573022,1.1631,1.585));
#9848 = CIRCLE('',#9849,8.808471565062E-02);
#9849 = AXIS2_PLACEMENT_3D('',#9850,#9851,#9852);
#9850 = CARTESIAN_POINT('',(7.631697,1.0974025,1.585));
#9851 = DIRECTION('',(0.,0.,1.));
#9852 = DIRECTION('',(0.666120104568,0.74584449203,-0.));
#9853 = ORIENTED_EDGE('',*,*,#9854,.T.);
#9854 = EDGE_CURVE('',#9846,#9855,#9857,.T.);
#9855 = VERTEX_POINT('',#9856);
#9856 = CARTESIAN_POINT('',(7.555294,1.145372,1.585));
#9857 = LINE('',#9858,#9859);
#9858 = CARTESIAN_POINT('',(7.573022,1.1631,1.585));
#9859 = VECTOR('',#9860,1.);
#9860 = DIRECTION('',(-0.707106781187,-0.707106781187,0.));
#9861 = ORIENTED_EDGE('',*,*,#9862,.T.);
#9862 = EDGE_CURVE('',#9855,#9863,#9865,.T.);
#9863 = VERTEX_POINT('',#9864);
#9864 = CARTESIAN_POINT('',(7.531405,1.097593,1.585));
#9865 = LINE('',#9866,#9867);
#9866 = CARTESIAN_POINT('',(7.555294,1.145372,1.585));
#9867 = VECTOR('',#9868,1.);
#9868 = DIRECTION('',(-0.447206107417,-0.894430935002,0.));
#9869 = ORIENTED_EDGE('',*,*,#9870,.T.);
#9870 = EDGE_CURVE('',#9863,#9871,#9873,.T.);
#9871 = VERTEX_POINT('',#9872);
#9872 = CARTESIAN_POINT('',(7.531405,0.736529,1.585));
#9873 = CIRCLE('',#9874,0.519765329182);
#9874 = AXIS2_PLACEMENT_3D('',#9875,#9876,#9877);
#9875 = CARTESIAN_POINT('',(8.018810574851,0.917061,1.585));
#9876 = DIRECTION('',(0.,0.,1.));
#9877 = DIRECTION('',(-0.937741606617,0.347333671302,0.));
#9878 = ORIENTED_EDGE('',*,*,#9879,.T.);
#9879 = EDGE_CURVE('',#9871,#9880,#9882,.T.);
#9880 = VERTEX_POINT('',#9881);
#9881 = CARTESIAN_POINT('',(7.555294,0.68875,1.585));
#9882 = LINE('',#9883,#9884);
#9883 = CARTESIAN_POINT('',(7.531405,0.736529,1.585));
#9884 = VECTOR('',#9885,1.);
#9885 = DIRECTION('',(0.447206107417,-0.894430935002,0.));
#9886 = ORIENTED_EDGE('',*,*,#9887,.T.);
#9887 = EDGE_CURVE('',#9880,#9888,#9890,.T.);
#9888 = VERTEX_POINT('',#9889);
#9889 = CARTESIAN_POINT('',(7.57302,0.671024,1.585));
#9890 = LINE('',#9891,#9892);
#9891 = CARTESIAN_POINT('',(7.555294,0.68875,1.585));
#9892 = VECTOR('',#9893,1.);
#9893 = DIRECTION('',(0.707106781187,-0.707106781187,0.));
#9894 = ORIENTED_EDGE('',*,*,#9895,.T.);
#9895 = EDGE_CURVE('',#9888,#9896,#9898,.T.);
#9896 = VERTEX_POINT('',#9897);
#9897 = CARTESIAN_POINT('',(7.690373,0.671023,1.585));
#9898 = CIRCLE('',#9899,8.808543116241E-02);
#9899 = AXIS2_PLACEMENT_3D('',#9900,#9901,#9902);
#9900 = CARTESIAN_POINT('',(7.631697059825,0.73672061965,1.585));
#9901 = DIRECTION('',(0.,0.,1.));
#9902 = DIRECTION('',(-0.666138078119,-0.745828439308,0.));
#9903 = ORIENTED_EDGE('',*,*,#9904,.T.);
#9904 = EDGE_CURVE('',#9896,#9905,#9907,.T.);
#9905 = VERTEX_POINT('',#9906);
#9906 = CARTESIAN_POINT('',(7.708098,0.688748,1.585));
#9907 = LINE('',#9908,#9909);
#9908 = CARTESIAN_POINT('',(7.690373,0.671023,1.585));
#9909 = VECTOR('',#9910,1.);
#9910 = DIRECTION('',(0.707106781187,0.707106781187,0.));
#9911 = ORIENTED_EDGE('',*,*,#9912,.T.);
#9912 = EDGE_CURVE('',#9905,#9913,#9915,.T.);
#9913 = VERTEX_POINT('',#9914);
#9914 = CARTESIAN_POINT('',(7.731988,0.736529,1.585));
#9915 = LINE('',#9916,#9917);
#9916 = CARTESIAN_POINT('',(7.708098,0.688748,1.585));
#9917 = VECTOR('',#9918,1.);
#9918 = DIRECTION('',(0.44720610773,0.894430934846,0.));
#9919 = ORIENTED_EDGE('',*,*,#9920,.T.);
#9920 = EDGE_CURVE('',#9913,#9921,#9923,.T.);
#9921 = VERTEX_POINT('',#9922);
#9922 = CARTESIAN_POINT('',(7.731988,1.097593,1.585));
#9923 = CIRCLE('',#9924,0.51974784093);
#9924 = AXIS2_PLACEMENT_3D('',#9925,#9926,#9927);
#9925 = CARTESIAN_POINT('',(7.244601074522,0.917061,1.585));
#9926 = DIRECTION('',(0.,-0.,1.));
#9927 = DIRECTION('',(0.937737277766,-0.347345358236,-0.));
#9928 = ORIENTED_EDGE('',*,*,#9929,.T.);
#9929 = EDGE_CURVE('',#9921,#9930,#9932,.T.);
#9930 = VERTEX_POINT('',#9931);
#9931 = CARTESIAN_POINT('',(7.708098,1.145374,1.585));
#9932 = LINE('',#9933,#9934);
#9933 = CARTESIAN_POINT('',(7.731988,1.097593,1.585));
#9934 = VECTOR('',#9935,1.);
#9935 = DIRECTION('',(-0.44720610773,0.894430934846,0.));
#9936 = ORIENTED_EDGE('',*,*,#9937,.T.);
#9937 = EDGE_CURVE('',#9930,#9844,#9938,.T.);
#9938 = LINE('',#9939,#9940);
#9939 = CARTESIAN_POINT('',(7.708098,1.145374,1.585));
#9940 = VECTOR('',#9941,1.);
#9941 = DIRECTION('',(-0.707106781187,0.707106781187,0.));
#9942 = PLANE('',#9943);
#9943 = AXIS2_PLACEMENT_3D('',#9944,#9945,#9946);
#9944 = CARTESIAN_POINT('',(0.,0.,1.585));
#9945 = DIRECTION('',(0.,0.,1.));
#9946 = DIRECTION('',(1.,0.,-0.));
#9947 = SHELL_BASED_SURFACE_MODEL('',(#9948));
#9948 = OPEN_SHELL('',(#9949));
#9949 = ADVANCED_FACE('',(#9950,#10075),#10177,.T.);
#9950 = FACE_BOUND('',#9951,.F.);
#9951 = EDGE_LOOP('',(#9952,#9963,#9971,#9979,#9987,#9996,#10004,#10012,
    #10020,#10028,#10036,#10044,#10052,#10061,#10069));
#9952 = ORIENTED_EDGE('',*,*,#9953,.T.);
#9953 = EDGE_CURVE('',#9954,#9956,#9958,.T.);
#9954 = VERTEX_POINT('',#9955);
#9955 = CARTESIAN_POINT('',(8.130467,1.261184,1.585));
#9956 = VERTEX_POINT('',#9957);
#9957 = CARTESIAN_POINT('',(8.304955,1.292028,1.585));
#9958 = CIRCLE('',#9959,0.195203261428);
#9959 = AXIS2_PLACEMENT_3D('',#9960,#9961,#9962);
#9960 = CARTESIAN_POINT('',(8.247988641358,1.105321954958,1.585));
#9961 = DIRECTION('',(0.,0.,-1.));
#9962 = DIRECTION('',(-0.602047529832,0.798460250622,0.));
#9963 = ORIENTED_EDGE('',*,*,#9964,.T.);
#9964 = EDGE_CURVE('',#9956,#9965,#9967,.T.);
#9965 = VERTEX_POINT('',#9966);
#9966 = CARTESIAN_POINT('',(8.381494,1.250479,1.585));
#9967 = LINE('',#9968,#9969);
#9968 = CARTESIAN_POINT('',(8.304955,1.292028,1.585));
#9969 = VECTOR('',#9970,1.);
#9970 = DIRECTION('',(0.878857008149,-0.477085274587,0.));
#9971 = ORIENTED_EDGE('',*,*,#9972,.T.);
#9972 = EDGE_CURVE('',#9965,#9973,#9975,.T.);
#9973 = VERTEX_POINT('',#9974);
#9974 = CARTESIAN_POINT('',(8.423043,1.204783,1.585));
#9975 = LINE('',#9976,#9977);
#9976 = CARTESIAN_POINT('',(8.381494,1.250479,1.585));
#9977 = VECTOR('',#9978,1.);
#9978 = DIRECTION('',(0.672736458141,-0.739882191898,0.));
#9979 = ORIENTED_EDGE('',*,*,#9980,.T.);
#9980 = EDGE_CURVE('',#9973,#9981,#9983,.T.);
#9981 = VERTEX_POINT('',#9982);
#9982 = CARTESIAN_POINT('',(8.458212,1.1314,1.585));
#9983 = LINE('',#9984,#9985);
#9984 = CARTESIAN_POINT('',(8.423043,1.204783,1.585));
#9985 = VECTOR('',#9986,1.);
#9986 = DIRECTION('',(0.432183267149,-0.901785796958,0.));
#9987 = ORIENTED_EDGE('',*,*,#9988,.T.);
#9988 = EDGE_CURVE('',#9981,#9989,#9991,.T.);
#9989 = VERTEX_POINT('',#9990);
#9990 = CARTESIAN_POINT('',(8.453885,0.691025,1.585));
#9991 = CIRCLE('',#9992,0.635333396843);
#9992 = AXIS2_PLACEMENT_3D('',#9993,#9994,#9995);
#9993 = CARTESIAN_POINT('',(7.860123149289,0.917067893682,1.585));
#9994 = DIRECTION('',(0.,0.,-1.));
#9995 = DIRECTION('',(0.941377950039,0.337353753767,0.));
#9996 = ORIENTED_EDGE('',*,*,#9997,.T.);
#9997 = EDGE_CURVE('',#9989,#9998,#10000,.T.);
#9998 = VERTEX_POINT('',#9999);
#9999 = CARTESIAN_POINT('',(8.412337,0.614485,1.585));
#10000 = LINE('',#10001,#10002);
#10001 = CARTESIAN_POINT('',(8.453885,0.691025,1.585));
#10002 = VECTOR('',#10003,1.);
#10003 = DIRECTION('',(-0.477071591165,-0.878864436021,0.));
#10004 = ORIENTED_EDGE('',*,*,#10005,.T.);
#10005 = EDGE_CURVE('',#9998,#10006,#10008,.T.);
#10006 = VERTEX_POINT('',#10007);
#10007 = CARTESIAN_POINT('',(8.366641,0.572936,1.585));
#10008 = LINE('',#10009,#10010);
#10009 = CARTESIAN_POINT('',(8.412337,0.614485,1.585));
#10010 = VECTOR('',#10011,1.);
#10011 = DIRECTION('',(-0.739882191899,-0.672736458141,0.));
#10012 = ORIENTED_EDGE('',*,*,#10013,.T.);
#10013 = EDGE_CURVE('',#10006,#10014,#10016,.T.);
#10014 = VERTEX_POINT('',#10015);
#10015 = CARTESIAN_POINT('',(8.292281,0.538624,1.585));
#10016 = LINE('',#10017,#10018);
#10017 = CARTESIAN_POINT('',(8.366641,0.572936,1.585));
#10018 = VECTOR('',#10019,1.);
#10019 = DIRECTION('',(-0.907996549473,-0.418977643969,0.));
#10020 = ORIENTED_EDGE('',*,*,#10021,.T.);
#10021 = EDGE_CURVE('',#10014,#10022,#10024,.T.);
#10022 = VERTEX_POINT('',#10023);
#10023 = CARTESIAN_POINT('',(8.204826,0.538624,1.585));
#10024 = LINE('',#10025,#10026);
#10025 = CARTESIAN_POINT('',(8.292281,0.538624,1.585));
#10026 = VECTOR('',#10027,1.);
#10027 = DIRECTION('',(-1.,0.,0.));
#10028 = ORIENTED_EDGE('',*,*,#10029,.T.);
#10029 = EDGE_CURVE('',#10022,#10030,#10032,.T.);
#10030 = VERTEX_POINT('',#10031);
#10031 = CARTESIAN_POINT('',(8.115615,0.583642,1.585));
#10032 = LINE('',#10033,#10034);
#10033 = CARTESIAN_POINT('',(8.204826,0.538624,1.585));
#10034 = VECTOR('',#10035,1.);
#10035 = DIRECTION('',(-0.892769873807,0.450512988074,0.));
#10036 = ORIENTED_EDGE('',*,*,#10037,.T.);
#10037 = EDGE_CURVE('',#10030,#10038,#10040,.T.);
#10038 = VERTEX_POINT('',#10039);
#10039 = CARTESIAN_POINT('',(8.074066,0.629338,1.585));
#10040 = LINE('',#10041,#10042);
#10041 = CARTESIAN_POINT('',(8.115615,0.583642,1.585));
#10042 = VECTOR('',#10043,1.);
#10043 = DIRECTION('',(-0.672736458141,0.739882191898,0.));
#10044 = ORIENTED_EDGE('',*,*,#10045,.T.);
#10045 = EDGE_CURVE('',#10038,#10046,#10048,.T.);
#10046 = VERTEX_POINT('',#10047);
#10047 = CARTESIAN_POINT('',(8.038896,0.702721,1.585));
#10048 = LINE('',#10049,#10050);
#10049 = CARTESIAN_POINT('',(8.074066,0.629338,1.585));
#10050 = VECTOR('',#10051,1.);
#10051 = DIRECTION('',(-0.432193260503,0.901781007549,0.));
#10052 = ORIENTED_EDGE('',*,*,#10053,.T.);
#10053 = EDGE_CURVE('',#10046,#10054,#10056,.T.);
#10054 = VERTEX_POINT('',#10055);
#10055 = CARTESIAN_POINT('',(8.043223,1.143097,1.585));
#10056 = CIRCLE('',#10057,0.635335519353);
#10057 = AXIS2_PLACEMENT_3D('',#10058,#10059,#10060);
#10058 = CARTESIAN_POINT('',(8.636986928767,0.917053599196,1.585));
#10059 = DIRECTION('',(0.,0.,-1.));
#10060 = DIRECTION('',(-0.941378075912,-0.337353402522,-0.));
#10061 = ORIENTED_EDGE('',*,*,#10062,.T.);
#10062 = EDGE_CURVE('',#10054,#10063,#10065,.T.);
#10063 = VERTEX_POINT('',#10064);
#10064 = CARTESIAN_POINT('',(8.084772,1.219636,1.585));
#10065 = LINE('',#10066,#10067);
#10066 = CARTESIAN_POINT('',(8.043223,1.143097,1.585));
#10067 = VECTOR('',#10068,1.);
#10068 = DIRECTION('',(0.477085274587,0.878857008149,0.));
#10069 = ORIENTED_EDGE('',*,*,#10070,.T.);
#10070 = EDGE_CURVE('',#10063,#9954,#10071,.T.);
#10071 = LINE('',#10072,#10073);
#10072 = CARTESIAN_POINT('',(8.084772,1.219636,1.585));
#10073 = VECTOR('',#10074,1.);
#10074 = DIRECTION('',(0.739882923303,0.672735653734,0.));
#10075 = FACE_BOUND('',#10076,.F.);
#10076 = EDGE_LOOP('',(#10077,#10088,#10096,#10104,#10113,#10121,#10129,
    #10138,#10146,#10154,#10163,#10171));
#10077 = ORIENTED_EDGE('',*,*,#10078,.T.);
#10078 = EDGE_CURVE('',#10079,#10081,#10083,.T.);
#10079 = VERTEX_POINT('',#10080);
#10080 = CARTESIAN_POINT('',(8.307229,1.1631,1.585));
#10081 = VERTEX_POINT('',#10082);
#10082 = CARTESIAN_POINT('',(8.189879,1.1631,1.585));
#10083 = CIRCLE('',#10084,8.808471565062E-02);
#10084 = AXIS2_PLACEMENT_3D('',#10085,#10086,#10087);
#10085 = CARTESIAN_POINT('',(8.248554,1.0974025,1.585));
#10086 = DIRECTION('',(0.,0.,1.));
#10087 = DIRECTION('',(0.666120104568,0.74584449203,-0.));
#10088 = ORIENTED_EDGE('',*,*,#10089,.T.);
#10089 = EDGE_CURVE('',#10081,#10090,#10092,.T.);
#10090 = VERTEX_POINT('',#10091);
#10091 = CARTESIAN_POINT('',(8.172151,1.145372,1.585));
#10092 = LINE('',#10093,#10094);
#10093 = CARTESIAN_POINT('',(8.189879,1.1631,1.585));
#10094 = VECTOR('',#10095,1.);
#10095 = DIRECTION('',(-0.707106781187,-0.707106781187,0.));
#10096 = ORIENTED_EDGE('',*,*,#10097,.T.);
#10097 = EDGE_CURVE('',#10090,#10098,#10100,.T.);
#10098 = VERTEX_POINT('',#10099);
#10099 = CARTESIAN_POINT('',(8.148262,1.097593,1.585));
#10100 = LINE('',#10101,#10102);
#10101 = CARTESIAN_POINT('',(8.172151,1.145372,1.585));
#10102 = VECTOR('',#10103,1.);
#10103 = DIRECTION('',(-0.447206107417,-0.894430935002,0.));
#10104 = ORIENTED_EDGE('',*,*,#10105,.T.);
#10105 = EDGE_CURVE('',#10098,#10106,#10108,.T.);
#10106 = VERTEX_POINT('',#10107);
#10107 = CARTESIAN_POINT('',(8.148262,0.736529,1.585));
#10108 = CIRCLE('',#10109,0.519765329182);
#10109 = AXIS2_PLACEMENT_3D('',#10110,#10111,#10112);
#10110 = CARTESIAN_POINT('',(8.635667574851,0.917061,1.585));
#10111 = DIRECTION('',(0.,0.,1.));
#10112 = DIRECTION('',(-0.937741606617,0.347333671302,0.));
#10113 = ORIENTED_EDGE('',*,*,#10114,.T.);
#10114 = EDGE_CURVE('',#10106,#10115,#10117,.T.);
#10115 = VERTEX_POINT('',#10116);
#10116 = CARTESIAN_POINT('',(8.172151,0.68875,1.585));
#10117 = LINE('',#10118,#10119);
#10118 = CARTESIAN_POINT('',(8.148262,0.736529,1.585));
#10119 = VECTOR('',#10120,1.);
#10120 = DIRECTION('',(0.447206107417,-0.894430935002,0.));
#10121 = ORIENTED_EDGE('',*,*,#10122,.T.);
#10122 = EDGE_CURVE('',#10115,#10123,#10125,.T.);
#10123 = VERTEX_POINT('',#10124);
#10124 = CARTESIAN_POINT('',(8.189877,0.671024,1.585));
#10125 = LINE('',#10126,#10127);
#10126 = CARTESIAN_POINT('',(8.172151,0.68875,1.585));
#10127 = VECTOR('',#10128,1.);
#10128 = DIRECTION('',(0.707106781187,-0.707106781187,0.));
#10129 = ORIENTED_EDGE('',*,*,#10130,.T.);
#10130 = EDGE_CURVE('',#10123,#10131,#10133,.T.);
#10131 = VERTEX_POINT('',#10132);
#10132 = CARTESIAN_POINT('',(8.30723,0.671023,1.585));
#10133 = CIRCLE('',#10134,8.808543116241E-02);
#10134 = AXIS2_PLACEMENT_3D('',#10135,#10136,#10137);
#10135 = CARTESIAN_POINT('',(8.248554059825,0.73672061965,1.585));
#10136 = DIRECTION('',(0.,0.,1.));
#10137 = DIRECTION('',(-0.666138078119,-0.745828439308,0.));
#10138 = ORIENTED_EDGE('',*,*,#10139,.T.);
#10139 = EDGE_CURVE('',#10131,#10140,#10142,.T.);
#10140 = VERTEX_POINT('',#10141);
#10141 = CARTESIAN_POINT('',(8.324955,0.688748,1.585));
#10142 = LINE('',#10143,#10144);
#10143 = CARTESIAN_POINT('',(8.30723,0.671023,1.585));
#10144 = VECTOR('',#10145,1.);
#10145 = DIRECTION('',(0.707106781187,0.707106781187,0.));
#10146 = ORIENTED_EDGE('',*,*,#10147,.T.);
#10147 = EDGE_CURVE('',#10140,#10148,#10150,.T.);
#10148 = VERTEX_POINT('',#10149);
#10149 = CARTESIAN_POINT('',(8.348845,0.736529,1.585));
#10150 = LINE('',#10151,#10152);
#10151 = CARTESIAN_POINT('',(8.324955,0.688748,1.585));
#10152 = VECTOR('',#10153,1.);
#10153 = DIRECTION('',(0.44720610773,0.894430934846,0.));
#10154 = ORIENTED_EDGE('',*,*,#10155,.T.);
#10155 = EDGE_CURVE('',#10148,#10156,#10158,.T.);
#10156 = VERTEX_POINT('',#10157);
#10157 = CARTESIAN_POINT('',(8.348845,1.097593,1.585));
#10158 = CIRCLE('',#10159,0.51974784093);
#10159 = AXIS2_PLACEMENT_3D('',#10160,#10161,#10162);
#10160 = CARTESIAN_POINT('',(7.861458074522,0.917061,1.585));
#10161 = DIRECTION('',(0.,-0.,1.));
#10162 = DIRECTION('',(0.937737277766,-0.347345358236,-0.));
#10163 = ORIENTED_EDGE('',*,*,#10164,.T.);
#10164 = EDGE_CURVE('',#10156,#10165,#10167,.T.);
#10165 = VERTEX_POINT('',#10166);
#10166 = CARTESIAN_POINT('',(8.324955,1.145374,1.585));
#10167 = LINE('',#10168,#10169);
#10168 = CARTESIAN_POINT('',(8.348845,1.097593,1.585));
#10169 = VECTOR('',#10170,1.);
#10170 = DIRECTION('',(-0.44720610773,0.894430934846,0.));
#10171 = ORIENTED_EDGE('',*,*,#10172,.T.);
#10172 = EDGE_CURVE('',#10165,#10079,#10173,.T.);
#10173 = LINE('',#10174,#10175);
#10174 = CARTESIAN_POINT('',(8.324955,1.145374,1.585));
#10175 = VECTOR('',#10176,1.);
#10176 = DIRECTION('',(-0.707106781187,0.707106781187,0.));
#10177 = PLANE('',#10178);
#10178 = AXIS2_PLACEMENT_3D('',#10179,#10180,#10181);
#10179 = CARTESIAN_POINT('',(0.,0.,1.585));
#10180 = DIRECTION('',(0.,0.,1.));
#10181 = DIRECTION('',(1.,0.,-0.));
#10182 = SHELL_BASED_SURFACE_MODEL('',(#10183));
#10183 = OPEN_SHELL('',(#10184));
#10184 = ADVANCED_FACE('',(#10185,#10310),#10412,.T.);
#10185 = FACE_BOUND('',#10186,.F.);
#10186 = EDGE_LOOP('',(#10187,#10198,#10206,#10214,#10222,#10231,#10239,
    #10247,#10255,#10263,#10271,#10279,#10287,#10296,#10304));
#10187 = ORIENTED_EDGE('',*,*,#10188,.T.);
#10188 = EDGE_CURVE('',#10189,#10191,#10193,.T.);
#10189 = VERTEX_POINT('',#10190);
#10190 = CARTESIAN_POINT('',(8.747324,1.261184,1.585));
#10191 = VERTEX_POINT('',#10192);
#10192 = CARTESIAN_POINT('',(8.921812,1.292028,1.585));
#10193 = CIRCLE('',#10194,0.195203261428);
#10194 = AXIS2_PLACEMENT_3D('',#10195,#10196,#10197);
#10195 = CARTESIAN_POINT('',(8.864845641358,1.105321954958,1.585));
#10196 = DIRECTION('',(0.,0.,-1.));
#10197 = DIRECTION('',(-0.602047529832,0.798460250622,0.));
#10198 = ORIENTED_EDGE('',*,*,#10199,.T.);
#10199 = EDGE_CURVE('',#10191,#10200,#10202,.T.);
#10200 = VERTEX_POINT('',#10201);
#10201 = CARTESIAN_POINT('',(8.998351,1.250479,1.585));
#10202 = LINE('',#10203,#10204);
#10203 = CARTESIAN_POINT('',(8.921812,1.292028,1.585));
#10204 = VECTOR('',#10205,1.);
#10205 = DIRECTION('',(0.878857008149,-0.477085274587,0.));
#10206 = ORIENTED_EDGE('',*,*,#10207,.T.);
#10207 = EDGE_CURVE('',#10200,#10208,#10210,.T.);
#10208 = VERTEX_POINT('',#10209);
#10209 = CARTESIAN_POINT('',(9.0399,1.204783,1.585));
#10210 = LINE('',#10211,#10212);
#10211 = CARTESIAN_POINT('',(8.998351,1.250479,1.585));
#10212 = VECTOR('',#10213,1.);
#10213 = DIRECTION('',(0.672736458141,-0.739882191898,0.));
#10214 = ORIENTED_EDGE('',*,*,#10215,.T.);
#10215 = EDGE_CURVE('',#10208,#10216,#10218,.T.);
#10216 = VERTEX_POINT('',#10217);
#10217 = CARTESIAN_POINT('',(9.075069,1.1314,1.585));
#10218 = LINE('',#10219,#10220);
#10219 = CARTESIAN_POINT('',(9.0399,1.204783,1.585));
#10220 = VECTOR('',#10221,1.);
#10221 = DIRECTION('',(0.432183267149,-0.901785796958,0.));
#10222 = ORIENTED_EDGE('',*,*,#10223,.T.);
#10223 = EDGE_CURVE('',#10216,#10224,#10226,.T.);
#10224 = VERTEX_POINT('',#10225);
#10225 = CARTESIAN_POINT('',(9.070742,0.691025,1.585));
#10226 = CIRCLE('',#10227,0.635333396843);
#10227 = AXIS2_PLACEMENT_3D('',#10228,#10229,#10230);
#10228 = CARTESIAN_POINT('',(8.476980149289,0.917067893682,1.585));
#10229 = DIRECTION('',(0.,0.,-1.));
#10230 = DIRECTION('',(0.941377950039,0.337353753767,0.));
#10231 = ORIENTED_EDGE('',*,*,#10232,.T.);
#10232 = EDGE_CURVE('',#10224,#10233,#10235,.T.);
#10233 = VERTEX_POINT('',#10234);
#10234 = CARTESIAN_POINT('',(9.029194,0.614485,1.585));
#10235 = LINE('',#10236,#10237);
#10236 = CARTESIAN_POINT('',(9.070742,0.691025,1.585));
#10237 = VECTOR('',#10238,1.);
#10238 = DIRECTION('',(-0.477071591165,-0.878864436021,0.));
#10239 = ORIENTED_EDGE('',*,*,#10240,.T.);
#10240 = EDGE_CURVE('',#10233,#10241,#10243,.T.);
#10241 = VERTEX_POINT('',#10242);
#10242 = CARTESIAN_POINT('',(8.983498,0.572936,1.585));
#10243 = LINE('',#10244,#10245);
#10244 = CARTESIAN_POINT('',(9.029194,0.614485,1.585));
#10245 = VECTOR('',#10246,1.);
#10246 = DIRECTION('',(-0.739882191898,-0.672736458141,0.));
#10247 = ORIENTED_EDGE('',*,*,#10248,.T.);
#10248 = EDGE_CURVE('',#10241,#10249,#10251,.T.);
#10249 = VERTEX_POINT('',#10250);
#10250 = CARTESIAN_POINT('',(8.909138,0.538624,1.585));
#10251 = LINE('',#10252,#10253);
#10252 = CARTESIAN_POINT('',(8.983498,0.572936,1.585));
#10253 = VECTOR('',#10254,1.);
#10254 = DIRECTION('',(-0.907996549473,-0.418977643969,0.));
#10255 = ORIENTED_EDGE('',*,*,#10256,.T.);
#10256 = EDGE_CURVE('',#10249,#10257,#10259,.T.);
#10257 = VERTEX_POINT('',#10258);
#10258 = CARTESIAN_POINT('',(8.821683,0.538624,1.585));
#10259 = LINE('',#10260,#10261);
#10260 = CARTESIAN_POINT('',(8.909138,0.538624,1.585));
#10261 = VECTOR('',#10262,1.);
#10262 = DIRECTION('',(-1.,0.,0.));
#10263 = ORIENTED_EDGE('',*,*,#10264,.T.);
#10264 = EDGE_CURVE('',#10257,#10265,#10267,.T.);
#10265 = VERTEX_POINT('',#10266);
#10266 = CARTESIAN_POINT('',(8.732472,0.583642,1.585));
#10267 = LINE('',#10268,#10269);
#10268 = CARTESIAN_POINT('',(8.821683,0.538624,1.585));
#10269 = VECTOR('',#10270,1.);
#10270 = DIRECTION('',(-0.892769873807,0.450512988074,0.));
#10271 = ORIENTED_EDGE('',*,*,#10272,.T.);
#10272 = EDGE_CURVE('',#10265,#10273,#10275,.T.);
#10273 = VERTEX_POINT('',#10274);
#10274 = CARTESIAN_POINT('',(8.690923,0.629338,1.585));
#10275 = LINE('',#10276,#10277);
#10276 = CARTESIAN_POINT('',(8.732472,0.583642,1.585));
#10277 = VECTOR('',#10278,1.);
#10278 = DIRECTION('',(-0.672736458141,0.739882191898,0.));
#10279 = ORIENTED_EDGE('',*,*,#10280,.T.);
#10280 = EDGE_CURVE('',#10273,#10281,#10283,.T.);
#10281 = VERTEX_POINT('',#10282);
#10282 = CARTESIAN_POINT('',(8.655753,0.702721,1.585));
#10283 = LINE('',#10284,#10285);
#10284 = CARTESIAN_POINT('',(8.690923,0.629338,1.585));
#10285 = VECTOR('',#10286,1.);
#10286 = DIRECTION('',(-0.432193260503,0.901781007549,0.));
#10287 = ORIENTED_EDGE('',*,*,#10288,.T.);
#10288 = EDGE_CURVE('',#10281,#10289,#10291,.T.);
#10289 = VERTEX_POINT('',#10290);
#10290 = CARTESIAN_POINT('',(8.66008,1.143097,1.585));
#10291 = CIRCLE('',#10292,0.635335519353);
#10292 = AXIS2_PLACEMENT_3D('',#10293,#10294,#10295);
#10293 = CARTESIAN_POINT('',(9.253843928767,0.917053599196,1.585));
#10294 = DIRECTION('',(0.,0.,-1.));
#10295 = DIRECTION('',(-0.941378075912,-0.337353402522,-0.));
#10296 = ORIENTED_EDGE('',*,*,#10297,.T.);
#10297 = EDGE_CURVE('',#10289,#10298,#10300,.T.);
#10298 = VERTEX_POINT('',#10299);
#10299 = CARTESIAN_POINT('',(8.701629,1.219636,1.585));
#10300 = LINE('',#10301,#10302);
#10301 = CARTESIAN_POINT('',(8.66008,1.143097,1.585));
#10302 = VECTOR('',#10303,1.);
#10303 = DIRECTION('',(0.477085274587,0.878857008149,0.));
#10304 = ORIENTED_EDGE('',*,*,#10305,.T.);
#10305 = EDGE_CURVE('',#10298,#10189,#10306,.T.);
#10306 = LINE('',#10307,#10308);
#10307 = CARTESIAN_POINT('',(8.701629,1.219636,1.585));
#10308 = VECTOR('',#10309,1.);
#10309 = DIRECTION('',(0.739882923303,0.672735653734,0.));
#10310 = FACE_BOUND('',#10311,.F.);
#10311 = EDGE_LOOP('',(#10312,#10323,#10331,#10339,#10348,#10356,#10364,
    #10373,#10381,#10389,#10398,#10406));
#10312 = ORIENTED_EDGE('',*,*,#10313,.T.);
#10313 = EDGE_CURVE('',#10314,#10316,#10318,.T.);
#10314 = VERTEX_POINT('',#10315);
#10315 = CARTESIAN_POINT('',(8.924086,1.1631,1.585));
#10316 = VERTEX_POINT('',#10317);
#10317 = CARTESIAN_POINT('',(8.806736,1.1631,1.585));
#10318 = CIRCLE('',#10319,8.808471565062E-02);
#10319 = AXIS2_PLACEMENT_3D('',#10320,#10321,#10322);
#10320 = CARTESIAN_POINT('',(8.865411,1.0974025,1.585));
#10321 = DIRECTION('',(0.,0.,1.));
#10322 = DIRECTION('',(0.666120104568,0.74584449203,-0.));
#10323 = ORIENTED_EDGE('',*,*,#10324,.T.);
#10324 = EDGE_CURVE('',#10316,#10325,#10327,.T.);
#10325 = VERTEX_POINT('',#10326);
#10326 = CARTESIAN_POINT('',(8.789008,1.145372,1.585));
#10327 = LINE('',#10328,#10329);
#10328 = CARTESIAN_POINT('',(8.806736,1.1631,1.585));
#10329 = VECTOR('',#10330,1.);
#10330 = DIRECTION('',(-0.707106781187,-0.707106781187,0.));
#10331 = ORIENTED_EDGE('',*,*,#10332,.T.);
#10332 = EDGE_CURVE('',#10325,#10333,#10335,.T.);
#10333 = VERTEX_POINT('',#10334);
#10334 = CARTESIAN_POINT('',(8.765119,1.097593,1.585));
#10335 = LINE('',#10336,#10337);
#10336 = CARTESIAN_POINT('',(8.789008,1.145372,1.585));
#10337 = VECTOR('',#10338,1.);
#10338 = DIRECTION('',(-0.447206107417,-0.894430935002,0.));
#10339 = ORIENTED_EDGE('',*,*,#10340,.T.);
#10340 = EDGE_CURVE('',#10333,#10341,#10343,.T.);
#10341 = VERTEX_POINT('',#10342);
#10342 = CARTESIAN_POINT('',(8.765119,0.736529,1.585));
#10343 = CIRCLE('',#10344,0.519765329182);
#10344 = AXIS2_PLACEMENT_3D('',#10345,#10346,#10347);
#10345 = CARTESIAN_POINT('',(9.252524574851,0.917061,1.585));
#10346 = DIRECTION('',(0.,0.,1.));
#10347 = DIRECTION('',(-0.937741606617,0.347333671302,0.));
#10348 = ORIENTED_EDGE('',*,*,#10349,.T.);
#10349 = EDGE_CURVE('',#10341,#10350,#10352,.T.);
#10350 = VERTEX_POINT('',#10351);
#10351 = CARTESIAN_POINT('',(8.789008,0.68875,1.585));
#10352 = LINE('',#10353,#10354);
#10353 = CARTESIAN_POINT('',(8.765119,0.736529,1.585));
#10354 = VECTOR('',#10355,1.);
#10355 = DIRECTION('',(0.447206107417,-0.894430935002,0.));
#10356 = ORIENTED_EDGE('',*,*,#10357,.T.);
#10357 = EDGE_CURVE('',#10350,#10358,#10360,.T.);
#10358 = VERTEX_POINT('',#10359);
#10359 = CARTESIAN_POINT('',(8.806734,0.671024,1.585));
#10360 = LINE('',#10361,#10362);
#10361 = CARTESIAN_POINT('',(8.789008,0.68875,1.585));
#10362 = VECTOR('',#10363,1.);
#10363 = DIRECTION('',(0.707106781187,-0.707106781187,0.));
#10364 = ORIENTED_EDGE('',*,*,#10365,.T.);
#10365 = EDGE_CURVE('',#10358,#10366,#10368,.T.);
#10366 = VERTEX_POINT('',#10367);
#10367 = CARTESIAN_POINT('',(8.924087,0.671023,1.585));
#10368 = CIRCLE('',#10369,8.80854311624E-02);
#10369 = AXIS2_PLACEMENT_3D('',#10370,#10371,#10372);
#10370 = CARTESIAN_POINT('',(8.865411059825,0.73672061965,1.585));
#10371 = DIRECTION('',(0.,0.,1.));
#10372 = DIRECTION('',(-0.666138078119,-0.745828439308,0.));
#10373 = ORIENTED_EDGE('',*,*,#10374,.T.);
#10374 = EDGE_CURVE('',#10366,#10375,#10377,.T.);
#10375 = VERTEX_POINT('',#10376);
#10376 = CARTESIAN_POINT('',(8.941812,0.688748,1.585));
#10377 = LINE('',#10378,#10379);
#10378 = CARTESIAN_POINT('',(8.924087,0.671023,1.585));
#10379 = VECTOR('',#10380,1.);
#10380 = DIRECTION('',(0.707106781187,0.707106781187,0.));
#10381 = ORIENTED_EDGE('',*,*,#10382,.T.);
#10382 = EDGE_CURVE('',#10375,#10383,#10385,.T.);
#10383 = VERTEX_POINT('',#10384);
#10384 = CARTESIAN_POINT('',(8.965702,0.736529,1.585));
#10385 = LINE('',#10386,#10387);
#10386 = CARTESIAN_POINT('',(8.941812,0.688748,1.585));
#10387 = VECTOR('',#10388,1.);
#10388 = DIRECTION('',(0.44720610773,0.894430934846,0.));
#10389 = ORIENTED_EDGE('',*,*,#10390,.T.);
#10390 = EDGE_CURVE('',#10383,#10391,#10393,.T.);
#10391 = VERTEX_POINT('',#10392);
#10392 = CARTESIAN_POINT('',(8.965702,1.097593,1.585));
#10393 = CIRCLE('',#10394,0.51974784093);
#10394 = AXIS2_PLACEMENT_3D('',#10395,#10396,#10397);
#10395 = CARTESIAN_POINT('',(8.478315074522,0.917061,1.585));
#10396 = DIRECTION('',(0.,-0.,1.));
#10397 = DIRECTION('',(0.937737277766,-0.347345358236,-0.));
#10398 = ORIENTED_EDGE('',*,*,#10399,.T.);
#10399 = EDGE_CURVE('',#10391,#10400,#10402,.T.);
#10400 = VERTEX_POINT('',#10401);
#10401 = CARTESIAN_POINT('',(8.941812,1.145374,1.585));
#10402 = LINE('',#10403,#10404);
#10403 = CARTESIAN_POINT('',(8.965702,1.097593,1.585));
#10404 = VECTOR('',#10405,1.);
#10405 = DIRECTION('',(-0.44720610773,0.894430934846,0.));
#10406 = ORIENTED_EDGE('',*,*,#10407,.T.);
#10407 = EDGE_CURVE('',#10400,#10314,#10408,.T.);
#10408 = LINE('',#10409,#10410);
#10409 = CARTESIAN_POINT('',(8.941812,1.145374,1.585));
#10410 = VECTOR('',#10411,1.);
#10411 = DIRECTION('',(-0.707106781187,0.707106781187,0.));
#10412 = PLANE('',#10413);
#10413 = AXIS2_PLACEMENT_3D('',#10414,#10415,#10416);
#10414 = CARTESIAN_POINT('',(0.,0.,1.585));
#10415 = DIRECTION('',(0.,0.,1.));
#10416 = DIRECTION('',(1.,0.,-0.));
#10417 = SHELL_BASED_SURFACE_MODEL('',(#10418));
#10418 = OPEN_SHELL('',(#10419));
#10419 = ADVANCED_FACE('',(#10420),#10489,.T.);
#10420 = FACE_BOUND('',#10421,.F.);
#10421 = EDGE_LOOP('',(#10422,#10433,#10441,#10450,#10458,#10466,#10475,
    #10483));
#10422 = ORIENTED_EDGE('',*,*,#10423,.T.);
#10423 = EDGE_CURVE('',#10424,#10426,#10428,.T.);
#10424 = VERTEX_POINT('',#10425);
#10425 = CARTESIAN_POINT('',(4.454882,1.183761,1.585));
#10426 = VERTEX_POINT('',#10427);
#10427 = CARTESIAN_POINT('',(4.454882,1.298061,1.585));
#10428 = CIRCLE('',#10429,5.715000000016E-02);
#10429 = AXIS2_PLACEMENT_3D('',#10430,#10431,#10432);
#10430 = CARTESIAN_POINT('',(4.454881863636,1.240911,1.585));
#10431 = DIRECTION('',(0.,0.,-1.));
#10432 = DIRECTION('',(2.386065370747E-06,-0.999999999997,0.));
#10433 = ORIENTED_EDGE('',*,*,#10434,.T.);
#10434 = EDGE_CURVE('',#10426,#10435,#10437,.T.);
#10435 = VERTEX_POINT('',#10436);
#10436 = CARTESIAN_POINT('',(4.824997,1.298061,1.585));
#10437 = LINE('',#10438,#10439);
#10438 = CARTESIAN_POINT('',(4.454882,1.298061,1.585));
#10439 = VECTOR('',#10440,1.);
#10440 = DIRECTION('',(1.,0.,0.));
#10441 = ORIENTED_EDGE('',*,*,#10442,.T.);
#10442 = EDGE_CURVE('',#10435,#10443,#10445,.T.);
#10443 = VERTEX_POINT('',#10444);
#10444 = CARTESIAN_POINT('',(4.824997,1.183761,1.585));
#10445 = CIRCLE('',#10446,5.715000000016E-02);
#10446 = AXIS2_PLACEMENT_3D('',#10447,#10448,#10449);
#10447 = CARTESIAN_POINT('',(4.824997136364,1.240911,1.585));
#10448 = DIRECTION('',(0.,0.,-1.));
#10449 = DIRECTION('',(-2.386065386289E-06,0.999999999997,-0.));
#10450 = ORIENTED_EDGE('',*,*,#10451,.T.);
#10451 = EDGE_CURVE('',#10443,#10452,#10454,.T.);
#10452 = VERTEX_POINT('',#10453);
#10453 = CARTESIAN_POINT('',(4.697089,1.183761,1.585));
#10454 = LINE('',#10455,#10456);
#10455 = CARTESIAN_POINT('',(4.824997,1.183761,1.585));
#10456 = VECTOR('',#10457,1.);
#10457 = DIRECTION('',(-1.,0.,0.));
#10458 = ORIENTED_EDGE('',*,*,#10459,.T.);
#10459 = EDGE_CURVE('',#10452,#10460,#10462,.T.);
#10460 = VERTEX_POINT('',#10461);
#10461 = CARTESIAN_POINT('',(4.697089,0.593211,1.585));
#10462 = LINE('',#10463,#10464);
#10463 = CARTESIAN_POINT('',(4.697089,1.183761,1.585));
#10464 = VECTOR('',#10465,1.);
#10465 = DIRECTION('',(0.,-1.,0.));
#10466 = ORIENTED_EDGE('',*,*,#10467,.T.);
#10467 = EDGE_CURVE('',#10460,#10468,#10470,.T.);
#10468 = VERTEX_POINT('',#10469);
#10469 = CARTESIAN_POINT('',(4.582789,0.593211,1.585));
#10470 = CIRCLE('',#10471,5.715000000016E-02);
#10471 = AXIS2_PLACEMENT_3D('',#10472,#10473,#10474);
#10472 = CARTESIAN_POINT('',(4.639939,0.593210863636,1.585));
#10473 = DIRECTION('',(0.,0.,-1.));
#10474 = DIRECTION('',(0.999999999997,2.386065378518E-06,0.));
#10475 = ORIENTED_EDGE('',*,*,#10476,.T.);
#10476 = EDGE_CURVE('',#10468,#10477,#10479,.T.);
#10477 = VERTEX_POINT('',#10478);
#10478 = CARTESIAN_POINT('',(4.582789,1.183761,1.585));
#10479 = LINE('',#10480,#10481);
#10480 = CARTESIAN_POINT('',(4.582789,0.593211,1.585));
#10481 = VECTOR('',#10482,1.);
#10482 = DIRECTION('',(0.,1.,0.));
#10483 = ORIENTED_EDGE('',*,*,#10484,.T.);
#10484 = EDGE_CURVE('',#10477,#10424,#10485,.T.);
#10485 = LINE('',#10486,#10487);
#10486 = CARTESIAN_POINT('',(4.582789,1.183761,1.585));
#10487 = VECTOR('',#10488,1.);
#10488 = DIRECTION('',(-1.,0.,0.));
#10489 = PLANE('',#10490);
#10490 = AXIS2_PLACEMENT_3D('',#10491,#10492,#10493);
#10491 = CARTESIAN_POINT('',(0.,0.,1.585));
#10492 = DIRECTION('',(0.,0.,1.));
#10493 = DIRECTION('',(1.,0.,-0.));
#10494 = SHELL_BASED_SURFACE_MODEL('',(#10495));
#10495 = OPEN_SHELL('',(#10496));
#10496 = ADVANCED_FACE('',(#10497),#10640,.T.);
#10497 = FACE_BOUND('',#10498,.F.);
#10498 = EDGE_LOOP('',(#10499,#10510,#10518,#10526,#10535,#10543,#10552,
    #10560,#10568,#10576,#10584,#10592,#10600,#10609,#10617,#10626,
    #10634));
#10499 = ORIENTED_EDGE('',*,*,#10500,.T.);
#10500 = EDGE_CURVE('',#10501,#10503,#10505,.T.);
#10501 = VERTEX_POINT('',#10502);
#10502 = CARTESIAN_POINT('',(6.006923,1.265079,1.585));
#10503 = VERTEX_POINT('',#10504);
#10504 = CARTESIAN_POINT('',(6.061221,1.298006,1.585));
#10505 = CIRCLE('',#10506,5.715063113942E-02);
#10506 = AXIS2_PLACEMENT_3D('',#10507,#10508,#10509);
#10507 = CARTESIAN_POINT('',(6.05871177551,1.240910479755,1.585));
#10508 = DIRECTION('',(0.,0.,-1.));
#10509 = DIRECTION('',(-0.906180290175,0.422891572036,0.));
#10510 = ORIENTED_EDGE('',*,*,#10511,.T.);
#10511 = EDGE_CURVE('',#10503,#10512,#10514,.T.);
#10512 = VERTEX_POINT('',#10513);
#10513 = CARTESIAN_POINT('',(6.070424,1.293711,1.585));
#10514 = LINE('',#10515,#10516);
#10515 = CARTESIAN_POINT('',(6.061221,1.298006,1.585));
#10516 = VECTOR('',#10517,1.);
#10517 = DIRECTION('',(0.906173077625,-0.422907026883,0.));
#10518 = ORIENTED_EDGE('',*,*,#10519,.T.);
#10519 = EDGE_CURVE('',#10512,#10520,#10522,.T.);
#10520 = VERTEX_POINT('',#10521);
#10521 = CARTESIAN_POINT('',(6.080581,1.293711,1.585));
#10522 = LINE('',#10523,#10524);
#10523 = CARTESIAN_POINT('',(6.070424,1.293711,1.585));
#10524 = VECTOR('',#10525,1.);
#10525 = DIRECTION('',(1.,0.,0.));
#10526 = ORIENTED_EDGE('',*,*,#10527,.T.);
#10527 = EDGE_CURVE('',#10520,#10528,#10530,.T.);
#10528 = VERTEX_POINT('',#10529);
#10529 = CARTESIAN_POINT('',(6.115861,1.240911,1.585));
#10530 = CIRCLE('',#10531,5.715195184052E-02);
#10531 = AXIS2_PLACEMENT_3D('',#10532,#10533,#10534);
#10532 = CARTESIAN_POINT('',(6.058709048171,1.240909832187,1.585));
#10533 = DIRECTION('',(0.,0.,-1.));
#10534 = DIRECTION('',(0.382698247815,0.923873395612,0.));
#10535 = ORIENTED_EDGE('',*,*,#10536,.T.);
#10536 = EDGE_CURVE('',#10528,#10537,#10539,.T.);
#10537 = VERTEX_POINT('',#10538);
#10538 = CARTESIAN_POINT('',(6.115861,0.593211,1.585));
#10539 = LINE('',#10540,#10541);
#10540 = CARTESIAN_POINT('',(6.115861,1.240911,1.585));
#10541 = VECTOR('',#10542,1.);
#10542 = DIRECTION('',(0.,-1.,0.));
#10543 = ORIENTED_EDGE('',*,*,#10544,.T.);
#10544 = EDGE_CURVE('',#10537,#10545,#10547,.T.);
#10545 = VERTEX_POINT('',#10546);
#10546 = CARTESIAN_POINT('',(6.001561,0.593211,1.585));
#10547 = CIRCLE('',#10548,5.715000000016E-02);
#10548 = AXIS2_PLACEMENT_3D('',#10549,#10550,#10551);
#10549 = CARTESIAN_POINT('',(6.058711,0.593210863636,1.585));
#10550 = DIRECTION('',(0.,0.,-1.));
#10551 = DIRECTION('',(0.999999999997,2.386065378518E-06,0.));
#10552 = ORIENTED_EDGE('',*,*,#10553,.T.);
#10553 = EDGE_CURVE('',#10545,#10554,#10556,.T.);
#10554 = VERTEX_POINT('',#10555);
#10555 = CARTESIAN_POINT('',(6.001561,0.983305,1.585));
#10556 = LINE('',#10557,#10558);
#10557 = CARTESIAN_POINT('',(6.001561,0.593211,1.585));
#10558 = VECTOR('',#10559,1.);
#10559 = DIRECTION('',(0.,1.,0.));
#10560 = ORIENTED_EDGE('',*,*,#10561,.T.);
#10561 = EDGE_CURVE('',#10554,#10562,#10564,.T.);
#10562 = VERTEX_POINT('',#10563);
#10563 = CARTESIAN_POINT('',(5.884957,0.73967,1.585));
#10564 = LINE('',#10565,#10566);
#10565 = CARTESIAN_POINT('',(6.001561,0.983305,1.585));
#10566 = VECTOR('',#10567,1.);
#10567 = DIRECTION('',(-0.43170530761,-0.902014704637,0.));
#10568 = ORIENTED_EDGE('',*,*,#10569,.T.);
#10569 = EDGE_CURVE('',#10562,#10570,#10572,.T.);
#10570 = VERTEX_POINT('',#10571);
#10571 = CARTESIAN_POINT('',(5.840301,0.721173,1.585));
#10572 = LINE('',#10573,#10574);
#10573 = CARTESIAN_POINT('',(5.884957,0.73967,1.585));
#10574 = VECTOR('',#10575,1.);
#10575 = DIRECTION('',(-0.923880416416,-0.382681298424,0.));
#10576 = ORIENTED_EDGE('',*,*,#10577,.T.);
#10577 = EDGE_CURVE('',#10570,#10578,#10580,.T.);
#10578 = VERTEX_POINT('',#10579);
#10579 = CARTESIAN_POINT('',(5.800664,0.73967,1.585));
#10580 = LINE('',#10581,#10582);
#10581 = CARTESIAN_POINT('',(5.840301,0.721173,1.585));
#10582 = VECTOR('',#10583,1.);
#10583 = DIRECTION('',(-0.906185476256,0.422880459023,0.));
#10584 = ORIENTED_EDGE('',*,*,#10585,.T.);
#10585 = EDGE_CURVE('',#10578,#10586,#10588,.T.);
#10586 = VERTEX_POINT('',#10587);
#10587 = CARTESIAN_POINT('',(5.684061,0.983305,1.585));
#10588 = LINE('',#10589,#10590);
#10589 = CARTESIAN_POINT('',(5.800664,0.73967,1.585));
#10590 = VECTOR('',#10591,1.);
#10591 = DIRECTION('',(-0.431702295282,0.902016146335,0.));
#10592 = ORIENTED_EDGE('',*,*,#10593,.T.);
#10593 = EDGE_CURVE('',#10586,#10594,#10596,.T.);
#10594 = VERTEX_POINT('',#10595);
#10595 = CARTESIAN_POINT('',(5.684061,0.593211,1.585));
#10596 = LINE('',#10597,#10598);
#10597 = CARTESIAN_POINT('',(5.684061,0.983305,1.585));
#10598 = VECTOR('',#10599,1.);
#10599 = DIRECTION('',(0.,-1.,0.));
#10600 = ORIENTED_EDGE('',*,*,#10601,.T.);
#10601 = EDGE_CURVE('',#10594,#10602,#10604,.T.);
#10602 = VERTEX_POINT('',#10603);
#10603 = CARTESIAN_POINT('',(5.569761,0.593211,1.585));
#10604 = CIRCLE('',#10605,5.715000000016E-02);
#10605 = AXIS2_PLACEMENT_3D('',#10606,#10607,#10608);
#10606 = CARTESIAN_POINT('',(5.626911,0.593210863636,1.585));
#10607 = DIRECTION('',(0.,0.,-1.));
#10608 = DIRECTION('',(0.999999999997,2.386065378518E-06,0.));
#10609 = ORIENTED_EDGE('',*,*,#10610,.T.);
#10610 = EDGE_CURVE('',#10602,#10611,#10613,.T.);
#10611 = VERTEX_POINT('',#10612);
#10612 = CARTESIAN_POINT('',(5.569761,1.240911,1.585));
#10613 = LINE('',#10614,#10615);
#10614 = CARTESIAN_POINT('',(5.569761,0.593211,1.585));
#10615 = VECTOR('',#10616,1.);
#10616 = DIRECTION('',(0.,1.,0.));
#10617 = ORIENTED_EDGE('',*,*,#10618,.T.);
#10618 = EDGE_CURVE('',#10611,#10619,#10621,.T.);
#10619 = VERTEX_POINT('',#10620);
#10620 = CARTESIAN_POINT('',(5.678699,1.265079,1.585));
#10621 = CIRCLE('',#10622,5.714978487223E-02);
#10622 = AXIS2_PLACEMENT_3D('',#10623,#10624,#10625);
#10623 = CARTESIAN_POINT('',(5.626910784872,1.240911280109,1.585));
#10624 = DIRECTION('',(0.,0.,-1.));
#10625 = DIRECTION('',(-0.999999999988,-4.901305560019E-06,-0.));
#10626 = ORIENTED_EDGE('',*,*,#10627,.T.);
#10627 = EDGE_CURVE('',#10619,#10628,#10630,.T.);
#10628 = VERTEX_POINT('',#10629);
#10629 = CARTESIAN_POINT('',(5.842811,0.913411,1.585));
#10630 = LINE('',#10631,#10632);
#10631 = CARTESIAN_POINT('',(5.678699,1.265079,1.585));
#10632 = VECTOR('',#10633,1.);
#10633 = DIRECTION('',(0.422886029597,-0.906182876671,0.));
#10634 = ORIENTED_EDGE('',*,*,#10635,.T.);
#10635 = EDGE_CURVE('',#10628,#10501,#10636,.T.);
#10636 = LINE('',#10637,#10638);
#10637 = CARTESIAN_POINT('',(5.842811,0.913411,1.585));
#10638 = VECTOR('',#10639,1.);
#10639 = DIRECTION('',(0.422886029597,0.906182876671,0.));
#10640 = PLANE('',#10641);
#10641 = AXIS2_PLACEMENT_3D('',#10642,#10643,#10644);
#10642 = CARTESIAN_POINT('',(0.,0.,1.585));
#10643 = DIRECTION('',(0.,0.,1.));
#10644 = DIRECTION('',(1.,0.,-0.));
#10645 = SHELL_BASED_SURFACE_MODEL('',(#10646));
#10646 = OPEN_SHELL('',(#10647));
#10647 = ADVANCED_FACE('',(#10648),#10717,.T.);
#10648 = FACE_BOUND('',#10649,.F.);
#10649 = EDGE_LOOP('',(#10650,#10661,#10669,#10678,#10686,#10694,#10703,
    #10711));
#10650 = ORIENTED_EDGE('',*,*,#10651,.T.);
#10651 = EDGE_CURVE('',#10652,#10654,#10656,.T.);
#10652 = VERTEX_POINT('',#10653);
#10653 = CARTESIAN_POINT('',(6.274611,1.183761,1.585));
#10654 = VERTEX_POINT('',#10655);
#10655 = CARTESIAN_POINT('',(6.274611,1.298061,1.585));
#10656 = CIRCLE('',#10657,5.715000000016E-02);
#10657 = AXIS2_PLACEMENT_3D('',#10658,#10659,#10660);
#10658 = CARTESIAN_POINT('',(6.274610863636,1.240911,1.585));
#10659 = DIRECTION('',(0.,0.,-1.));
#10660 = DIRECTION('',(2.38606540183E-06,-0.999999999997,0.));
#10661 = ORIENTED_EDGE('',*,*,#10662,.T.);
#10662 = EDGE_CURVE('',#10654,#10663,#10665,.T.);
#10663 = VERTEX_POINT('',#10664);
#10664 = CARTESIAN_POINT('',(6.644726,1.298061,1.585));
#10665 = LINE('',#10666,#10667);
#10666 = CARTESIAN_POINT('',(6.274611,1.298061,1.585));
#10667 = VECTOR('',#10668,1.);
#10668 = DIRECTION('',(1.,0.,0.));
#10669 = ORIENTED_EDGE('',*,*,#10670,.T.);
#10670 = EDGE_CURVE('',#10663,#10671,#10673,.T.);
#10671 = VERTEX_POINT('',#10672);
#10672 = CARTESIAN_POINT('',(6.644726,1.183761,1.585));
#10673 = CIRCLE('',#10674,5.715000000016E-02);
#10674 = AXIS2_PLACEMENT_3D('',#10675,#10676,#10677);
#10675 = CARTESIAN_POINT('',(6.644726136364,1.240911,1.585));
#10676 = DIRECTION('',(0.,0.,-1.));
#10677 = DIRECTION('',(-2.386065370748E-06,0.999999999997,-0.));
#10678 = ORIENTED_EDGE('',*,*,#10679,.T.);
#10679 = EDGE_CURVE('',#10671,#10680,#10682,.T.);
#10680 = VERTEX_POINT('',#10681);
#10681 = CARTESIAN_POINT('',(6.516818,1.183761,1.585));
#10682 = LINE('',#10683,#10684);
#10683 = CARTESIAN_POINT('',(6.644726,1.183761,1.585));
#10684 = VECTOR('',#10685,1.);
#10685 = DIRECTION('',(-1.,0.,0.));
#10686 = ORIENTED_EDGE('',*,*,#10687,.T.);
#10687 = EDGE_CURVE('',#10680,#10688,#10690,.T.);
#10688 = VERTEX_POINT('',#10689);
#10689 = CARTESIAN_POINT('',(6.516818,0.593211,1.585));
#10690 = LINE('',#10691,#10692);
#10691 = CARTESIAN_POINT('',(6.516818,1.183761,1.585));
#10692 = VECTOR('',#10693,1.);
#10693 = DIRECTION('',(0.,-1.,0.));
#10694 = ORIENTED_EDGE('',*,*,#10695,.T.);
#10695 = EDGE_CURVE('',#10688,#10696,#10698,.T.);
#10696 = VERTEX_POINT('',#10697);
#10697 = CARTESIAN_POINT('',(6.402518,0.593211,1.585));
#10698 = CIRCLE('',#10699,5.715000000016E-02);
#10699 = AXIS2_PLACEMENT_3D('',#10700,#10701,#10702);
#10700 = CARTESIAN_POINT('',(6.459668,0.593210863636,1.585));
#10701 = DIRECTION('',(0.,0.,-1.));
#10702 = DIRECTION('',(0.999999999997,2.386065378518E-06,0.));
#10703 = ORIENTED_EDGE('',*,*,#10704,.T.);
#10704 = EDGE_CURVE('',#10696,#10705,#10707,.T.);
#10705 = VERTEX_POINT('',#10706);
#10706 = CARTESIAN_POINT('',(6.402518,1.183761,1.585));
#10707 = LINE('',#10708,#10709);
#10708 = CARTESIAN_POINT('',(6.402518,0.593211,1.585));
#10709 = VECTOR('',#10710,1.);
#10710 = DIRECTION('',(0.,1.,0.));
#10711 = ORIENTED_EDGE('',*,*,#10712,.T.);
#10712 = EDGE_CURVE('',#10705,#10652,#10713,.T.);
#10713 = LINE('',#10714,#10715);
#10714 = CARTESIAN_POINT('',(6.402518,1.183761,1.585));
#10715 = VECTOR('',#10716,1.);
#10716 = DIRECTION('',(-1.,0.,0.));
#10717 = PLANE('',#10718);
#10718 = AXIS2_PLACEMENT_3D('',#10719,#10720,#10721);
#10719 = CARTESIAN_POINT('',(0.,0.,1.585));
#10720 = DIRECTION('',(0.,0.,1.));
#10721 = DIRECTION('',(1.,0.,-0.));
#10722 = SHELL_BASED_SURFACE_MODEL('',(#10723));
#10723 = OPEN_SHELL('',(#10724));
#10724 = ADVANCED_FACE('',(#10725,#10967),#11165,.T.);
#10725 = FACE_BOUND('',#10726,.F.);
#10726 = EDGE_LOOP('',(#10727,#10737,#10745,#10753,#10761,#10769,#10777,
    #10785,#10793,#10801,#10809,#10817,#10825,#10833,#10841,#10849,
    #10857,#10865,#10873,#10881,#10889,#10897,#10905,#10913,#10921,
    #10929,#10937,#10945,#10953,#10961));
#10727 = ORIENTED_EDGE('',*,*,#10728,.T.);
#10728 = EDGE_CURVE('',#10729,#10731,#10733,.T.);
#10729 = VERTEX_POINT('',#10730);
#10730 = CARTESIAN_POINT('',(0.578554,8.974478,1.585));
#10731 = VERTEX_POINT('',#10732);
#10732 = CARTESIAN_POINT('',(0.615179,8.989648,1.585));
#10733 = LINE('',#10734,#10735);
#10734 = CARTESIAN_POINT('',(0.578554,8.974478,1.585));
#10735 = VECTOR('',#10736,1.);
#10736 = DIRECTION('',(0.92388463137,0.3826711224,0.));
#10737 = ORIENTED_EDGE('',*,*,#10738,.T.);
#10738 = EDGE_CURVE('',#10731,#10739,#10741,.T.);
#10739 = VERTEX_POINT('',#10740);
#10740 = CARTESIAN_POINT('',(1.924821,8.989648,1.585));
#10741 = LINE('',#10742,#10743);
#10742 = CARTESIAN_POINT('',(0.615179,8.989648,1.585));
#10743 = VECTOR('',#10744,1.);
#10744 = DIRECTION('',(1.,0.,0.));
#10745 = ORIENTED_EDGE('',*,*,#10746,.T.);
#10746 = EDGE_CURVE('',#10739,#10747,#10749,.T.);
#10747 = VERTEX_POINT('',#10748);
#10748 = CARTESIAN_POINT('',(1.961446,8.974477,1.585));
#10749 = LINE('',#10750,#10751);
#10750 = CARTESIAN_POINT('',(1.924821,8.989648,1.585));
#10751 = VECTOR('',#10752,1.);
#10752 = DIRECTION('',(0.923875712875,-0.382692653653,0.));
#10753 = ORIENTED_EDGE('',*,*,#10754,.T.);
#10754 = EDGE_CURVE('',#10747,#10755,#10757,.T.);
#10755 = VERTEX_POINT('',#10756);
#10756 = CARTESIAN_POINT('',(2.624478,8.311446,1.585));
#10757 = LINE('',#10758,#10759);
#10758 = CARTESIAN_POINT('',(1.961446,8.974477,1.585));
#10759 = VECTOR('',#10760,1.);
#10760 = DIRECTION('',(0.707107314424,-0.707106247949,0.));
#10761 = ORIENTED_EDGE('',*,*,#10762,.T.);
#10762 = EDGE_CURVE('',#10755,#10763,#10765,.T.);
#10763 = VERTEX_POINT('',#10764);
#10764 = CARTESIAN_POINT('',(2.639648,8.274821,1.585));
#10765 = LINE('',#10766,#10767);
#10766 = CARTESIAN_POINT('',(2.624478,8.311446,1.585));
#10767 = VECTOR('',#10768,1.);
#10768 = DIRECTION('',(0.382671122399,-0.92388463137,0.));
#10769 = ORIENTED_EDGE('',*,*,#10770,.T.);
#10770 = EDGE_CURVE('',#10763,#10771,#10773,.T.);
#10771 = VERTEX_POINT('',#10772);
#10772 = CARTESIAN_POINT('',(2.639648,6.965179,1.585));
#10773 = LINE('',#10774,#10775);
#10774 = CARTESIAN_POINT('',(2.639648,8.274821,1.585));
#10775 = VECTOR('',#10776,1.);
#10776 = DIRECTION('',(0.,-1.,0.));
#10777 = ORIENTED_EDGE('',*,*,#10778,.T.);
#10778 = EDGE_CURVE('',#10771,#10779,#10781,.T.);
#10779 = VERTEX_POINT('',#10780);
#10780 = CARTESIAN_POINT('',(2.624478,6.928554,1.585));
#10781 = LINE('',#10782,#10783);
#10782 = CARTESIAN_POINT('',(2.639648,6.965179,1.585));
#10783 = VECTOR('',#10784,1.);
#10784 = DIRECTION('',(-0.3826711224,-0.92388463137,0.));
#10785 = ORIENTED_EDGE('',*,*,#10786,.T.);
#10786 = EDGE_CURVE('',#10779,#10787,#10789,.T.);
#10787 = VERTEX_POINT('',#10788);
#10788 = CARTESIAN_POINT('',(2.048684,6.35,1.585));
#10789 = LINE('',#10790,#10791);
#10790 = CARTESIAN_POINT('',(2.624478,6.928554,1.585));
#10791 = VECTOR('',#10792,1.);
#10792 = DIRECTION('',(-0.705414100778,-0.708795419302,0.));
#10793 = ORIENTED_EDGE('',*,*,#10794,.T.);
#10794 = EDGE_CURVE('',#10787,#10795,#10797,.T.);
#10795 = VERTEX_POINT('',#10796);
#10796 = CARTESIAN_POINT('',(2.624478,5.771446,1.585));
#10797 = LINE('',#10798,#10799);
#10798 = CARTESIAN_POINT('',(2.048684,6.35,1.585));
#10799 = VECTOR('',#10800,1.);
#10800 = DIRECTION('',(0.705414100778,-0.708795419302,0.));
#10801 = ORIENTED_EDGE('',*,*,#10802,.T.);
#10802 = EDGE_CURVE('',#10795,#10803,#10805,.T.);
#10803 = VERTEX_POINT('',#10804);
#10804 = CARTESIAN_POINT('',(2.639648,5.734821,1.585));
#10805 = LINE('',#10806,#10807);
#10806 = CARTESIAN_POINT('',(2.624478,5.771446,1.585));
#10807 = VECTOR('',#10808,1.);
#10808 = DIRECTION('',(0.3826711224,-0.92388463137,0.));
#10809 = ORIENTED_EDGE('',*,*,#10810,.T.);
#10810 = EDGE_CURVE('',#10803,#10811,#10813,.T.);
#10811 = VERTEX_POINT('',#10812);
#10812 = CARTESIAN_POINT('',(2.639648,4.425179,1.585));
#10813 = LINE('',#10814,#10815);
#10814 = CARTESIAN_POINT('',(2.639648,5.734821,1.585));
#10815 = VECTOR('',#10816,1.);
#10816 = DIRECTION('',(0.,-1.,0.));
#10817 = ORIENTED_EDGE('',*,*,#10818,.T.);
#10818 = EDGE_CURVE('',#10811,#10819,#10821,.T.);
#10819 = VERTEX_POINT('',#10820);
#10820 = CARTESIAN_POINT('',(2.624478,4.388554,1.585));
#10821 = LINE('',#10822,#10823);
#10822 = CARTESIAN_POINT('',(2.639648,4.425179,1.585));
#10823 = VECTOR('',#10824,1.);
#10824 = DIRECTION('',(-0.3826711224,-0.92388463137,0.));
#10825 = ORIENTED_EDGE('',*,*,#10826,.T.);
#10826 = EDGE_CURVE('',#10819,#10827,#10829,.T.);
#10827 = VERTEX_POINT('',#10828);
#10828 = CARTESIAN_POINT('',(2.048684,3.81,1.585));
#10829 = LINE('',#10830,#10831);
#10830 = CARTESIAN_POINT('',(2.624478,4.388554,1.585));
#10831 = VECTOR('',#10832,1.);
#10832 = DIRECTION('',(-0.705414100778,-0.708795419302,0.));
#10833 = ORIENTED_EDGE('',*,*,#10834,.T.);
#10834 = EDGE_CURVE('',#10827,#10835,#10837,.T.);
#10835 = VERTEX_POINT('',#10836);
#10836 = CARTESIAN_POINT('',(2.624478,3.231446,1.585));
#10837 = LINE('',#10838,#10839);
#10838 = CARTESIAN_POINT('',(2.048684,3.81,1.585));
#10839 = VECTOR('',#10840,1.);
#10840 = DIRECTION('',(0.705414100778,-0.708795419302,0.));
#10841 = ORIENTED_EDGE('',*,*,#10842,.T.);
#10842 = EDGE_CURVE('',#10835,#10843,#10845,.T.);
#10843 = VERTEX_POINT('',#10844);
#10844 = CARTESIAN_POINT('',(2.639648,3.194821,1.585));
#10845 = LINE('',#10846,#10847);
#10846 = CARTESIAN_POINT('',(2.624478,3.231446,1.585));
#10847 = VECTOR('',#10848,1.);
#10848 = DIRECTION('',(0.3826711224,-0.92388463137,0.));
#10849 = ORIENTED_EDGE('',*,*,#10850,.T.);
#10850 = EDGE_CURVE('',#10843,#10851,#10853,.T.);
#10851 = VERTEX_POINT('',#10852);
#10852 = CARTESIAN_POINT('',(2.639648,1.885179,1.585));
#10853 = LINE('',#10854,#10855);
#10854 = CARTESIAN_POINT('',(2.639648,3.194821,1.585));
#10855 = VECTOR('',#10856,1.);
#10856 = DIRECTION('',(0.,-1.,0.));
#10857 = ORIENTED_EDGE('',*,*,#10858,.T.);
#10858 = EDGE_CURVE('',#10851,#10859,#10861,.T.);
#10859 = VERTEX_POINT('',#10860);
#10860 = CARTESIAN_POINT('',(2.624478,1.848554,1.585));
#10861 = LINE('',#10862,#10863);
#10862 = CARTESIAN_POINT('',(2.639648,1.885179,1.585));
#10863 = VECTOR('',#10864,1.);
#10864 = DIRECTION('',(-0.3826711224,-0.92388463137,0.));
#10865 = ORIENTED_EDGE('',*,*,#10866,.T.);
#10866 = EDGE_CURVE('',#10859,#10867,#10869,.T.);
#10867 = VERTEX_POINT('',#10868);
#10868 = CARTESIAN_POINT('',(1.961446,1.185523,1.585));
#10869 = LINE('',#10870,#10871);
#10870 = CARTESIAN_POINT('',(2.624478,1.848554,1.585));
#10871 = VECTOR('',#10872,1.);
#10872 = DIRECTION('',(-0.707107314424,-0.707106247949,0.));
#10873 = ORIENTED_EDGE('',*,*,#10874,.T.);
#10874 = EDGE_CURVE('',#10867,#10875,#10877,.T.);
#10875 = VERTEX_POINT('',#10876);
#10876 = CARTESIAN_POINT('',(1.924821,1.170352,1.585));
#10877 = LINE('',#10878,#10879);
#10878 = CARTESIAN_POINT('',(1.961446,1.185523,1.585));
#10879 = VECTOR('',#10880,1.);
#10880 = DIRECTION('',(-0.923875712875,-0.382692653653,0.));
#10881 = ORIENTED_EDGE('',*,*,#10882,.T.);
#10882 = EDGE_CURVE('',#10875,#10883,#10885,.T.);
#10883 = VERTEX_POINT('',#10884);
#10884 = CARTESIAN_POINT('',(0.615179,1.170352,1.585));
#10885 = LINE('',#10886,#10887);
#10886 = CARTESIAN_POINT('',(1.924821,1.170352,1.585));
#10887 = VECTOR('',#10888,1.);
#10888 = DIRECTION('',(-1.,0.,0.));
#10889 = ORIENTED_EDGE('',*,*,#10890,.T.);
#10890 = EDGE_CURVE('',#10883,#10891,#10893,.T.);
#10891 = VERTEX_POINT('',#10892);
#10892 = CARTESIAN_POINT('',(0.578554,1.185522,1.585));
#10893 = LINE('',#10894,#10895);
#10894 = CARTESIAN_POINT('',(0.615179,1.170352,1.585));
#10895 = VECTOR('',#10896,1.);
#10896 = DIRECTION('',(-0.92388463137,0.382671122399,0.));
#10897 = ORIENTED_EDGE('',*,*,#10898,.T.);
#10898 = EDGE_CURVE('',#10891,#10899,#10901,.T.);
#10899 = VERTEX_POINT('',#10900);
#10900 = CARTESIAN_POINT('',(0.,1.764077,1.585));
#10901 = LINE('',#10902,#10903);
#10902 = CARTESIAN_POINT('',(0.578554,1.185522,1.585));
#10903 = VECTOR('',#10904,1.);
#10904 = DIRECTION('',(-0.707106170088,0.707107392284,0.));
#10905 = ORIENTED_EDGE('',*,*,#10906,.T.);
#10906 = EDGE_CURVE('',#10899,#10907,#10909,.T.);
#10907 = VERTEX_POINT('',#10908);
#10908 = CARTESIAN_POINT('',(0.,3.316329,1.585));
#10909 = LINE('',#10910,#10911);
#10910 = CARTESIAN_POINT('',(0.,1.764077,1.585));
#10911 = VECTOR('',#10912,1.);
#10912 = DIRECTION('',(0.,1.,0.));
#10913 = ORIENTED_EDGE('',*,*,#10914,.T.);
#10914 = EDGE_CURVE('',#10907,#10915,#10917,.T.);
#10915 = VERTEX_POINT('',#10916);
#10916 = CARTESIAN_POINT('',(0.491316,3.81,1.585));
#10917 = LINE('',#10918,#10919);
#10918 = CARTESIAN_POINT('',(0.,3.316329,1.585));
#10919 = VECTOR('',#10920,1.);
#10920 = DIRECTION('',(0.70541414727,0.708795373032,0.));
#10921 = ORIENTED_EDGE('',*,*,#10922,.T.);
#10922 = EDGE_CURVE('',#10915,#10923,#10925,.T.);
#10923 = VERTEX_POINT('',#10924);
#10924 = CARTESIAN_POINT('',(0.,4.303672,1.585));
#10925 = LINE('',#10926,#10927);
#10926 = CARTESIAN_POINT('',(0.491316,3.81,1.585));
#10927 = VECTOR('',#10928,1.);
#10928 = DIRECTION('',(-0.705413429396,0.708796087481,0.));
#10929 = ORIENTED_EDGE('',*,*,#10930,.T.);
#10930 = EDGE_CURVE('',#10923,#10931,#10933,.T.);
#10931 = VERTEX_POINT('',#10932);
#10932 = CARTESIAN_POINT('',(0.,5.856329,1.585));
#10933 = LINE('',#10934,#10935);
#10934 = CARTESIAN_POINT('',(0.,4.303672,1.585));
#10935 = VECTOR('',#10936,1.);
#10936 = DIRECTION('',(0.,1.,0.));
#10937 = ORIENTED_EDGE('',*,*,#10938,.T.);
#10938 = EDGE_CURVE('',#10931,#10939,#10941,.T.);
#10939 = VERTEX_POINT('',#10940);
#10940 = CARTESIAN_POINT('',(0.491316,6.35,1.585));
#10941 = LINE('',#10942,#10943);
#10942 = CARTESIAN_POINT('',(0.,5.856329,1.585));
#10943 = VECTOR('',#10944,1.);
#10944 = DIRECTION('',(0.70541414727,0.708795373032,0.));
#10945 = ORIENTED_EDGE('',*,*,#10946,.T.);
#10946 = EDGE_CURVE('',#10939,#10947,#10949,.T.);
#10947 = VERTEX_POINT('',#10948);
#10948 = CARTESIAN_POINT('',(0.,6.843672,1.585));
#10949 = LINE('',#10950,#10951);
#10950 = CARTESIAN_POINT('',(0.491316,6.35,1.585));
#10951 = VECTOR('',#10952,1.);
#10952 = DIRECTION('',(-0.705413429396,0.708796087481,0.));
#10953 = ORIENTED_EDGE('',*,*,#10954,.T.);
#10954 = EDGE_CURVE('',#10947,#10955,#10957,.T.);
#10955 = VERTEX_POINT('',#10956);
#10956 = CARTESIAN_POINT('',(0.,8.395924,1.585));
#10957 = LINE('',#10958,#10959);
#10958 = CARTESIAN_POINT('',(0.,6.843672,1.585));
#10959 = VECTOR('',#10960,1.);
#10960 = DIRECTION('',(0.,1.,0.));
#10961 = ORIENTED_EDGE('',*,*,#10962,.T.);
#10962 = EDGE_CURVE('',#10955,#10729,#10963,.T.);
#10963 = LINE('',#10964,#10965);
#10964 = CARTESIAN_POINT('',(0.,8.395924,1.585));
#10965 = VECTOR('',#10966,1.);
#10966 = DIRECTION('',(0.707106781187,0.707106781187,0.));
#10967 = FACE_BOUND('',#10968,.F.);
#10968 = EDGE_LOOP('',(#10969,#10979,#10987,#10995,#11003,#11011,#11020,
    #11028,#11036,#11044,#11053,#11061,#11069,#11077,#11085,#11093,
    #11101,#11109,#11118,#11126,#11134,#11142,#11151,#11159));
#10969 = ORIENTED_EDGE('',*,*,#10970,.T.);
#10970 = EDGE_CURVE('',#10971,#10973,#10975,.T.);
#10971 = VERTEX_POINT('',#10972);
#10972 = CARTESIAN_POINT('',(2.4384,8.212916,1.585));
#10973 = VERTEX_POINT('',#10974);
#10974 = CARTESIAN_POINT('',(1.862916,8.7884,1.585));
#10975 = LINE('',#10976,#10977);
#10976 = CARTESIAN_POINT('',(2.4384,8.212916,1.585));
#10977 = VECTOR('',#10978,1.);
#10978 = DIRECTION('',(-0.707106781187,0.707106781187,0.));
#10979 = ORIENTED_EDGE('',*,*,#10980,.T.);
#10980 = EDGE_CURVE('',#10973,#10981,#10983,.T.);
#10981 = VERTEX_POINT('',#10982);
#10982 = CARTESIAN_POINT('',(0.677084,8.7884,1.585));
#10983 = LINE('',#10984,#10985);
#10984 = CARTESIAN_POINT('',(1.862916,8.7884,1.585));
#10985 = VECTOR('',#10986,1.);
#10986 = DIRECTION('',(-1.,0.,0.));
#10987 = ORIENTED_EDGE('',*,*,#10988,.T.);
#10988 = EDGE_CURVE('',#10981,#10989,#10991,.T.);
#10989 = VERTEX_POINT('',#10990);
#10990 = CARTESIAN_POINT('',(0.1016,8.212916,1.585));
#10991 = LINE('',#10992,#10993);
#10992 = CARTESIAN_POINT('',(0.677084,8.7884,1.585));
#10993 = VECTOR('',#10994,1.);
#10994 = DIRECTION('',(-0.707106781187,-0.707106781187,0.));
#10995 = ORIENTED_EDGE('',*,*,#10996,.T.);
#10996 = EDGE_CURVE('',#10989,#10997,#10999,.T.);
#10997 = VERTEX_POINT('',#10998);
#10998 = CARTESIAN_POINT('',(0.1016,7.027084,1.585));
#10999 = LINE('',#11000,#11001);
#11000 = CARTESIAN_POINT('',(0.1016,8.212916,1.585));
#11001 = VECTOR('',#11002,1.);
#11002 = DIRECTION('',(0.,-1.,0.));
#11003 = ORIENTED_EDGE('',*,*,#11004,.T.);
#11004 = EDGE_CURVE('',#10997,#11005,#11007,.T.);
#11005 = VERTEX_POINT('',#11006);
#11006 = CARTESIAN_POINT('',(0.719478,6.406446,1.585));
#11007 = LINE('',#11008,#11009);
#11008 = CARTESIAN_POINT('',(0.1016,7.027084,1.585));
#11009 = VECTOR('',#11010,1.);
#11010 = DIRECTION('',(0.705529260652,-0.708680790176,0.));
#11011 = ORIENTED_EDGE('',*,*,#11012,.T.);
#11012 = EDGE_CURVE('',#11005,#11013,#11015,.T.);
#11013 = VERTEX_POINT('',#11014);
#11014 = CARTESIAN_POINT('',(0.719478,6.293554,1.585));
#11015 = CIRCLE('',#11016,0.101603004009);
#11016 = AXIS2_PLACEMENT_3D('',#11017,#11018,#11019);
#11017 = CARTESIAN_POINT('',(0.634997117502,6.35,1.585));
#11018 = DIRECTION('',(0.,0.,-1.));
#11019 = DIRECTION('',(0.831480164609,0.555554440052,0.));
#11020 = ORIENTED_EDGE('',*,*,#11021,.T.);
#11021 = EDGE_CURVE('',#11013,#11022,#11024,.T.);
#11022 = VERTEX_POINT('',#11023);
#11023 = CARTESIAN_POINT('',(0.1016,5.672916,1.585));
#11024 = LINE('',#11025,#11026);
#11025 = CARTESIAN_POINT('',(0.719478,6.293554,1.585));
#11026 = VECTOR('',#11027,1.);
#11027 = DIRECTION('',(-0.705529260652,-0.708680790176,0.));
#11028 = ORIENTED_EDGE('',*,*,#11029,.T.);
#11029 = EDGE_CURVE('',#11022,#11030,#11032,.T.);
#11030 = VERTEX_POINT('',#11031);
#11031 = CARTESIAN_POINT('',(0.1016,4.487084,1.585));
#11032 = LINE('',#11033,#11034);
#11033 = CARTESIAN_POINT('',(0.1016,5.672916,1.585));
#11034 = VECTOR('',#11035,1.);
#11035 = DIRECTION('',(0.,-1.,0.));
#11036 = ORIENTED_EDGE('',*,*,#11037,.T.);
#11037 = EDGE_CURVE('',#11030,#11038,#11040,.T.);
#11038 = VERTEX_POINT('',#11039);
#11039 = CARTESIAN_POINT('',(0.719478,3.866446,1.585));
#11040 = LINE('',#11041,#11042);
#11041 = CARTESIAN_POINT('',(0.1016,4.487084,1.585));
#11042 = VECTOR('',#11043,1.);
#11043 = DIRECTION('',(0.705529260652,-0.708680790176,0.));
#11044 = ORIENTED_EDGE('',*,*,#11045,.T.);
#11045 = EDGE_CURVE('',#11038,#11046,#11048,.T.);
#11046 = VERTEX_POINT('',#11047);
#11047 = CARTESIAN_POINT('',(0.719478,3.753554,1.585));
#11048 = CIRCLE('',#11049,0.101603004009);
#11049 = AXIS2_PLACEMENT_3D('',#11050,#11051,#11052);
#11050 = CARTESIAN_POINT('',(0.634997117502,3.81,1.585));
#11051 = DIRECTION('',(0.,0.,-1.));
#11052 = DIRECTION('',(0.831480164609,0.555554440052,0.));
#11053 = ORIENTED_EDGE('',*,*,#11054,.T.);
#11054 = EDGE_CURVE('',#11046,#11055,#11057,.T.);
#11055 = VERTEX_POINT('',#11056);
#11056 = CARTESIAN_POINT('',(0.1016,3.132916,1.585));
#11057 = LINE('',#11058,#11059);
#11058 = CARTESIAN_POINT('',(0.719478,3.753554,1.585));
#11059 = VECTOR('',#11060,1.);
#11060 = DIRECTION('',(-0.705529260652,-0.708680790176,0.));
#11061 = ORIENTED_EDGE('',*,*,#11062,.T.);
#11062 = EDGE_CURVE('',#11055,#11063,#11065,.T.);
#11063 = VERTEX_POINT('',#11064);
#11064 = CARTESIAN_POINT('',(0.1016,1.947084,1.585));
#11065 = LINE('',#11066,#11067);
#11066 = CARTESIAN_POINT('',(0.1016,3.132916,1.585));
#11067 = VECTOR('',#11068,1.);
#11068 = DIRECTION('',(0.,-1.,0.));
#11069 = ORIENTED_EDGE('',*,*,#11070,.T.);
#11070 = EDGE_CURVE('',#11063,#11071,#11073,.T.);
#11071 = VERTEX_POINT('',#11072);
#11072 = CARTESIAN_POINT('',(0.677084,1.3716,1.585));
#11073 = LINE('',#11074,#11075);
#11074 = CARTESIAN_POINT('',(0.1016,1.947084,1.585));
#11075 = VECTOR('',#11076,1.);
#11076 = DIRECTION('',(0.707106781187,-0.707106781187,0.));
#11077 = ORIENTED_EDGE('',*,*,#11078,.T.);
#11078 = EDGE_CURVE('',#11071,#11079,#11081,.T.);
#11079 = VERTEX_POINT('',#11080);
#11080 = CARTESIAN_POINT('',(1.862916,1.3716,1.585));
#11081 = LINE('',#11082,#11083);
#11082 = CARTESIAN_POINT('',(0.677084,1.3716,1.585));
#11083 = VECTOR('',#11084,1.);
#11084 = DIRECTION('',(1.,0.,0.));
#11085 = ORIENTED_EDGE('',*,*,#11086,.T.);
#11086 = EDGE_CURVE('',#11079,#11087,#11089,.T.);
#11087 = VERTEX_POINT('',#11088);
#11088 = CARTESIAN_POINT('',(2.4384,1.947084,1.585));
#11089 = LINE('',#11090,#11091);
#11090 = CARTESIAN_POINT('',(1.862916,1.3716,1.585));
#11091 = VECTOR('',#11092,1.);
#11092 = DIRECTION('',(0.707106781187,0.707106781187,0.));
#11093 = ORIENTED_EDGE('',*,*,#11094,.T.);
#11094 = EDGE_CURVE('',#11087,#11095,#11097,.T.);
#11095 = VERTEX_POINT('',#11096);
#11096 = CARTESIAN_POINT('',(2.4384,3.132916,1.585));
#11097 = LINE('',#11098,#11099);
#11098 = CARTESIAN_POINT('',(2.4384,1.947084,1.585));
#11099 = VECTOR('',#11100,1.);
#11100 = DIRECTION('',(0.,1.,0.));
#11101 = ORIENTED_EDGE('',*,*,#11102,.T.);
#11102 = EDGE_CURVE('',#11095,#11103,#11105,.T.);
#11103 = VERTEX_POINT('',#11104);
#11104 = CARTESIAN_POINT('',(1.820523,3.753554,1.585));
#11105 = LINE('',#11106,#11107);
#11106 = CARTESIAN_POINT('',(2.4384,3.132916,1.585));
#11107 = VECTOR('',#11108,1.);
#11108 = DIRECTION('',(-0.705528687177,0.7086813611,0.));
#11109 = ORIENTED_EDGE('',*,*,#11110,.T.);
#11110 = EDGE_CURVE('',#11103,#11111,#11113,.T.);
#11111 = VERTEX_POINT('',#11112);
#11112 = CARTESIAN_POINT('',(1.820523,3.866446,1.585));
#11113 = CIRCLE('',#11114,0.101597542461);
#11114 = AXIS2_PLACEMENT_3D('',#11115,#11116,#11117);
#11115 = CARTESIAN_POINT('',(1.904997313954,3.81,1.585));
#11116 = DIRECTION('',(0.,0.,-1.));
#11117 = DIRECTION('',(-0.83146020965,-0.555584304826,-0.));
#11118 = ORIENTED_EDGE('',*,*,#11119,.T.);
#11119 = EDGE_CURVE('',#11111,#11120,#11122,.T.);
#11120 = VERTEX_POINT('',#11121);
#11121 = CARTESIAN_POINT('',(2.4384,4.487084,1.585));
#11122 = LINE('',#11123,#11124);
#11123 = CARTESIAN_POINT('',(1.820523,3.866446,1.585));
#11124 = VECTOR('',#11125,1.);
#11125 = DIRECTION('',(0.705528687177,0.7086813611,0.));
#11126 = ORIENTED_EDGE('',*,*,#11127,.T.);
#11127 = EDGE_CURVE('',#11120,#11128,#11130,.T.);
#11128 = VERTEX_POINT('',#11129);
#11129 = CARTESIAN_POINT('',(2.4384,5.672916,1.585));
#11130 = LINE('',#11131,#11132);
#11131 = CARTESIAN_POINT('',(2.4384,4.487084,1.585));
#11132 = VECTOR('',#11133,1.);
#11133 = DIRECTION('',(0.,1.,0.));
#11134 = ORIENTED_EDGE('',*,*,#11135,.T.);
#11135 = EDGE_CURVE('',#11128,#11136,#11138,.T.);
#11136 = VERTEX_POINT('',#11137);
#11137 = CARTESIAN_POINT('',(1.820523,6.293554,1.585));
#11138 = LINE('',#11139,#11140);
#11139 = CARTESIAN_POINT('',(2.4384,5.672916,1.585));
#11140 = VECTOR('',#11141,1.);
#11141 = DIRECTION('',(-0.705528687177,0.7086813611,0.));
#11142 = ORIENTED_EDGE('',*,*,#11143,.T.);
#11143 = EDGE_CURVE('',#11136,#11144,#11146,.T.);
#11144 = VERTEX_POINT('',#11145);
#11145 = CARTESIAN_POINT('',(1.820523,6.406446,1.585));
#11146 = CIRCLE('',#11147,0.101597542461);
#11147 = AXIS2_PLACEMENT_3D('',#11148,#11149,#11150);
#11148 = CARTESIAN_POINT('',(1.904997313954,6.35,1.585));
#11149 = DIRECTION('',(0.,0.,-1.));
#11150 = DIRECTION('',(-0.83146020965,-0.555584304826,-0.));
#11151 = ORIENTED_EDGE('',*,*,#11152,.T.);
#11152 = EDGE_CURVE('',#11144,#11153,#11155,.T.);
#11153 = VERTEX_POINT('',#11154);
#11154 = CARTESIAN_POINT('',(2.4384,7.027084,1.585));
#11155 = LINE('',#11156,#11157);
#11156 = CARTESIAN_POINT('',(1.820523,6.406446,1.585));
#11157 = VECTOR('',#11158,1.);
#11158 = DIRECTION('',(0.705528687177,0.7086813611,0.));
#11159 = ORIENTED_EDGE('',*,*,#11160,.T.);
#11160 = EDGE_CURVE('',#11153,#10971,#11161,.T.);
#11161 = LINE('',#11162,#11163);
#11162 = CARTESIAN_POINT('',(2.4384,7.027084,1.585));
#11163 = VECTOR('',#11164,1.);
#11164 = DIRECTION('',(0.,1.,0.));
#11165 = PLANE('',#11166);
#11166 = AXIS2_PLACEMENT_3D('',#11167,#11168,#11169);
#11167 = CARTESIAN_POINT('',(0.,0.,1.585));
#11168 = DIRECTION('',(0.,0.,1.));
#11169 = DIRECTION('',(1.,0.,-0.));
#11170 = SHELL_BASED_SURFACE_MODEL('',(#11171));
#11171 = OPEN_SHELL('',(#11172));
#11172 = ADVANCED_FACE('',(#11173),#11242,.T.);
#11173 = FACE_BOUND('',#11174,.F.);
#11174 = EDGE_LOOP('',(#11175,#11186,#11194,#11203,#11211,#11220,#11228,
    #11236));
#11175 = ORIENTED_EDGE('',*,*,#11176,.T.);
#11176 = EDGE_CURVE('',#11177,#11179,#11181,.T.);
#11177 = VERTEX_POINT('',#11178);
#11178 = CARTESIAN_POINT('',(3.505523,3.06941,1.585));
#11179 = VERTEX_POINT('',#11180);
#11180 = CARTESIAN_POINT('',(3.624533,2.985116,1.585));
#11181 = CIRCLE('',#11182,7.620007970257E-02);
#11182 = AXIS2_PLACEMENT_3D('',#11183,#11184,#11185);
#11183 = CARTESIAN_POINT('',(3.552243479429,3.009213248023,1.585));
#11184 = DIRECTION('',(0.,0.,-1.));
#11185 = DIRECTION('',(-0.613129009985,0.789982795455,0.));
#11186 = ORIENTED_EDGE('',*,*,#11187,.T.);
#11187 = EDGE_CURVE('',#11179,#11188,#11190,.T.);
#11188 = VERTEX_POINT('',#11189);
#11189 = CARTESIAN_POINT('',(3.330577,2.107876,1.585));
#11190 = LINE('',#11191,#11192);
#11191 = CARTESIAN_POINT('',(3.624533,2.985116,1.585));
#11192 = VECTOR('',#11193,1.);
#11193 = DIRECTION('',(-0.317728049468,-0.948181884757,0.));
#11194 = ORIENTED_EDGE('',*,*,#11195,.T.);
#11195 = EDGE_CURVE('',#11188,#11196,#11198,.T.);
#11196 = VERTEX_POINT('',#11197);
#11197 = CARTESIAN_POINT('',(3.198177,2.107877,1.585));
#11198 = CIRCLE('',#11199,7.620131016713E-02);
#11199 = AXIS2_PLACEMENT_3D('',#11200,#11201,#11202);
#11200 = CARTESIAN_POINT('',(3.264377285035,2.145615070069,1.585));
#11201 = DIRECTION('',(-0.,0.,-1.));
#11202 = DIRECTION('',(0.868747726519,-0.495254871422,-0.));
#11203 = ORIENTED_EDGE('',*,*,#11204,.T.);
#11204 = EDGE_CURVE('',#11196,#11205,#11207,.T.);
#11205 = VERTEX_POINT('',#11206);
#11206 = CARTESIAN_POINT('',(2.900908,2.999683,1.585));
#11207 = LINE('',#11208,#11209);
#11208 = CARTESIAN_POINT('',(3.198177,2.107877,1.585));
#11209 = VECTOR('',#11210,1.);
#11210 = DIRECTION('',(-0.31622808515,0.948683191673,0.));
#11211 = ORIENTED_EDGE('',*,*,#11212,.T.);
#11212 = EDGE_CURVE('',#11205,#11213,#11215,.T.);
#11213 = VERTEX_POINT('',#11214);
#11214 = CARTESIAN_POINT('',(3.0488,3.03331,1.585));
#11215 = CIRCLE('',#11216,7.620034871559E-02);
#11216 = AXIS2_PLACEMENT_3D('',#11217,#11218,#11219);
#11217 = CARTESIAN_POINT('',(2.976510035824,3.009213232088,1.585));
#11218 = DIRECTION('',(0.,0.,-1.));
#11219 = DIRECTION('',(-0.992148160714,-0.125068090221,-0.));
#11220 = ORIENTED_EDGE('',*,*,#11221,.T.);
#11221 = EDGE_CURVE('',#11213,#11222,#11224,.T.);
#11222 = VERTEX_POINT('',#11223);
#11223 = CARTESIAN_POINT('',(3.264376,2.386581,1.585));
#11224 = LINE('',#11225,#11226);
#11225 = CARTESIAN_POINT('',(3.0488,3.03331,1.585));
#11226 = VECTOR('',#11227,1.);
#11227 = DIRECTION('',(0.316227325948,-0.94868344474,0.));
#11228 = ORIENTED_EDGE('',*,*,#11229,.T.);
#11229 = EDGE_CURVE('',#11222,#11230,#11232,.T.);
#11230 = VERTEX_POINT('',#11231);
#11231 = CARTESIAN_POINT('',(3.486043,3.04695,1.585));
#11232 = LINE('',#11233,#11234);
#11233 = CARTESIAN_POINT('',(3.264376,2.386581,1.585));
#11234 = VECTOR('',#11235,1.);
#11235 = DIRECTION('',(0.318221956646,0.948016237366,0.));
#11236 = ORIENTED_EDGE('',*,*,#11237,.T.);
#11237 = EDGE_CURVE('',#11230,#11177,#11238,.T.);
#11238 = LINE('',#11239,#11240);
#11239 = CARTESIAN_POINT('',(3.486043,3.04695,1.585));
#11240 = VECTOR('',#11241,1.);
#11241 = DIRECTION('',(0.655212208411,0.755444876844,0.));
#11242 = PLANE('',#11243);
#11243 = AXIS2_PLACEMENT_3D('',#11244,#11245,#11246);
#11244 = CARTESIAN_POINT('',(0.,0.,1.585));
#11245 = DIRECTION('',(0.,0.,1.));
#11246 = DIRECTION('',(1.,0.,-0.));
#11247 = SHELL_BASED_SURFACE_MODEL('',(#11248));
#11248 = OPEN_SHELL('',(#11249));
#11249 = ADVANCED_FACE('',(#11250),#11435,.T.);
#11250 = FACE_BOUND('',#11251,.F.);
#11251 = EDGE_LOOP('',(#11252,#11263,#11271,#11280,#11288,#11297,#11305,
    #11314,#11322,#11330,#11338,#11347,#11355,#11364,#11372,#11381,
    #11389,#11397,#11405,#11413,#11421,#11429));
#11252 = ORIENTED_EDGE('',*,*,#11253,.T.);
#11253 = EDGE_CURVE('',#11254,#11256,#11258,.T.);
#11254 = VERTEX_POINT('',#11255);
#11255 = CARTESIAN_POINT('',(3.925745,3.034289,1.585));
#11256 = VERTEX_POINT('',#11257);
#11257 = CARTESIAN_POINT('',(4.334806,3.031447,1.585));
#11258 = CIRCLE('',#11259,0.409653839751);
#11259 = AXIS2_PLACEMENT_3D('',#11260,#11261,#11262);
#11260 = CARTESIAN_POINT('',(4.127809580216,2.677937805467,1.585));
#11261 = DIRECTION('',(0.,0.,-1.));
#11262 = DIRECTION('',(-0.493256893035,0.869883691923,0.));
#11263 = ORIENTED_EDGE('',*,*,#11264,.T.);
#11264 = EDGE_CURVE('',#11256,#11265,#11267,.T.);
#11265 = VERTEX_POINT('',#11266);
#11266 = CARTESIAN_POINT('',(4.396954,2.9693,1.585));
#11267 = LINE('',#11268,#11269);
#11268 = CARTESIAN_POINT('',(4.334806,3.031447,1.585));
#11269 = VECTOR('',#11270,1.);
#11270 = DIRECTION('',(0.707112470104,-0.707101092224,0.));
#11271 = ORIENTED_EDGE('',*,*,#11272,.T.);
#11272 = EDGE_CURVE('',#11265,#11273,#11275,.T.);
#11273 = VERTEX_POINT('',#11274);
#11274 = CARTESIAN_POINT('',(4.279714,2.873084,1.585));
#11275 = CIRCLE('',#11276,7.620018125461E-02);
#11276 = AXIS2_PLACEMENT_3D('',#11277,#11278,#11279);
#11277 = CARTESIAN_POINT('',(4.333595829785,2.9269655,1.585));
#11278 = DIRECTION('',(0.,0.,-1.));
#11279 = DIRECTION('',(0.831470072272,0.555569544625,0.));
#11280 = ORIENTED_EDGE('',*,*,#11281,.T.);
#11281 = EDGE_CURVE('',#11273,#11282,#11284,.T.);
#11282 = VERTEX_POINT('',#11283);
#11283 = CARTESIAN_POINT('',(4.251309,2.901488,1.585));
#11284 = LINE('',#11285,#11286);
#11285 = CARTESIAN_POINT('',(4.279714,2.873084,1.585));
#11286 = VECTOR('',#11287,1.);
#11287 = DIRECTION('',(-0.707119228168,0.707094333986,0.));
#11288 = ORIENTED_EDGE('',*,*,#11289,.T.);
#11289 = EDGE_CURVE('',#11282,#11290,#11292,.T.);
#11290 = VERTEX_POINT('',#11291);
#11291 = CARTESIAN_POINT('',(4.004643,2.901488,1.585));
#11292 = CIRCLE('',#11293,0.245588568067);
#11293 = AXIS2_PLACEMENT_3D('',#11294,#11295,#11296);
#11294 = CARTESIAN_POINT('',(4.127976,2.689114,1.585));
#11295 = DIRECTION('',(0.,0.,1.));
#11296 = DIRECTION('',(0.502193571024,0.864755235441,-0.));
#11297 = ORIENTED_EDGE('',*,*,#11298,.T.);
#11298 = EDGE_CURVE('',#11290,#11299,#11301,.T.);
#11299 = VERTEX_POINT('',#11300);
#11300 = CARTESIAN_POINT('',(3.943859,2.840703,1.585));
#11301 = LINE('',#11302,#11303);
#11302 = CARTESIAN_POINT('',(4.004643,2.901488,1.585));
#11303 = VECTOR('',#11304,1.);
#11304 = DIRECTION('',(-0.707100964657,-0.707112597668,0.));
#11305 = ORIENTED_EDGE('',*,*,#11306,.T.);
#11306 = EDGE_CURVE('',#11299,#11307,#11309,.T.);
#11307 = VERTEX_POINT('',#11308);
#11308 = CARTESIAN_POINT('',(3.875187,2.525109,1.585));
#11309 = CIRCLE('',#11310,0.515715987161);
#11310 = AXIS2_PLACEMENT_3D('',#11311,#11312,#11313);
#11311 = CARTESIAN_POINT('',(4.388103770198,2.578768726633,1.585));
#11312 = DIRECTION('',(0.,0.,1.));
#11313 = DIRECTION('',(-0.86141360993,0.507904117554,0.));
#11314 = ORIENTED_EDGE('',*,*,#11315,.T.);
#11315 = EDGE_CURVE('',#11307,#11316,#11318,.T.);
#11316 = VERTEX_POINT('',#11317);
#11317 = CARTESIAN_POINT('',(3.912007,2.377829,1.585));
#11318 = LINE('',#11319,#11320);
#11319 = CARTESIAN_POINT('',(3.875187,2.525109,1.585));
#11320 = VECTOR('',#11321,1.);
#11321 = DIRECTION('',(0.242535625036,-0.970142500145,0.));
#11322 = ORIENTED_EDGE('',*,*,#11323,.T.);
#11323 = EDGE_CURVE('',#11316,#11324,#11326,.T.);
#11324 = VERTEX_POINT('',#11325);
#11325 = CARTESIAN_POINT('',(3.943859,2.314123,1.585));
#11326 = LINE('',#11327,#11328);
#11327 = CARTESIAN_POINT('',(3.912007,2.377829,1.585));
#11328 = VECTOR('',#11329,1.);
#11329 = DIRECTION('',(0.447202363458,-0.894432806933,0.));
#11330 = ORIENTED_EDGE('',*,*,#11331,.T.);
#11331 = EDGE_CURVE('',#11324,#11332,#11334,.T.);
#11332 = VERTEX_POINT('',#11333);
#11333 = CARTESIAN_POINT('',(4.004643,2.253338,1.585));
#11334 = LINE('',#11335,#11336);
#11335 = CARTESIAN_POINT('',(3.943859,2.314123,1.585));
#11336 = VECTOR('',#11337,1.);
#11337 = DIRECTION('',(0.707100964657,-0.707112597668,0.));
#11338 = ORIENTED_EDGE('',*,*,#11339,.T.);
#11339 = EDGE_CURVE('',#11332,#11340,#11342,.T.);
#11340 = VERTEX_POINT('',#11341);
#11341 = CARTESIAN_POINT('',(4.251309,2.253338,1.585));
#11342 = CIRCLE('',#11343,0.245589356908);
#11343 = AXIS2_PLACEMENT_3D('',#11344,#11345,#11346);
#11344 = CARTESIAN_POINT('',(4.127976,2.465712912213,1.585));
#11345 = DIRECTION('',(0.,0.,1.));
#11346 = DIRECTION('',(-0.502191957962,-0.8647561722,0.));
#11347 = ORIENTED_EDGE('',*,*,#11348,.T.);
#11348 = EDGE_CURVE('',#11340,#11349,#11351,.T.);
#11349 = VERTEX_POINT('',#11350);
#11350 = CARTESIAN_POINT('',(4.291261,2.291218,1.585));
#11351 = LINE('',#11352,#11353);
#11352 = CARTESIAN_POINT('',(4.251309,2.253338,1.585));
#11353 = VECTOR('',#11354,1.);
#11354 = DIRECTION('',(0.725673885274,0.688038815934,0.));
#11355 = ORIENTED_EDGE('',*,*,#11356,.T.);
#11356 = EDGE_CURVE('',#11349,#11357,#11359,.T.);
#11357 = VERTEX_POINT('',#11358);
#11358 = CARTESIAN_POINT('',(4.387477,2.173978,1.585));
#11359 = CIRCLE('',#11360,7.620018125461E-02);
#11360 = AXIS2_PLACEMENT_3D('',#11361,#11362,#11363);
#11361 = CARTESIAN_POINT('',(4.3335955,2.227859829785,1.585));
#11362 = DIRECTION('',(0.,0.,-1.));
#11363 = DIRECTION('',(-0.555569544625,0.831470072272,0.));
#11364 = ORIENTED_EDGE('',*,*,#11365,.T.);
#11365 = EDGE_CURVE('',#11357,#11366,#11368,.T.);
#11366 = VERTEX_POINT('',#11367);
#11367 = CARTESIAN_POINT('',(4.330208,2.120536,1.585));
#11368 = LINE('',#11369,#11370);
#11369 = CARTESIAN_POINT('',(4.387477,2.173978,1.585));
#11370 = VECTOR('',#11371,1.);
#11371 = DIRECTION('',(-0.731113002033,-0.682256387481,0.));
#11372 = ORIENTED_EDGE('',*,*,#11373,.T.);
#11373 = EDGE_CURVE('',#11366,#11374,#11376,.T.);
#11374 = VERTEX_POINT('',#11375);
#11375 = CARTESIAN_POINT('',(3.921147,2.123378,1.585));
#11376 = CIRCLE('',#11377,0.409941890429);
#11377 = AXIS2_PLACEMENT_3D('',#11378,#11379,#11380);
#11378 = CARTESIAN_POINT('',(4.128145729228,2.477219602453,1.585));
#11379 = DIRECTION('',(-0.,0.,-1.));
#11380 = DIRECTION('',(0.492904666465,-0.870083323468,-0.));
#11381 = ORIENTED_EDGE('',*,*,#11382,.T.);
#11382 = EDGE_CURVE('',#11374,#11383,#11385,.T.);
#11383 = VERTEX_POINT('',#11384);
#11384 = CARTESIAN_POINT('',(3.817106,2.228507,1.585));
#11385 = LINE('',#11386,#11387);
#11386 = CARTESIAN_POINT('',(3.921147,2.123378,1.585));
#11387 = VECTOR('',#11388,1.);
#11388 = DIRECTION('',(-0.703419241984,0.710775189498,0.));
#11389 = ORIENTED_EDGE('',*,*,#11390,.T.);
#11390 = EDGE_CURVE('',#11383,#11391,#11393,.T.);
#11391 = VERTEX_POINT('',#11392);
#11392 = CARTESIAN_POINT('',(3.766186,2.33275,1.585));
#11393 = LINE('',#11394,#11395);
#11394 = CARTESIAN_POINT('',(3.817106,2.228507,1.585));
#11395 = VECTOR('',#11396,1.);
#11396 = DIRECTION('',(-0.438909263596,0.89853138973,0.));
#11397 = ORIENTED_EDGE('',*,*,#11398,.T.);
#11398 = EDGE_CURVE('',#11391,#11399,#11401,.T.);
#11399 = VERTEX_POINT('',#11400);
#11400 = CARTESIAN_POINT('',(3.722787,2.515727,1.585));
#11401 = LINE('',#11402,#11403);
#11402 = CARTESIAN_POINT('',(3.766186,2.33275,1.585));
#11403 = VECTOR('',#11404,1.);
#11404 = DIRECTION('',(-0.23078027656,0.973005891015,0.));
#11405 = ORIENTED_EDGE('',*,*,#11406,.T.);
#11406 = EDGE_CURVE('',#11399,#11407,#11409,.T.);
#11407 = VERTEX_POINT('',#11408);
#11408 = CARTESIAN_POINT('',(3.725062,2.657579,1.585));
#11409 = LINE('',#11410,#11411);
#11410 = CARTESIAN_POINT('',(3.722787,2.515727,1.585));
#11411 = VECTOR('',#11412,1.);
#11412 = DIRECTION('',(1.603578009011E-02,0.999871418612,0.));
#11413 = ORIENTED_EDGE('',*,*,#11414,.T.);
#11414 = EDGE_CURVE('',#11407,#11415,#11417,.T.);
#11415 = VERTEX_POINT('',#11416);
#11416 = CARTESIAN_POINT('',(3.771955,2.837671,1.585));
#11417 = LINE('',#11418,#11419);
#11418 = CARTESIAN_POINT('',(3.725062,2.657579,1.585));
#11419 = VECTOR('',#11420,1.);
#11420 = DIRECTION('',(0.251981535344,0.967732042378,0.));
#11421 = ORIENTED_EDGE('',*,*,#11422,.T.);
#11422 = EDGE_CURVE('',#11415,#11423,#11425,.T.);
#11423 = VERTEX_POINT('',#11424);
#11424 = CARTESIAN_POINT('',(3.822555,2.933879,1.585));
#11425 = LINE('',#11426,#11427);
#11426 = CARTESIAN_POINT('',(3.771955,2.837671,1.585));
#11427 = VECTOR('',#11428,1.);
#11428 = DIRECTION('',(0.465488590982,0.885053880657,0.));
#11429 = ORIENTED_EDGE('',*,*,#11430,.T.);
#11430 = EDGE_CURVE('',#11423,#11254,#11431,.T.);
#11431 = LINE('',#11432,#11433);
#11432 = CARTESIAN_POINT('',(3.822555,2.933879,1.585));
#11433 = VECTOR('',#11434,1.);
#11434 = DIRECTION('',(0.716694969132,0.697386780217,0.));
#11435 = PLANE('',#11436);
#11436 = AXIS2_PLACEMENT_3D('',#11437,#11438,#11439);
#11437 = CARTESIAN_POINT('',(0.,0.,1.585));
#11438 = DIRECTION('',(0.,0.,1.));
#11439 = DIRECTION('',(1.,0.,-0.));
#11440 = SHELL_BASED_SURFACE_MODEL('',(#11441));
#11441 = OPEN_SHELL('',(#11442));
#11442 = ADVANCED_FACE('',(#11443),#11628,.T.);
#11443 = FACE_BOUND('',#11444,.F.);
#11444 = EDGE_LOOP('',(#11445,#11456,#11464,#11473,#11481,#11490,#11498,
    #11507,#11515,#11523,#11531,#11540,#11548,#11557,#11565,#11574,
    #11582,#11590,#11598,#11606,#11614,#11622));
#11445 = ORIENTED_EDGE('',*,*,#11446,.T.);
#11446 = EDGE_CURVE('',#11447,#11449,#11451,.T.);
#11447 = VERTEX_POINT('',#11448);
#11448 = CARTESIAN_POINT('',(4.789345,3.034289,1.585));
#11449 = VERTEX_POINT('',#11450);
#11450 = CARTESIAN_POINT('',(5.198406,3.031447,1.585));
#11451 = CIRCLE('',#11452,0.409653839751);
#11452 = AXIS2_PLACEMENT_3D('',#11453,#11454,#11455);
#11453 = CARTESIAN_POINT('',(4.991409580216,2.677937805467,1.585));
#11454 = DIRECTION('',(0.,0.,-1.));
#11455 = DIRECTION('',(-0.493256893035,0.869883691923,0.));
#11456 = ORIENTED_EDGE('',*,*,#11457,.T.);
#11457 = EDGE_CURVE('',#11449,#11458,#11460,.T.);
#11458 = VERTEX_POINT('',#11459);
#11459 = CARTESIAN_POINT('',(5.260554,2.9693,1.585));
#11460 = LINE('',#11461,#11462);
#11461 = CARTESIAN_POINT('',(5.198406,3.031447,1.585));
#11462 = VECTOR('',#11463,1.);
#11463 = DIRECTION('',(0.707112470104,-0.707101092224,0.));
#11464 = ORIENTED_EDGE('',*,*,#11465,.T.);
#11465 = EDGE_CURVE('',#11458,#11466,#11468,.T.);
#11466 = VERTEX_POINT('',#11467);
#11467 = CARTESIAN_POINT('',(5.143314,2.873084,1.585));
#11468 = CIRCLE('',#11469,7.620018125461E-02);
#11469 = AXIS2_PLACEMENT_3D('',#11470,#11471,#11472);
#11470 = CARTESIAN_POINT('',(5.197195829785,2.9269655,1.585));
#11471 = DIRECTION('',(0.,0.,-1.));
#11472 = DIRECTION('',(0.831470072272,0.555569544625,0.));
#11473 = ORIENTED_EDGE('',*,*,#11474,.T.);
#11474 = EDGE_CURVE('',#11466,#11475,#11477,.T.);
#11475 = VERTEX_POINT('',#11476);
#11476 = CARTESIAN_POINT('',(5.114909,2.901488,1.585));
#11477 = LINE('',#11478,#11479);
#11478 = CARTESIAN_POINT('',(5.143314,2.873084,1.585));
#11479 = VECTOR('',#11480,1.);
#11480 = DIRECTION('',(-0.707119228168,0.707094333986,0.));
#11481 = ORIENTED_EDGE('',*,*,#11482,.T.);
#11482 = EDGE_CURVE('',#11475,#11483,#11485,.T.);
#11483 = VERTEX_POINT('',#11484);
#11484 = CARTESIAN_POINT('',(4.868243,2.901488,1.585));
#11485 = CIRCLE('',#11486,0.245588568067);
#11486 = AXIS2_PLACEMENT_3D('',#11487,#11488,#11489);
#11487 = CARTESIAN_POINT('',(4.991576,2.689114,1.585));
#11488 = DIRECTION('',(0.,0.,1.));
#11489 = DIRECTION('',(0.502193571024,0.864755235441,-0.));
#11490 = ORIENTED_EDGE('',*,*,#11491,.T.);
#11491 = EDGE_CURVE('',#11483,#11492,#11494,.T.);
#11492 = VERTEX_POINT('',#11493);
#11493 = CARTESIAN_POINT('',(4.807459,2.840703,1.585));
#11494 = LINE('',#11495,#11496);
#11495 = CARTESIAN_POINT('',(4.868243,2.901488,1.585));
#11496 = VECTOR('',#11497,1.);
#11497 = DIRECTION('',(-0.707100964657,-0.707112597668,0.));
#11498 = ORIENTED_EDGE('',*,*,#11499,.T.);
#11499 = EDGE_CURVE('',#11492,#11500,#11502,.T.);
#11500 = VERTEX_POINT('',#11501);
#11501 = CARTESIAN_POINT('',(4.738787,2.525109,1.585));
#11502 = CIRCLE('',#11503,0.515715987161);
#11503 = AXIS2_PLACEMENT_3D('',#11504,#11505,#11506);
#11504 = CARTESIAN_POINT('',(5.251703770198,2.578768726633,1.585));
#11505 = DIRECTION('',(0.,0.,1.));
#11506 = DIRECTION('',(-0.86141360993,0.507904117554,0.));
#11507 = ORIENTED_EDGE('',*,*,#11508,.T.);
#11508 = EDGE_CURVE('',#11500,#11509,#11511,.T.);
#11509 = VERTEX_POINT('',#11510);
#11510 = CARTESIAN_POINT('',(4.775607,2.377829,1.585));
#11511 = LINE('',#11512,#11513);
#11512 = CARTESIAN_POINT('',(4.738787,2.525109,1.585));
#11513 = VECTOR('',#11514,1.);
#11514 = DIRECTION('',(0.242535625036,-0.970142500145,0.));
#11515 = ORIENTED_EDGE('',*,*,#11516,.T.);
#11516 = EDGE_CURVE('',#11509,#11517,#11519,.T.);
#11517 = VERTEX_POINT('',#11518);
#11518 = CARTESIAN_POINT('',(4.807459,2.314123,1.585));
#11519 = LINE('',#11520,#11521);
#11520 = CARTESIAN_POINT('',(4.775607,2.377829,1.585));
#11521 = VECTOR('',#11522,1.);
#11522 = DIRECTION('',(0.447202363458,-0.894432806933,0.));
#11523 = ORIENTED_EDGE('',*,*,#11524,.T.);
#11524 = EDGE_CURVE('',#11517,#11525,#11527,.T.);
#11525 = VERTEX_POINT('',#11526);
#11526 = CARTESIAN_POINT('',(4.868243,2.253338,1.585));
#11527 = LINE('',#11528,#11529);
#11528 = CARTESIAN_POINT('',(4.807459,2.314123,1.585));
#11529 = VECTOR('',#11530,1.);
#11530 = DIRECTION('',(0.707100964657,-0.707112597668,0.));
#11531 = ORIENTED_EDGE('',*,*,#11532,.T.);
#11532 = EDGE_CURVE('',#11525,#11533,#11535,.T.);
#11533 = VERTEX_POINT('',#11534);
#11534 = CARTESIAN_POINT('',(5.114909,2.253338,1.585));
#11535 = CIRCLE('',#11536,0.245589356908);
#11536 = AXIS2_PLACEMENT_3D('',#11537,#11538,#11539);
#11537 = CARTESIAN_POINT('',(4.991576,2.465712912213,1.585));
#11538 = DIRECTION('',(0.,0.,1.));
#11539 = DIRECTION('',(-0.502191957962,-0.8647561722,0.));
#11540 = ORIENTED_EDGE('',*,*,#11541,.T.);
#11541 = EDGE_CURVE('',#11533,#11542,#11544,.T.);
#11542 = VERTEX_POINT('',#11543);
#11543 = CARTESIAN_POINT('',(5.154861,2.291218,1.585));
#11544 = LINE('',#11545,#11546);
#11545 = CARTESIAN_POINT('',(5.114909,2.253338,1.585));
#11546 = VECTOR('',#11547,1.);
#11547 = DIRECTION('',(0.725673885274,0.688038815934,0.));
#11548 = ORIENTED_EDGE('',*,*,#11549,.T.);
#11549 = EDGE_CURVE('',#11542,#11550,#11552,.T.);
#11550 = VERTEX_POINT('',#11551);
#11551 = CARTESIAN_POINT('',(5.251077,2.173978,1.585));
#11552 = CIRCLE('',#11553,7.620018125461E-02);
#11553 = AXIS2_PLACEMENT_3D('',#11554,#11555,#11556);
#11554 = CARTESIAN_POINT('',(5.1971955,2.227859829785,1.585));
#11555 = DIRECTION('',(0.,0.,-1.));
#11556 = DIRECTION('',(-0.555569544625,0.831470072272,0.));
#11557 = ORIENTED_EDGE('',*,*,#11558,.T.);
#11558 = EDGE_CURVE('',#11550,#11559,#11561,.T.);
#11559 = VERTEX_POINT('',#11560);
#11560 = CARTESIAN_POINT('',(5.193808,2.120536,1.585));
#11561 = LINE('',#11562,#11563);
#11562 = CARTESIAN_POINT('',(5.251077,2.173978,1.585));
#11563 = VECTOR('',#11564,1.);
#11564 = DIRECTION('',(-0.731113002033,-0.682256387481,0.));
#11565 = ORIENTED_EDGE('',*,*,#11566,.T.);
#11566 = EDGE_CURVE('',#11559,#11567,#11569,.T.);
#11567 = VERTEX_POINT('',#11568);
#11568 = CARTESIAN_POINT('',(4.784747,2.123378,1.585));
#11569 = CIRCLE('',#11570,0.409941890429);
#11570 = AXIS2_PLACEMENT_3D('',#11571,#11572,#11573);
#11571 = CARTESIAN_POINT('',(4.991745729228,2.477219602453,1.585));
#11572 = DIRECTION('',(-0.,0.,-1.));
#11573 = DIRECTION('',(0.492904666465,-0.870083323468,-0.));
#11574 = ORIENTED_EDGE('',*,*,#11575,.T.);
#11575 = EDGE_CURVE('',#11567,#11576,#11578,.T.);
#11576 = VERTEX_POINT('',#11577);
#11577 = CARTESIAN_POINT('',(4.680706,2.228507,1.585));
#11578 = LINE('',#11579,#11580);
#11579 = CARTESIAN_POINT('',(4.784747,2.123378,1.585));
#11580 = VECTOR('',#11581,1.);
#11581 = DIRECTION('',(-0.703419241984,0.710775189498,0.));
#11582 = ORIENTED_EDGE('',*,*,#11583,.T.);
#11583 = EDGE_CURVE('',#11576,#11584,#11586,.T.);
#11584 = VERTEX_POINT('',#11585);
#11585 = CARTESIAN_POINT('',(4.629786,2.33275,1.585));
#11586 = LINE('',#11587,#11588);
#11587 = CARTESIAN_POINT('',(4.680706,2.228507,1.585));
#11588 = VECTOR('',#11589,1.);
#11589 = DIRECTION('',(-0.438909263596,0.89853138973,0.));
#11590 = ORIENTED_EDGE('',*,*,#11591,.T.);
#11591 = EDGE_CURVE('',#11584,#11592,#11594,.T.);
#11592 = VERTEX_POINT('',#11593);
#11593 = CARTESIAN_POINT('',(4.586387,2.515727,1.585));
#11594 = LINE('',#11595,#11596);
#11595 = CARTESIAN_POINT('',(4.629786,2.33275,1.585));
#11596 = VECTOR('',#11597,1.);
#11597 = DIRECTION('',(-0.23078027656,0.973005891015,0.));
#11598 = ORIENTED_EDGE('',*,*,#11599,.T.);
#11599 = EDGE_CURVE('',#11592,#11600,#11602,.T.);
#11600 = VERTEX_POINT('',#11601);
#11601 = CARTESIAN_POINT('',(4.588662,2.657579,1.585));
#11602 = LINE('',#11603,#11604);
#11603 = CARTESIAN_POINT('',(4.586387,2.515727,1.585));
#11604 = VECTOR('',#11605,1.);
#11605 = DIRECTION('',(1.603578009011E-02,0.999871418612,0.));
#11606 = ORIENTED_EDGE('',*,*,#11607,.T.);
#11607 = EDGE_CURVE('',#11600,#11608,#11610,.T.);
#11608 = VERTEX_POINT('',#11609);
#11609 = CARTESIAN_POINT('',(4.635555,2.837671,1.585));
#11610 = LINE('',#11611,#11612);
#11611 = CARTESIAN_POINT('',(4.588662,2.657579,1.585));
#11612 = VECTOR('',#11613,1.);
#11613 = DIRECTION('',(0.251981535344,0.967732042378,0.));
#11614 = ORIENTED_EDGE('',*,*,#11615,.T.);
#11615 = EDGE_CURVE('',#11608,#11616,#11618,.T.);
#11616 = VERTEX_POINT('',#11617);
#11617 = CARTESIAN_POINT('',(4.686155,2.933879,1.585));
#11618 = LINE('',#11619,#11620);
#11619 = CARTESIAN_POINT('',(4.635555,2.837671,1.585));
#11620 = VECTOR('',#11621,1.);
#11621 = DIRECTION('',(0.465488590982,0.885053880657,0.));
#11622 = ORIENTED_EDGE('',*,*,#11623,.T.);
#11623 = EDGE_CURVE('',#11616,#11447,#11624,.T.);
#11624 = LINE('',#11625,#11626);
#11625 = CARTESIAN_POINT('',(4.686155,2.933879,1.585));
#11626 = VECTOR('',#11627,1.);
#11627 = DIRECTION('',(0.716694969132,0.697386780217,0.));
#11628 = PLANE('',#11629);
#11629 = AXIS2_PLACEMENT_3D('',#11630,#11631,#11632);
#11630 = CARTESIAN_POINT('',(0.,0.,1.585));
#11631 = DIRECTION('',(0.,0.,1.));
#11632 = DIRECTION('',(1.,0.,-0.));
#11633 = SHELL_BASED_SURFACE_MODEL('',(#11634));
#11634 = OPEN_SHELL('',(#11635));
#11635 = ADVANCED_FACE('',(#11636),#11705,.T.);
#11636 = FACE_BOUND('',#11637,.F.);
#11637 = EDGE_LOOP('',(#11638,#11649,#11657,#11665,#11674,#11682,#11691,
    #11699));
#11638 = ORIENTED_EDGE('',*,*,#11639,.T.);
#11639 = EDGE_CURVE('',#11640,#11642,#11644,.T.);
#11640 = VERTEX_POINT('',#11641);
#11641 = CARTESIAN_POINT('',(6.063334,5.3323,1.585));
#11642 = VERTEX_POINT('',#11643);
#11643 = CARTESIAN_POINT('',(6.1855,5.308,1.585));
#11644 = CIRCLE('',#11645,6.349983287265E-02);
#11645 = AXIS2_PLACEMENT_3D('',#11646,#11647,#11648);
#11646 = CARTESIAN_POINT('',(6.122000167129,5.30799959652,1.585));
#11647 = DIRECTION('',(0.,0.,-1.));
#11648 = DIRECTION('',(-0.923879079277,0.382684526568,0.));
#11649 = ORIENTED_EDGE('',*,*,#11650,.T.);
#11650 = EDGE_CURVE('',#11642,#11651,#11653,.T.);
#11651 = VERTEX_POINT('',#11652);
#11652 = CARTESIAN_POINT('',(6.1855,2.3815,1.585));
#11653 = LINE('',#11654,#11655);
#11654 = CARTESIAN_POINT('',(6.1855,5.308,1.585));
#11655 = VECTOR('',#11656,1.);
#11656 = DIRECTION('',(0.,-1.,0.));
#11657 = ORIENTED_EDGE('',*,*,#11658,.T.);
#11658 = EDGE_CURVE('',#11651,#11659,#11661,.T.);
#11659 = VERTEX_POINT('',#11660);
#11660 = CARTESIAN_POINT('',(6.352,2.3815,1.585));
#11661 = LINE('',#11662,#11663);
#11662 = CARTESIAN_POINT('',(6.1855,2.3815,1.585));
#11663 = VECTOR('',#11664,1.);
#11664 = DIRECTION('',(1.,0.,0.));
#11665 = ORIENTED_EDGE('',*,*,#11666,.T.);
#11666 = EDGE_CURVE('',#11659,#11667,#11669,.T.);
#11667 = VERTEX_POINT('',#11668);
#11668 = CARTESIAN_POINT('',(6.352,2.2545,1.585));
#11669 = CIRCLE('',#11670,6.350000000209E-02);
#11670 = AXIS2_PLACEMENT_3D('',#11671,#11672,#11673);
#11671 = CARTESIAN_POINT('',(6.351999484846,2.318,1.585));
#11672 = DIRECTION('',(0.,0.,-1.));
#11673 = DIRECTION('',(8.11265483461E-06,0.999999999967,0.));
#11674 = ORIENTED_EDGE('',*,*,#11675,.T.);
#11675 = EDGE_CURVE('',#11667,#11676,#11678,.T.);
#11676 = VERTEX_POINT('',#11677);
#11677 = CARTESIAN_POINT('',(6.122,2.2545,1.585));
#11678 = LINE('',#11679,#11680);
#11679 = CARTESIAN_POINT('',(6.352,2.2545,1.585));
#11680 = VECTOR('',#11681,1.);
#11681 = DIRECTION('',(-1.,0.,0.));
#11682 = ORIENTED_EDGE('',*,*,#11683,.T.);
#11683 = EDGE_CURVE('',#11676,#11684,#11686,.T.);
#11684 = VERTEX_POINT('',#11685);
#11685 = CARTESIAN_POINT('',(6.0585,2.318,1.585));
#11686 = CIRCLE('',#11687,6.350155257215E-02);
#11687 = AXIS2_PLACEMENT_3D('',#11688,#11689,#11690);
#11688 = CARTESIAN_POINT('',(6.122001552553,2.318001552553,1.585));
#11689 = DIRECTION('',(0.,0.,-1.));
#11690 = DIRECTION('',(-2.444905842151E-05,-0.999999999701,-0.));
#11691 = ORIENTED_EDGE('',*,*,#11692,.T.);
#11692 = EDGE_CURVE('',#11684,#11693,#11695,.T.);
#11693 = VERTEX_POINT('',#11694);
#11694 = CARTESIAN_POINT('',(6.0585,5.308,1.585));
#11695 = LINE('',#11696,#11697);
#11696 = CARTESIAN_POINT('',(6.0585,2.318,1.585));
#11697 = VECTOR('',#11698,1.);
#11698 = DIRECTION('',(0.,1.,0.));
#11699 = ORIENTED_EDGE('',*,*,#11700,.T.);
#11700 = EDGE_CURVE('',#11693,#11640,#11701,.T.);
#11701 = LINE('',#11702,#11703);
#11702 = CARTESIAN_POINT('',(6.0585,5.308,1.585));
#11703 = VECTOR('',#11704,1.);
#11704 = DIRECTION('',(0.195106996365,0.980781963522,0.));
#11705 = PLANE('',#11706);
#11706 = AXIS2_PLACEMENT_3D('',#11707,#11708,#11709);
#11707 = CARTESIAN_POINT('',(0.,0.,1.585));
#11708 = DIRECTION('',(0.,0.,1.));
#11709 = DIRECTION('',(1.,0.,-0.));
#11710 = SHELL_BASED_SURFACE_MODEL('',(#11711));
#11711 = OPEN_SHELL('',(#11712));
#11712 = ADVANCED_FACE('',(#11713),#11782,.T.);
#11713 = FACE_BOUND('',#11714,.F.);
#11714 = EDGE_LOOP('',(#11715,#11726,#11734,#11743,#11751,#11760,#11768,
    #11776));
#11715 = ORIENTED_EDGE('',*,*,#11716,.T.);
#11716 = EDGE_CURVE('',#11717,#11719,#11721,.T.);
#11717 = VERTEX_POINT('',#11718);
#11718 = CARTESIAN_POINT('',(8.023334,5.3023,1.585));
#11719 = VERTEX_POINT('',#11720);
#11720 = CARTESIAN_POINT('',(8.1455,5.278,1.585));
#11721 = CIRCLE('',#11722,6.349983287265E-02);
#11722 = AXIS2_PLACEMENT_3D('',#11723,#11724,#11725);
#11723 = CARTESIAN_POINT('',(8.082000167129,5.27799959652,1.585));
#11724 = DIRECTION('',(0.,0.,-1.));
#11725 = DIRECTION('',(-0.923879079277,0.382684526568,0.));
#11726 = ORIENTED_EDGE('',*,*,#11727,.T.);
#11727 = EDGE_CURVE('',#11719,#11728,#11730,.T.);
#11728 = VERTEX_POINT('',#11729);
#11729 = CARTESIAN_POINT('',(8.1455,2.318,1.585));
#11730 = LINE('',#11731,#11732);
#11731 = CARTESIAN_POINT('',(8.1455,5.278,1.585));
#11732 = VECTOR('',#11733,1.);
#11733 = DIRECTION('',(0.,-1.,0.));
#11734 = ORIENTED_EDGE('',*,*,#11735,.T.);
#11735 = EDGE_CURVE('',#11728,#11736,#11738,.T.);
#11736 = VERTEX_POINT('',#11737);
#11737 = CARTESIAN_POINT('',(8.082,2.2545,1.585));
#11738 = CIRCLE('',#11739,6.350155257215E-02);
#11739 = AXIS2_PLACEMENT_3D('',#11740,#11741,#11742);
#11740 = CARTESIAN_POINT('',(8.081998447447,2.318001552553,1.585));
#11741 = DIRECTION('',(0.,0.,-1.));
#11742 = DIRECTION('',(0.999999999701,-2.444905847047E-05,0.));
#11743 = ORIENTED_EDGE('',*,*,#11744,.T.);
#11744 = EDGE_CURVE('',#11736,#11745,#11747,.T.);
#11745 = VERTEX_POINT('',#11746);
#11746 = CARTESIAN_POINT('',(7.872,2.2545,1.585));
#11747 = LINE('',#11748,#11749);
#11748 = CARTESIAN_POINT('',(8.082,2.2545,1.585));
#11749 = VECTOR('',#11750,1.);
#11750 = DIRECTION('',(-1.,0.,0.));
#11751 = ORIENTED_EDGE('',*,*,#11752,.T.);
#11752 = EDGE_CURVE('',#11745,#11753,#11755,.T.);
#11753 = VERTEX_POINT('',#11754);
#11754 = CARTESIAN_POINT('',(7.872,2.3815,1.585));
#11755 = CIRCLE('',#11756,6.350000000209E-02);
#11756 = AXIS2_PLACEMENT_3D('',#11757,#11758,#11759);
#11757 = CARTESIAN_POINT('',(7.872000515154,2.318,1.585));
#11758 = DIRECTION('',(0.,0.,-1.));
#11759 = DIRECTION('',(-8.11265483461E-06,-0.999999999967,-0.));
#11760 = ORIENTED_EDGE('',*,*,#11761,.T.);
#11761 = EDGE_CURVE('',#11753,#11762,#11764,.T.);
#11762 = VERTEX_POINT('',#11763);
#11763 = CARTESIAN_POINT('',(8.0185,2.3815,1.585));
#11764 = LINE('',#11765,#11766);
#11765 = CARTESIAN_POINT('',(7.872,2.3815,1.585));
#11766 = VECTOR('',#11767,1.);
#11767 = DIRECTION('',(1.,0.,0.));
#11768 = ORIENTED_EDGE('',*,*,#11769,.T.);
#11769 = EDGE_CURVE('',#11762,#11770,#11772,.T.);
#11770 = VERTEX_POINT('',#11771);
#11771 = CARTESIAN_POINT('',(8.0185,5.278,1.585));
#11772 = LINE('',#11773,#11774);
#11773 = CARTESIAN_POINT('',(8.0185,2.3815,1.585));
#11774 = VECTOR('',#11775,1.);
#11775 = DIRECTION('',(0.,1.,0.));
#11776 = ORIENTED_EDGE('',*,*,#11777,.T.);
#11777 = EDGE_CURVE('',#11770,#11717,#11778,.T.);
#11778 = LINE('',#11779,#11780);
#11779 = CARTESIAN_POINT('',(8.0185,5.278,1.585));
#11780 = VECTOR('',#11781,1.);
#11781 = DIRECTION('',(0.195106996365,0.980781963522,0.));
#11782 = PLANE('',#11783);
#11783 = AXIS2_PLACEMENT_3D('',#11784,#11785,#11786);
#11784 = CARTESIAN_POINT('',(0.,0.,1.585));
#11785 = DIRECTION('',(0.,0.,1.));
#11786 = DIRECTION('',(1.,0.,-0.));
#11787 = SHELL_BASED_SURFACE_MODEL('',(#11788));
#11788 = OPEN_SHELL('',(#11789));
#11789 = ADVANCED_FACE('',(#11790),#12038,.T.);
#11790 = FACE_BOUND('',#11791,.F.);
#11791 = EDGE_LOOP('',(#11792,#11802,#11810,#11818,#11826,#11835,#11843,
    #11851,#11859,#11867,#11876,#11884,#11892,#11900,#11909,#11917,
    #11925,#11933,#11942,#11950,#11959,#11967,#11975,#11983,#11992,
    #12000,#12008,#12016,#12024,#12032));
#11792 = ORIENTED_EDGE('',*,*,#11793,.T.);
#11793 = EDGE_CURVE('',#11794,#11796,#11798,.T.);
#11794 = VERTEX_POINT('',#11795);
#11795 = CARTESIAN_POINT('',(3.082326,5.473879,1.585));
#11796 = VERTEX_POINT('',#11797);
#11797 = CARTESIAN_POINT('',(3.185516,5.574289,1.585));
#11798 = LINE('',#11799,#11800);
#11799 = CARTESIAN_POINT('',(3.082326,5.473879,1.585));
#11800 = VECTOR('',#11801,1.);
#11801 = DIRECTION('',(0.716694969132,0.697386780217,0.));
#11802 = ORIENTED_EDGE('',*,*,#11803,.T.);
#11803 = EDGE_CURVE('',#11796,#11804,#11806,.T.);
#11804 = VERTEX_POINT('',#11805);
#11805 = CARTESIAN_POINT('',(3.339102,5.624673,1.585));
#11806 = LINE('',#11807,#11808);
#11807 = CARTESIAN_POINT('',(3.185516,5.574289,1.585));
#11808 = VECTOR('',#11809,1.);
#11809 = DIRECTION('',(0.950178365811,0.311706710137,0.));
#11810 = ORIENTED_EDGE('',*,*,#11811,.T.);
#11811 = EDGE_CURVE('',#11804,#11812,#11814,.T.);
#11812 = VERTEX_POINT('',#11813);
#11813 = CARTESIAN_POINT('',(3.484862,5.623949,1.585));
#11814 = LINE('',#11815,#11816);
#11815 = CARTESIAN_POINT('',(3.339102,5.624673,1.585));
#11816 = VECTOR('',#11817,1.);
#11817 = DIRECTION('',(0.99998766434,-4.9670078827E-03,0.));
#11818 = ORIENTED_EDGE('',*,*,#11819,.T.);
#11819 = EDGE_CURVE('',#11812,#11820,#11822,.T.);
#11820 = VERTEX_POINT('',#11821);
#11821 = CARTESIAN_POINT('',(3.598963,5.568286,1.585));
#11822 = LINE('',#11823,#11824);
#11823 = CARTESIAN_POINT('',(3.484862,5.623949,1.585));
#11824 = VECTOR('',#11825,1.);
#11825 = DIRECTION('',(0.898756105778,-0.438448927844,0.));
#11826 = ORIENTED_EDGE('',*,*,#11827,.T.);
#11827 = EDGE_CURVE('',#11820,#11828,#11830,.T.);
#11828 = VERTEX_POINT('',#11829);
#11829 = CARTESIAN_POINT('',(3.518165,5.439934,1.585));
#11830 = CIRCLE('',#11831,7.619987958819E-02);
#11831 = AXIS2_PLACEMENT_3D('',#11832,#11833,#11834);
#11832 = CARTESIAN_POINT('',(3.552243267734,5.508088921447,1.585));
#11833 = DIRECTION('',(0.,0.,-1.));
#11834 = DIRECTION('',(0.613120814862,0.789989155864,0.));
#11835 = ORIENTED_EDGE('',*,*,#11836,.T.);
#11836 = EDGE_CURVE('',#11828,#11837,#11839,.T.);
#11837 = VERTEX_POINT('',#11838);
#11838 = CARTESIAN_POINT('',(3.452008,5.473013,1.585));
#11839 = LINE('',#11840,#11841);
#11840 = CARTESIAN_POINT('',(3.518165,5.439934,1.585));
#11841 = VECTOR('',#11842,1.);
#11842 = DIRECTION('',(-0.894424487038,0.447219003382,0.));
#11843 = ORIENTED_EDGE('',*,*,#11844,.T.);
#11844 = EDGE_CURVE('',#11837,#11845,#11847,.T.);
#11845 = VERTEX_POINT('',#11846);
#11846 = CARTESIAN_POINT('',(3.358988,5.473013,1.585));
#11847 = LINE('',#11848,#11849);
#11848 = CARTESIAN_POINT('',(3.452008,5.473013,1.585));
#11849 = VECTOR('',#11850,1.);
#11850 = DIRECTION('',(-1.,0.,0.));
#11851 = ORIENTED_EDGE('',*,*,#11852,.T.);
#11852 = EDGE_CURVE('',#11845,#11853,#11855,.T.);
#11853 = VERTEX_POINT('',#11854);
#11854 = CARTESIAN_POINT('',(3.264414,5.441488,1.585));
#11855 = LINE('',#11856,#11857);
#11856 = CARTESIAN_POINT('',(3.358988,5.473013,1.585));
#11857 = VECTOR('',#11858,1.);
#11858 = DIRECTION('',(-0.948682294935,-0.316230775349,0.));
#11859 = ORIENTED_EDGE('',*,*,#11860,.T.);
#11860 = EDGE_CURVE('',#11853,#11861,#11863,.T.);
#11861 = VERTEX_POINT('',#11862);
#11862 = CARTESIAN_POINT('',(3.20363,5.380703,1.585));
#11863 = LINE('',#11864,#11865);
#11864 = CARTESIAN_POINT('',(3.264414,5.441488,1.585));
#11865 = VECTOR('',#11866,1.);
#11866 = DIRECTION('',(-0.707100964657,-0.707112597668,0.));
#11867 = ORIENTED_EDGE('',*,*,#11868,.T.);
#11868 = EDGE_CURVE('',#11861,#11869,#11871,.T.);
#11869 = VERTEX_POINT('',#11870);
#11870 = CARTESIAN_POINT('',(3.134958,5.065109,1.585));
#11871 = CIRCLE('',#11872,0.515715987161);
#11872 = AXIS2_PLACEMENT_3D('',#11873,#11874,#11875);
#11873 = CARTESIAN_POINT('',(3.647874770198,5.118768726633,1.585));
#11874 = DIRECTION('',(0.,0.,1.));
#11875 = DIRECTION('',(-0.86141360993,0.507904117554,0.));
#11876 = ORIENTED_EDGE('',*,*,#11877,.T.);
#11877 = EDGE_CURVE('',#11869,#11878,#11880,.T.);
#11878 = VERTEX_POINT('',#11879);
#11879 = CARTESIAN_POINT('',(3.171778,4.917829,1.585));
#11880 = LINE('',#11881,#11882);
#11881 = CARTESIAN_POINT('',(3.134958,5.065109,1.585));
#11882 = VECTOR('',#11883,1.);
#11883 = DIRECTION('',(0.242535625036,-0.970142500145,0.));
#11884 = ORIENTED_EDGE('',*,*,#11885,.T.);
#11885 = EDGE_CURVE('',#11878,#11886,#11888,.T.);
#11886 = VERTEX_POINT('',#11887);
#11887 = CARTESIAN_POINT('',(3.20363,4.854123,1.585));
#11888 = LINE('',#11889,#11890);
#11889 = CARTESIAN_POINT('',(3.171778,4.917829,1.585));
#11890 = VECTOR('',#11891,1.);
#11891 = DIRECTION('',(0.447202363458,-0.894432806933,0.));
#11892 = ORIENTED_EDGE('',*,*,#11893,.T.);
#11893 = EDGE_CURVE('',#11886,#11894,#11896,.T.);
#11894 = VERTEX_POINT('',#11895);
#11895 = CARTESIAN_POINT('',(3.264414,4.793338,1.585));
#11896 = LINE('',#11897,#11898);
#11897 = CARTESIAN_POINT('',(3.20363,4.854123,1.585));
#11898 = VECTOR('',#11899,1.);
#11899 = DIRECTION('',(0.707100964657,-0.707112597668,0.));
#11900 = ORIENTED_EDGE('',*,*,#11901,.T.);
#11901 = EDGE_CURVE('',#11894,#11902,#11904,.T.);
#11902 = VERTEX_POINT('',#11903);
#11903 = CARTESIAN_POINT('',(3.51108,4.793338,1.585));
#11904 = CIRCLE('',#11905,0.245589356908);
#11905 = AXIS2_PLACEMENT_3D('',#11906,#11907,#11908);
#11906 = CARTESIAN_POINT('',(3.387747,5.005712912213,1.585));
#11907 = DIRECTION('',(0.,0.,1.));
#11908 = DIRECTION('',(-0.502191957962,-0.8647561722,0.));
#11909 = ORIENTED_EDGE('',*,*,#11910,.T.);
#11910 = EDGE_CURVE('',#11902,#11911,#11913,.T.);
#11911 = VERTEX_POINT('',#11912);
#11912 = CARTESIAN_POINT('',(3.517167,4.799424,1.585));
#11913 = LINE('',#11914,#11915);
#11914 = CARTESIAN_POINT('',(3.51108,4.793338,1.585));
#11915 = VECTOR('',#11916,1.);
#11916 = DIRECTION('',(0.707164866928,0.707048690673,0.));
#11917 = ORIENTED_EDGE('',*,*,#11918,.T.);
#11918 = EDGE_CURVE('',#11911,#11919,#11921,.T.);
#11919 = VERTEX_POINT('',#11920);
#11920 = CARTESIAN_POINT('',(3.517167,4.979527,1.585));
#11921 = LINE('',#11922,#11923);
#11922 = CARTESIAN_POINT('',(3.517167,4.799424,1.585));
#11923 = VECTOR('',#11924,1.);
#11924 = DIRECTION('',(0.,1.,0.));
#11925 = ORIENTED_EDGE('',*,*,#11926,.T.);
#11926 = EDGE_CURVE('',#11919,#11927,#11929,.T.);
#11927 = VERTEX_POINT('',#11928);
#11928 = CARTESIAN_POINT('',(3.414006,4.980991,1.585));
#11929 = LINE('',#11930,#11931);
#11930 = CARTESIAN_POINT('',(3.517167,4.979527,1.585));
#11931 = VECTOR('',#11932,1.);
#11932 = DIRECTION('',(-0.999899317155,1.418998071282E-02,0.));
#11933 = ORIENTED_EDGE('',*,*,#11934,.T.);
#11934 = EDGE_CURVE('',#11927,#11935,#11937,.T.);
#11935 = VERTEX_POINT('',#11936);
#11936 = CARTESIAN_POINT('',(3.428872,5.131927,1.585));
#11937 = CIRCLE('',#11938,7.620008338867E-02);
#11938 = AXIS2_PLACEMENT_3D('',#11939,#11940,#11941);
#11939 = CARTESIAN_POINT('',(3.428871916611,5.055726916611,1.585));
#11940 = DIRECTION('',(0.,0.,-1.));
#11941 = DIRECTION('',(-0.195090555683,-0.980785233924,-0.));
#11942 = ORIENTED_EDGE('',*,*,#11943,.T.);
#11943 = EDGE_CURVE('',#11935,#11944,#11946,.T.);
#11944 = VERTEX_POINT('',#11945);
#11945 = CARTESIAN_POINT('',(3.608233,5.130463,1.585));
#11946 = LINE('',#11947,#11948);
#11947 = CARTESIAN_POINT('',(3.428872,5.131927,1.585));
#11948 = VECTOR('',#11949,1.);
#11949 = DIRECTION('',(0.999966690016,-8.162037645774E-03,0.));
#11950 = ORIENTED_EDGE('',*,*,#11951,.T.);
#11951 = EDGE_CURVE('',#11944,#11952,#11954,.T.);
#11952 = VERTEX_POINT('',#11953);
#11953 = CARTESIAN_POINT('',(3.669567,5.055727,1.585));
#11954 = CIRCLE('',#11955,7.620164703099E-02);
#11955 = AXIS2_PLACEMENT_3D('',#11956,#11957,#11958);
#11956 = CARTESIAN_POINT('',(3.593365352978,5.055725833327,1.585));
#11957 = DIRECTION('',(0.,0.,-1.));
#11958 = DIRECTION('',(0.195109260775,0.98078151306,0.));
#11959 = ORIENTED_EDGE('',*,*,#11960,.T.);
#11960 = EDGE_CURVE('',#11952,#11961,#11963,.T.);
#11961 = VERTEX_POINT('',#11962);
#11962 = CARTESIAN_POINT('',(3.668103,4.752994,1.585));
#11963 = LINE('',#11964,#11965);
#11964 = CARTESIAN_POINT('',(3.669567,5.055727,1.585));
#11965 = VECTOR('',#11966,1.);
#11966 = DIRECTION('',(-4.835887998616E-03,-0.999988307025,0.));
#11967 = ORIENTED_EDGE('',*,*,#11968,.T.);
#11968 = EDGE_CURVE('',#11961,#11969,#11971,.T.);
#11969 = VERTEX_POINT('',#11970);
#11970 = CARTESIAN_POINT('',(3.647248,4.713978,1.585));
#11971 = LINE('',#11972,#11973);
#11972 = CARTESIAN_POINT('',(3.668103,4.752994,1.585));
#11973 = VECTOR('',#11974,1.);
#11974 = DIRECTION('',(-0.471405765007,-0.881916438625,0.));
#11975 = ORIENTED_EDGE('',*,*,#11976,.T.);
#11976 = EDGE_CURVE('',#11969,#11977,#11979,.T.);
#11977 = VERTEX_POINT('',#11978);
#11978 = CARTESIAN_POINT('',(3.589979,4.660536,1.585));
#11979 = LINE('',#11980,#11981);
#11980 = CARTESIAN_POINT('',(3.647248,4.713978,1.585));
#11981 = VECTOR('',#11982,1.);
#11982 = DIRECTION('',(-0.731113002033,-0.682256387481,0.));
#11983 = ORIENTED_EDGE('',*,*,#11984,.T.);
#11984 = EDGE_CURVE('',#11977,#11985,#11987,.T.);
#11985 = VERTEX_POINT('',#11986);
#11986 = CARTESIAN_POINT('',(3.180918,4.663378,1.585));
#11987 = CIRCLE('',#11988,0.409941890429);
#11988 = AXIS2_PLACEMENT_3D('',#11989,#11990,#11991);
#11989 = CARTESIAN_POINT('',(3.387916729228,5.017219602453,1.585));
#11990 = DIRECTION('',(-0.,0.,-1.));
#11991 = DIRECTION('',(0.492904666465,-0.870083323468,-0.));
#11992 = ORIENTED_EDGE('',*,*,#11993,.T.);
#11993 = EDGE_CURVE('',#11985,#11994,#11996,.T.);
#11994 = VERTEX_POINT('',#11995);
#11995 = CARTESIAN_POINT('',(3.076877,4.768507,1.585));
#11996 = LINE('',#11997,#11998);
#11997 = CARTESIAN_POINT('',(3.180918,4.663378,1.585));
#11998 = VECTOR('',#11999,1.);
#11999 = DIRECTION('',(-0.703419241984,0.710775189498,0.));
#12000 = ORIENTED_EDGE('',*,*,#12001,.T.);
#12001 = EDGE_CURVE('',#11994,#12002,#12004,.T.);
#12002 = VERTEX_POINT('',#12003);
#12003 = CARTESIAN_POINT('',(3.025957,4.87275,1.585));
#12004 = LINE('',#12005,#12006);
#12005 = CARTESIAN_POINT('',(3.076877,4.768507,1.585));
#12006 = VECTOR('',#12007,1.);
#12007 = DIRECTION('',(-0.438909263596,0.89853138973,0.));
#12008 = ORIENTED_EDGE('',*,*,#12009,.T.);
#12009 = EDGE_CURVE('',#12002,#12010,#12012,.T.);
#12010 = VERTEX_POINT('',#12011);
#12011 = CARTESIAN_POINT('',(2.982558,5.055727,1.585));
#12012 = LINE('',#12013,#12014);
#12013 = CARTESIAN_POINT('',(3.025957,4.87275,1.585));
#12014 = VECTOR('',#12015,1.);
#12015 = DIRECTION('',(-0.23078027656,0.973005891015,0.));
#12016 = ORIENTED_EDGE('',*,*,#12017,.T.);
#12017 = EDGE_CURVE('',#12010,#12018,#12020,.T.);
#12018 = VERTEX_POINT('',#12019);
#12019 = CARTESIAN_POINT('',(2.984833,5.197579,1.585));
#12020 = LINE('',#12021,#12022);
#12021 = CARTESIAN_POINT('',(2.982558,5.055727,1.585));
#12022 = VECTOR('',#12023,1.);
#12023 = DIRECTION('',(1.603578009011E-02,0.999871418612,0.));
#12024 = ORIENTED_EDGE('',*,*,#12025,.T.);
#12025 = EDGE_CURVE('',#12018,#12026,#12028,.T.);
#12026 = VERTEX_POINT('',#12027);
#12027 = CARTESIAN_POINT('',(3.031726,5.377671,1.585));
#12028 = LINE('',#12029,#12030);
#12029 = CARTESIAN_POINT('',(2.984833,5.197579,1.585));
#12030 = VECTOR('',#12031,1.);
#12031 = DIRECTION('',(0.251981535344,0.967732042378,0.));
#12032 = ORIENTED_EDGE('',*,*,#12033,.T.);
#12033 = EDGE_CURVE('',#12026,#11794,#12034,.T.);
#12034 = LINE('',#12035,#12036);
#12035 = CARTESIAN_POINT('',(3.031726,5.377671,1.585));
#12036 = VECTOR('',#12037,1.);
#12037 = DIRECTION('',(0.465488590982,0.885053880657,0.));
#12038 = PLANE('',#12039);
#12039 = AXIS2_PLACEMENT_3D('',#12040,#12041,#12042);
#12040 = CARTESIAN_POINT('',(0.,0.,1.585));
#12041 = DIRECTION('',(0.,0.,1.));
#12042 = DIRECTION('',(1.,0.,-0.));
#12043 = SHELL_BASED_SURFACE_MODEL('',(#12044));
#12044 = OPEN_SHELL('',(#12045));
#12045 = ADVANCED_FACE('',(#12046,#12162),#12245,.T.);
#12046 = FACE_BOUND('',#12047,.F.);
#12047 = EDGE_LOOP('',(#12048,#12059,#12067,#12075,#12083,#12091,#12099,
    #12107,#12115,#12123,#12131,#12139,#12147,#12156));
#12048 = ORIENTED_EDGE('',*,*,#12049,.T.);
#12049 = EDGE_CURVE('',#12050,#12052,#12054,.T.);
#12050 = VERTEX_POINT('',#12051);
#12051 = CARTESIAN_POINT('',(4.79347,5.564079,1.585));
#12052 = VERTEX_POINT('',#12053);
#12053 = CARTESIAN_POINT('',(4.868206,5.625413,1.585));
#12054 = CIRCLE('',#12055,7.620164703099E-02);
#12055 = AXIS2_PLACEMENT_3D('',#12056,#12057,#12058);
#12056 = CARTESIAN_POINT('',(4.868207166673,5.549211352978,1.585));
#12057 = DIRECTION('',(0.,0.,-1.));
#12058 = DIRECTION('',(-0.98078151306,0.195109260775,0.));
#12059 = ORIENTED_EDGE('',*,*,#12060,.T.);
#12060 = EDGE_CURVE('',#12052,#12061,#12063,.T.);
#12061 = VERTEX_POINT('',#12062);
#12062 = CARTESIAN_POINT('',(5.081347,5.624673,1.585));
#12063 = LINE('',#12064,#12065);
#12064 = CARTESIAN_POINT('',(4.868206,5.625413,1.585));
#12065 = VECTOR('',#12066,1.);
#12066 = DIRECTION('',(0.999993973079,-3.471859192172E-03,0.));
#12067 = ORIENTED_EDGE('',*,*,#12068,.T.);
#12068 = EDGE_CURVE('',#12061,#12069,#12071,.T.);
#12069 = VERTEX_POINT('',#12070);
#12070 = CARTESIAN_POINT('',(5.23953,5.571447,1.585));
#12071 = LINE('',#12072,#12073);
#12072 = CARTESIAN_POINT('',(5.081347,5.624673,1.585));
#12073 = VECTOR('',#12074,1.);
#12074 = DIRECTION('',(0.947783734133,-0.318913770968,0.));
#12075 = ORIENTED_EDGE('',*,*,#12076,.T.);
#12076 = EDGE_CURVE('',#12069,#12077,#12079,.T.);
#12077 = VERTEX_POINT('',#12078);
#12078 = CARTESIAN_POINT('',(5.343572,5.466317,1.585));
#12079 = LINE('',#12080,#12081);
#12080 = CARTESIAN_POINT('',(5.23953,5.571447,1.585));
#12081 = VECTOR('',#12082,1.);
#12082 = DIRECTION('',(0.703419277333,-0.710775154515,0.));
#12083 = ORIENTED_EDGE('',*,*,#12084,.T.);
#12084 = EDGE_CURVE('',#12077,#12085,#12087,.T.);
#12085 = VERTEX_POINT('',#12086);
#12086 = CARTESIAN_POINT('',(5.394492,5.362075,1.585));
#12087 = LINE('',#12088,#12089);
#12088 = CARTESIAN_POINT('',(5.343572,5.466317,1.585));
#12089 = VECTOR('',#12090,1.);
#12090 = DIRECTION('',(0.438912662957,-0.898529729222,0.));
#12091 = ORIENTED_EDGE('',*,*,#12092,.T.);
#12092 = EDGE_CURVE('',#12085,#12093,#12095,.T.);
#12093 = VERTEX_POINT('',#12094);
#12094 = CARTESIAN_POINT('',(5.437891,5.179098,1.585));
#12095 = LINE('',#12096,#12097);
#12096 = CARTESIAN_POINT('',(5.394492,5.362075,1.585));
#12097 = VECTOR('',#12098,1.);
#12098 = DIRECTION('',(0.23078027656,-0.973005891015,0.));
#12099 = ORIENTED_EDGE('',*,*,#12100,.T.);
#12100 = EDGE_CURVE('',#12093,#12101,#12103,.T.);
#12101 = VERTEX_POINT('',#12102);
#12102 = CARTESIAN_POINT('',(5.435616,5.037246,1.585));
#12103 = LINE('',#12104,#12105);
#12104 = CARTESIAN_POINT('',(5.437891,5.179098,1.585));
#12105 = VECTOR('',#12106,1.);
#12106 = DIRECTION('',(-1.603578009011E-02,-0.999871418612,0.));
#12107 = ORIENTED_EDGE('',*,*,#12108,.T.);
#12108 = EDGE_CURVE('',#12101,#12109,#12111,.T.);
#12109 = VERTEX_POINT('',#12110);
#12110 = CARTESIAN_POINT('',(5.388723,4.857155,1.585));
#12111 = LINE('',#12112,#12113);
#12112 = CARTESIAN_POINT('',(5.435616,5.037246,1.585));
#12113 = VECTOR('',#12114,1.);
#12114 = DIRECTION('',(-0.251982845693,-0.967731701184,0.));
#12115 = ORIENTED_EDGE('',*,*,#12116,.T.);
#12116 = EDGE_CURVE('',#12109,#12117,#12119,.T.);
#12117 = VERTEX_POINT('',#12118);
#12118 = CARTESIAN_POINT('',(5.338121,4.760947,1.585));
#12119 = LINE('',#12120,#12121);
#12120 = CARTESIAN_POINT('',(5.388723,4.857155,1.585));
#12121 = VECTOR('',#12122,1.);
#12122 = DIRECTION('',(-0.46550300292,-0.885046300638,0.));
#12123 = ORIENTED_EDGE('',*,*,#12124,.T.);
#12124 = EDGE_CURVE('',#12117,#12125,#12127,.T.);
#12125 = VERTEX_POINT('',#12126);
#12126 = CARTESIAN_POINT('',(5.234932,4.660536,1.585));
#12127 = LINE('',#12128,#12129);
#12128 = CARTESIAN_POINT('',(5.338121,4.760947,1.585));
#12129 = VECTOR('',#12130,1.);
#12130 = DIRECTION('',(-0.716688119816,-0.697393819097,0.));
#12131 = ORIENTED_EDGE('',*,*,#12132,.T.);
#12132 = EDGE_CURVE('',#12125,#12133,#12135,.T.);
#12133 = VERTEX_POINT('',#12134);
#12134 = CARTESIAN_POINT('',(5.081346,4.610154,1.585));
#12135 = LINE('',#12136,#12137);
#12136 = CARTESIAN_POINT('',(5.234932,4.660536,1.585));
#12137 = VECTOR('',#12138,1.);
#12138 = DIRECTION('',(-0.950182030429,-0.311695539028,0.));
#12139 = ORIENTED_EDGE('',*,*,#12140,.T.);
#12140 = EDGE_CURVE('',#12133,#12141,#12143,.T.);
#12141 = VERTEX_POINT('',#12142);
#12142 = CARTESIAN_POINT('',(4.85334,4.610877,1.585));
#12143 = LINE('',#12144,#12145);
#12144 = CARTESIAN_POINT('',(5.081346,4.610154,1.585));
#12145 = VECTOR('',#12146,1.);
#12146 = DIRECTION('',(-0.999994972515,3.170953243025E-03,0.));
#12147 = ORIENTED_EDGE('',*,*,#12148,.T.);
#12148 = EDGE_CURVE('',#12141,#12149,#12151,.T.);
#12149 = VERTEX_POINT('',#12150);
#12150 = CARTESIAN_POINT('',(4.792006,4.685613,1.585));
#12151 = CIRCLE('',#12152,7.620164703099E-02);
#12152 = AXIS2_PLACEMENT_3D('',#12153,#12154,#12155);
#12153 = CARTESIAN_POINT('',(4.868207647022,4.685614166673,1.585));
#12154 = DIRECTION('',(0.,0.,-1.));
#12155 = DIRECTION('',(-0.195109260775,-0.98078151306,-0.));
#12156 = ORIENTED_EDGE('',*,*,#12157,.T.);
#12157 = EDGE_CURVE('',#12149,#12050,#12158,.T.);
#12158 = LINE('',#12159,#12160);
#12159 = CARTESIAN_POINT('',(4.792006,4.685613,1.585));
#12160 = VECTOR('',#12161,1.);
#12161 = DIRECTION('',(1.666539134101E-03,0.999998611323,0.));
#12162 = FACE_BOUND('',#12163,.F.);
#12163 = EDGE_LOOP('',(#12164,#12174,#12182,#12190,#12198,#12206,#12214,
    #12223,#12231,#12239));
#12164 = ORIENTED_EDGE('',*,*,#12165,.T.);
#12165 = EDGE_CURVE('',#12166,#12168,#12170,.T.);
#12166 = VERTEX_POINT('',#12167);
#12167 = CARTESIAN_POINT('',(5.156033,5.441488,1.585));
#12168 = VERTEX_POINT('',#12169);
#12169 = CARTESIAN_POINT('',(5.061458,5.473013,1.585));
#12170 = LINE('',#12171,#12172);
#12171 = CARTESIAN_POINT('',(5.156033,5.441488,1.585));
#12172 = VECTOR('',#12173,1.);
#12173 = DIRECTION('',(-0.948683298051,0.316227766017,0.));
#12174 = ORIENTED_EDGE('',*,*,#12175,.T.);
#12175 = EDGE_CURVE('',#12168,#12176,#12178,.T.);
#12176 = VERTEX_POINT('',#12177);
#12177 = CARTESIAN_POINT('',(4.944406,5.473013,1.585));
#12178 = LINE('',#12179,#12180);
#12179 = CARTESIAN_POINT('',(5.061458,5.473013,1.585));
#12180 = VECTOR('',#12181,1.);
#12181 = DIRECTION('',(-1.,0.,0.));
#12182 = ORIENTED_EDGE('',*,*,#12183,.T.);
#12183 = EDGE_CURVE('',#12176,#12184,#12186,.T.);
#12184 = VERTEX_POINT('',#12185);
#12185 = CARTESIAN_POINT('',(4.944406,4.761813,1.585));
#12186 = LINE('',#12187,#12188);
#12187 = CARTESIAN_POINT('',(4.944406,5.473013,1.585));
#12188 = VECTOR('',#12189,1.);
#12189 = DIRECTION('',(0.,-1.,0.));
#12190 = ORIENTED_EDGE('',*,*,#12191,.T.);
#12191 = EDGE_CURVE('',#12184,#12192,#12194,.T.);
#12192 = VERTEX_POINT('',#12193);
#12193 = CARTESIAN_POINT('',(5.061459,4.761813,1.585));
#12194 = LINE('',#12195,#12196);
#12195 = CARTESIAN_POINT('',(4.944406,4.761813,1.585));
#12196 = VECTOR('',#12197,1.);
#12197 = DIRECTION('',(1.,0.,0.));
#12198 = ORIENTED_EDGE('',*,*,#12199,.T.);
#12199 = EDGE_CURVE('',#12192,#12200,#12202,.T.);
#12200 = VERTEX_POINT('',#12201);
#12201 = CARTESIAN_POINT('',(5.156033,4.793338,1.585));
#12202 = LINE('',#12203,#12204);
#12203 = CARTESIAN_POINT('',(5.061459,4.761813,1.585));
#12204 = VECTOR('',#12205,1.);
#12205 = DIRECTION('',(0.948682294935,0.316230775349,0.));
#12206 = ORIENTED_EDGE('',*,*,#12207,.T.);
#12207 = EDGE_CURVE('',#12200,#12208,#12210,.T.);
#12208 = VERTEX_POINT('',#12209);
#12209 = CARTESIAN_POINT('',(5.216817,4.854121,1.585));
#12210 = LINE('',#12211,#12212);
#12211 = CARTESIAN_POINT('',(5.156033,4.793338,1.585));
#12212 = VECTOR('',#12213,1.);
#12213 = DIRECTION('',(0.707112597764,0.707100964561,0.));
#12214 = ORIENTED_EDGE('',*,*,#12215,.T.);
#12215 = EDGE_CURVE('',#12208,#12216,#12218,.T.);
#12216 = VERTEX_POINT('',#12217);
#12217 = CARTESIAN_POINT('',(5.285491,5.169717,1.585));
#12218 = CIRCLE('',#12219,0.515736575791);
#12219 = AXIS2_PLACEMENT_3D('',#12220,#12221,#12222);
#12220 = CARTESIAN_POINT('',(4.77255292296,5.116063065085,1.585));
#12221 = DIRECTION('',(0.,0.,1.));
#12222 = DIRECTION('',(0.861416657056,-0.507898949543,0.));
#12223 = ORIENTED_EDGE('',*,*,#12224,.T.);
#12224 = EDGE_CURVE('',#12216,#12225,#12227,.T.);
#12225 = VERTEX_POINT('',#12226);
#12226 = CARTESIAN_POINT('',(5.24867,5.317,1.585));
#12227 = LINE('',#12228,#12229);
#12228 = CARTESIAN_POINT('',(5.285491,5.169717,1.585));
#12229 = VECTOR('',#12230,1.);
#12230 = DIRECTION('',(-0.242537174901,0.970142112678,0.));
#12231 = ORIENTED_EDGE('',*,*,#12232,.T.);
#12232 = EDGE_CURVE('',#12225,#12233,#12235,.T.);
#12233 = VERTEX_POINT('',#12234);
#12234 = CARTESIAN_POINT('',(5.216818,5.380704,1.585));
#12235 = LINE('',#12236,#12237);
#12236 = CARTESIAN_POINT('',(5.24867,5.317,1.585));
#12237 = VECTOR('',#12238,1.);
#12238 = DIRECTION('',(-0.4472135955,0.894427191,0.));
#12239 = ORIENTED_EDGE('',*,*,#12240,.T.);
#12240 = EDGE_CURVE('',#12233,#12166,#12241,.T.);
#12241 = LINE('',#12242,#12243);
#12242 = CARTESIAN_POINT('',(5.216818,5.380704,1.585));
#12243 = VECTOR('',#12244,1.);
#12244 = DIRECTION('',(-0.707112597668,0.707100964657,0.));
#12245 = PLANE('',#12246);
#12246 = AXIS2_PLACEMENT_3D('',#12247,#12248,#12249);
#12247 = CARTESIAN_POINT('',(0.,0.,1.585));
#12248 = DIRECTION('',(0.,0.,1.));
#12249 = DIRECTION('',(1.,0.,-0.));
#12250 = SHELL_BASED_SURFACE_MODEL('',(#12251));
#12251 = OPEN_SHELL('',(#12252));
#12252 = ADVANCED_FACE('',(#12253),#12355,.T.);
#12253 = FACE_BOUND('',#12254,.F.);
#12254 = EDGE_LOOP('',(#12255,#12266,#12274,#12282,#12290,#12298,#12307,
    #12315,#12324,#12332,#12340,#12349));
#12255 = ORIENTED_EDGE('',*,*,#12256,.T.);
#12256 = EDGE_CURVE('',#12257,#12259,#12261,.T.);
#12257 = VERTEX_POINT('',#12258);
#12258 = CARTESIAN_POINT('',(3.888746,5.564079,1.585));
#12259 = VERTEX_POINT('',#12260);
#12260 = CARTESIAN_POINT('',(3.97349,5.623949,1.585));
#12261 = CIRCLE('',#12262,7.470330466593E-02);
#12262 = AXIS2_PLACEMENT_3D('',#12263,#12264,#12265);
#12263 = CARTESIAN_POINT('',(3.962132415299,5.550114123432,1.585));
#12264 = DIRECTION('',(0.,0.,-1.));
#12265 = DIRECTION('',(-0.982371738805,0.186937868816,0.));
#12266 = ORIENTED_EDGE('',*,*,#12267,.T.);
#12267 = EDGE_CURVE('',#12259,#12268,#12270,.T.);
#12268 = VERTEX_POINT('',#12269);
#12269 = CARTESIAN_POINT('',(4.005816,5.612571,1.585));
#12270 = LINE('',#12271,#12272);
#12271 = CARTESIAN_POINT('',(3.97349,5.623949,1.585));
#12272 = VECTOR('',#12273,1.);
#12273 = DIRECTION('',(0.943275502523,-0.332011033462,0.));
#12274 = ORIENTED_EDGE('',*,*,#12275,.T.);
#12275 = EDGE_CURVE('',#12268,#12276,#12278,.T.);
#12276 = VERTEX_POINT('',#12277);
#12277 = CARTESIAN_POINT('',(4.029642,5.587019,1.585));
#12278 = LINE('',#12279,#12280);
#12279 = CARTESIAN_POINT('',(4.005816,5.612571,1.585));
#12280 = VECTOR('',#12281,1.);
#12281 = DIRECTION('',(0.681973473778,-0.731376907663,0.));
#12282 = ORIENTED_EDGE('',*,*,#12283,.T.);
#12283 = EDGE_CURVE('',#12276,#12284,#12286,.T.);
#12284 = VERTEX_POINT('',#12285);
#12285 = CARTESIAN_POINT('',(4.380767,4.97255,1.585));
#12286 = LINE('',#12287,#12288);
#12287 = CARTESIAN_POINT('',(4.029642,5.587019,1.585));
#12288 = VECTOR('',#12289,1.);
#12289 = DIRECTION('',(0.496138786188,-0.868243229078,0.));
#12290 = ORIENTED_EDGE('',*,*,#12291,.T.);
#12291 = EDGE_CURVE('',#12284,#12292,#12294,.T.);
#12292 = VERTEX_POINT('',#12293);
#12293 = CARTESIAN_POINT('',(4.382231,5.564079,1.585));
#12294 = LINE('',#12295,#12296);
#12295 = CARTESIAN_POINT('',(4.380767,4.97255,1.585));
#12296 = VECTOR('',#12297,1.);
#12297 = DIRECTION('',(2.474934477047E-03,0.999996937345,0.));
#12298 = ORIENTED_EDGE('',*,*,#12299,.T.);
#12299 = EDGE_CURVE('',#12292,#12300,#12302,.T.);
#12300 = VERTEX_POINT('',#12301);
#12301 = CARTESIAN_POINT('',(4.533167,5.549213,1.585));
#12302 = CIRCLE('',#12303,7.620008338867E-02);
#12303 = AXIS2_PLACEMENT_3D('',#12304,#12305,#12306);
#12304 = CARTESIAN_POINT('',(4.456966916611,5.549213083389,1.585));
#12305 = DIRECTION('',(0.,0.,-1.));
#12306 = DIRECTION('',(-0.980785233924,0.195090555683,0.));
#12307 = ORIENTED_EDGE('',*,*,#12308,.T.);
#12308 = EDGE_CURVE('',#12300,#12309,#12311,.T.);
#12309 = VERTEX_POINT('',#12310);
#12310 = CARTESIAN_POINT('',(4.531703,4.670747,1.585));
#12311 = LINE('',#12312,#12313);
#12312 = CARTESIAN_POINT('',(4.533167,5.549213,1.585));
#12313 = VECTOR('',#12314,1.);
#12314 = DIRECTION('',(-1.6665391341E-03,-0.999998611323,0.));
#12315 = ORIENTED_EDGE('',*,*,#12316,.T.);
#12316 = EDGE_CURVE('',#12309,#12317,#12319,.T.);
#12317 = VERTEX_POINT('',#12318);
#12318 = CARTESIAN_POINT('',(4.390807,4.647807,1.585));
#12319 = CIRCLE('',#12320,7.62000398071E-02);
#12320 = AXIS2_PLACEMENT_3D('',#12321,#12322,#12323);
#12321 = CARTESIAN_POINT('',(4.456967120452,4.685612879548,1.585));
#12322 = DIRECTION('',(-0.,0.,-1.));
#12323 = DIRECTION('',(0.980785308479,-0.19509018087,-0.));
#12324 = ORIENTED_EDGE('',*,*,#12325,.T.);
#12325 = EDGE_CURVE('',#12317,#12326,#12328,.T.);
#12326 = VERTEX_POINT('',#12327);
#12327 = CARTESIAN_POINT('',(4.039682,5.262277,1.585));
#12328 = LINE('',#12329,#12330);
#12329 = CARTESIAN_POINT('',(4.390807,4.647807,1.585));
#12330 = VECTOR('',#12331,1.);
#12331 = DIRECTION('',(-0.496138177513,0.868243576892,0.));
#12332 = ORIENTED_EDGE('',*,*,#12333,.T.);
#12333 = EDGE_CURVE('',#12326,#12334,#12336,.T.);
#12334 = VERTEX_POINT('',#12335);
#12335 = CARTESIAN_POINT('',(4.038218,4.670747,1.585));
#12336 = LINE('',#12337,#12338);
#12337 = CARTESIAN_POINT('',(4.039682,5.262277,1.585));
#12338 = VECTOR('',#12339,1.);
#12339 = DIRECTION('',(-2.474930293119E-03,-0.999996937355,0.));
#12340 = ORIENTED_EDGE('',*,*,#12341,.T.);
#12341 = EDGE_CURVE('',#12334,#12342,#12344,.T.);
#12342 = VERTEX_POINT('',#12343);
#12343 = CARTESIAN_POINT('',(3.887282,4.685613,1.585));
#12344 = CIRCLE('',#12345,7.620008338867E-02);
#12345 = AXIS2_PLACEMENT_3D('',#12346,#12347,#12348);
#12346 = CARTESIAN_POINT('',(3.963482083389,4.685612916611,1.585));
#12347 = DIRECTION('',(-0.,0.,-1.));
#12348 = DIRECTION('',(0.980785233924,-0.195090555683,-0.));
#12349 = ORIENTED_EDGE('',*,*,#12350,.T.);
#12350 = EDGE_CURVE('',#12342,#12257,#12351,.T.);
#12351 = LINE('',#12352,#12353);
#12352 = CARTESIAN_POINT('',(3.887282,4.685613,1.585));
#12353 = VECTOR('',#12354,1.);
#12354 = DIRECTION('',(1.6665391341E-03,0.999998611323,0.));
#12355 = PLANE('',#12356);
#12356 = AXIS2_PLACEMENT_3D('',#12357,#12358,#12359);
#12357 = CARTESIAN_POINT('',(0.,0.,1.585));
#12358 = DIRECTION('',(0.,0.,1.));
#12359 = DIRECTION('',(1.,0.,-0.));
#12360 = SHELL_BASED_SURFACE_MODEL('',(#12361));
#12361 = OPEN_SHELL('',(#12362));
#12362 = ADVANCED_FACE('',(#12363),#12497,.T.);
#12363 = FACE_BOUND('',#12364,.F.);
#12364 = EDGE_LOOP('',(#12365,#12375,#12383,#12391,#12400,#12408,#12417,
    #12425,#12433,#12441,#12449,#12457,#12466,#12474,#12483,#12491));
#12365 = ORIENTED_EDGE('',*,*,#12366,.T.);
#12366 = EDGE_CURVE('',#12367,#12369,#12371,.T.);
#12367 = VERTEX_POINT('',#12368);
#12368 = CARTESIAN_POINT('',(7.494094,4.861286,1.585));
#12369 = VERTEX_POINT('',#12370);
#12370 = CARTESIAN_POINT('',(7.494094,4.873728,1.585));
#12371 = LINE('',#12372,#12373);
#12372 = CARTESIAN_POINT('',(7.494094,4.861286,1.585));
#12373 = VECTOR('',#12374,1.);
#12374 = DIRECTION('',(0.,1.,0.));
#12375 = ORIENTED_EDGE('',*,*,#12376,.T.);
#12376 = EDGE_CURVE('',#12369,#12377,#12379,.T.);
#12377 = VERTEX_POINT('',#12378);
#12378 = CARTESIAN_POINT('',(7.509113,4.883763,1.585));
#12379 = LINE('',#12380,#12381);
#12380 = CARTESIAN_POINT('',(7.494094,4.873728,1.585));
#12381 = VECTOR('',#12382,1.);
#12382 = DIRECTION('',(0.831479201415,0.55555588163,0.));
#12383 = ORIENTED_EDGE('',*,*,#12384,.T.);
#12384 = EDGE_CURVE('',#12377,#12385,#12387,.T.);
#12385 = VERTEX_POINT('',#12386);
#12386 = CARTESIAN_POINT('',(7.81258,4.883605,1.585));
#12387 = LINE('',#12388,#12389);
#12388 = CARTESIAN_POINT('',(7.509113,4.883763,1.585));
#12389 = VECTOR('',#12390,1.);
#12390 = DIRECTION('',(0.999999864462,-5.20649621161E-04,0.));
#12391 = ORIENTED_EDGE('',*,*,#12392,.T.);
#12392 = EDGE_CURVE('',#12385,#12393,#12395,.T.);
#12393 = VERTEX_POINT('',#12394);
#12394 = CARTESIAN_POINT('',(7.899257,4.79629,1.585));
#12395 = CIRCLE('',#12396,0.115126201368);
#12396 = AXIS2_PLACEMENT_3D('',#12397,#12398,#12399);
#12397 = CARTESIAN_POINT('',(7.78685589398,4.771389525975,1.585));
#12398 = DIRECTION('',(0.,0.,-1.));
#12399 = DIRECTION('',(0.223442671737,0.974717073025,0.));
#12400 = ORIENTED_EDGE('',*,*,#12401,.T.);
#12401 = EDGE_CURVE('',#12393,#12402,#12404,.T.);
#12402 = VERTEX_POINT('',#12403);
#12403 = CARTESIAN_POINT('',(7.897541,4.717803,1.585));
#12404 = LINE('',#12405,#12406);
#12405 = CARTESIAN_POINT('',(7.899257,4.79629,1.585));
#12406 = VECTOR('',#12407,1.);
#12407 = DIRECTION('',(-2.185826968021E-02,-0.999761079482,0.));
#12408 = ORIENTED_EDGE('',*,*,#12409,.T.);
#12409 = EDGE_CURVE('',#12402,#12410,#12412,.T.);
#12410 = VERTEX_POINT('',#12411);
#12411 = CARTESIAN_POINT('',(7.811784,4.6376,1.585));
#12412 = CIRCLE('',#12413,0.115705361399);
#12413 = AXIS2_PLACEMENT_3D('',#12414,#12415,#12416);
#12414 = CARTESIAN_POINT('',(7.786558139992,4.7505220379,1.585));
#12415 = DIRECTION('',(0.,0.,-1.));
#12416 = DIRECTION('',(0.959185111782,-0.282778926611,0.));
#12417 = ORIENTED_EDGE('',*,*,#12418,.T.);
#12418 = EDGE_CURVE('',#12410,#12419,#12421,.T.);
#12419 = VERTEX_POINT('',#12420);
#12420 = CARTESIAN_POINT('',(7.502892,4.638837,1.585));
#12421 = LINE('',#12422,#12423);
#12422 = CARTESIAN_POINT('',(7.811784,4.6376,1.585));
#12423 = VECTOR('',#12424,1.);
#12424 = DIRECTION('',(-0.999991981542,4.004603813524E-03,0.));
#12425 = ORIENTED_EDGE('',*,*,#12426,.T.);
#12426 = EDGE_CURVE('',#12419,#12427,#12429,.T.);
#12427 = VERTEX_POINT('',#12428);
#12428 = CARTESIAN_POINT('',(7.494094,4.647635,1.585));
#12429 = LINE('',#12430,#12431);
#12430 = CARTESIAN_POINT('',(7.502892,4.638837,1.585));
#12431 = VECTOR('',#12432,1.);
#12432 = DIRECTION('',(-0.707106781187,0.707106781187,0.));
#12433 = ORIENTED_EDGE('',*,*,#12434,.T.);
#12434 = EDGE_CURVE('',#12427,#12435,#12437,.T.);
#12435 = VERTEX_POINT('',#12436);
#12436 = CARTESIAN_POINT('',(7.494094,4.660077,1.585));
#12437 = LINE('',#12438,#12439);
#12438 = CARTESIAN_POINT('',(7.494094,4.647635,1.585));
#12439 = VECTOR('',#12440,1.);
#12440 = DIRECTION('',(0.,1.,0.));
#12441 = ORIENTED_EDGE('',*,*,#12442,.T.);
#12442 = EDGE_CURVE('',#12435,#12443,#12445,.T.);
#12443 = VERTEX_POINT('',#12444);
#12444 = CARTESIAN_POINT('',(7.509113,4.670112,1.585));
#12445 = LINE('',#12446,#12447);
#12446 = CARTESIAN_POINT('',(7.494094,4.660077,1.585));
#12447 = VECTOR('',#12448,1.);
#12448 = DIRECTION('',(0.831479201415,0.55555588163,0.));
#12449 = ORIENTED_EDGE('',*,*,#12450,.T.);
#12450 = EDGE_CURVE('',#12443,#12451,#12453,.T.);
#12451 = VERTEX_POINT('',#12452);
#12452 = CARTESIAN_POINT('',(7.807946,4.670112,1.585));
#12453 = LINE('',#12454,#12455);
#12454 = CARTESIAN_POINT('',(7.509113,4.670112,1.585));
#12455 = VECTOR('',#12456,1.);
#12456 = DIRECTION('',(1.,0.,0.));
#12457 = ORIENTED_EDGE('',*,*,#12458,.T.);
#12458 = EDGE_CURVE('',#12451,#12459,#12461,.T.);
#12459 = VERTEX_POINT('',#12460);
#12460 = CARTESIAN_POINT('',(7.866745,4.728911,1.585));
#12461 = CIRCLE('',#12462,8.316838019458E-02);
#12462 = AXIS2_PLACEMENT_3D('',#12463,#12464,#12465);
#12463 = CARTESIAN_POINT('',(7.786412611491,4.750444388509,1.585));
#12464 = DIRECTION('',(0.,0.,1.));
#12465 = DIRECTION('',(0.258913164575,-0.965900602138,0.));
#12466 = ORIENTED_EDGE('',*,*,#12467,.T.);
#12467 = EDGE_CURVE('',#12459,#12468,#12470,.T.);
#12468 = VERTEX_POINT('',#12469);
#12469 = CARTESIAN_POINT('',(7.866745,4.792452,1.585));
#12470 = LINE('',#12471,#12472);
#12471 = CARTESIAN_POINT('',(7.866745,4.728911,1.585));
#12472 = VECTOR('',#12473,1.);
#12473 = DIRECTION('',(0.,1.,0.));
#12474 = ORIENTED_EDGE('',*,*,#12475,.T.);
#12475 = EDGE_CURVE('',#12468,#12476,#12478,.T.);
#12476 = VERTEX_POINT('',#12477);
#12477 = CARTESIAN_POINT('',(7.807946,4.851251,1.585));
#12478 = CIRCLE('',#12479,8.316300514652E-02);
#12479 = AXIS2_PLACEMENT_3D('',#12480,#12481,#12482);
#12480 = CARTESIAN_POINT('',(7.786417,4.770923,1.585));
#12481 = DIRECTION('',(0.,0.,1.));
#12482 = DIRECTION('',(0.96591026092,0.258877128864,-0.));
#12483 = ORIENTED_EDGE('',*,*,#12484,.T.);
#12484 = EDGE_CURVE('',#12476,#12485,#12487,.T.);
#12485 = VERTEX_POINT('',#12486);
#12486 = CARTESIAN_POINT('',(7.502892,4.852488,1.585));
#12487 = LINE('',#12488,#12489);
#12488 = CARTESIAN_POINT('',(7.807946,4.851251,1.585));
#12489 = VECTOR('',#12490,1.);
#12490 = DIRECTION('',(-0.999991778509,4.054986428682E-03,0.));
#12491 = ORIENTED_EDGE('',*,*,#12492,.T.);
#12492 = EDGE_CURVE('',#12485,#12367,#12493,.T.);
#12493 = LINE('',#12494,#12495);
#12494 = CARTESIAN_POINT('',(7.502892,4.852488,1.585));
#12495 = VECTOR('',#12496,1.);
#12496 = DIRECTION('',(-0.707106781187,0.707106781187,0.));
#12497 = PLANE('',#12498);
#12498 = AXIS2_PLACEMENT_3D('',#12499,#12500,#12501);
#12499 = CARTESIAN_POINT('',(0.,0.,1.585));
#12500 = DIRECTION('',(0.,0.,1.));
#12501 = DIRECTION('',(1.,0.,-0.));
#12502 = SHELL_BASED_SURFACE_MODEL('',(#12503));
#12503 = OPEN_SHELL('',(#12504));
#12504 = ADVANCED_FACE('',(#12505),#12660,.T.);
#12505 = FACE_BOUND('',#12506,.F.);
#12506 = EDGE_LOOP('',(#12507,#12518,#12526,#12534,#12542,#12550,#12558,
    #12566,#12574,#12582,#12590,#12598,#12606,#12614,#12622,#12630,
    #12638,#12646,#12654));
#12507 = ORIENTED_EDGE('',*,*,#12508,.T.);
#12508 = EDGE_CURVE('',#12509,#12511,#12513,.T.);
#12509 = VERTEX_POINT('',#12510);
#12510 = CARTESIAN_POINT('',(7.867982,5.247616,1.585));
#12511 = VERTEX_POINT('',#12512);
#12512 = CARTESIAN_POINT('',(7.89802,5.247616,1.585));
#12513 = CIRCLE('',#12514,1.625642033167E-02);
#12514 = AXIS2_PLACEMENT_3D('',#12515,#12516,#12517);
#12515 = CARTESIAN_POINT('',(7.883001,5.241395,1.585));
#12516 = DIRECTION('',(0.,0.,-1.));
#12517 = DIRECTION('',(-0.923881130875,0.382679573552,0.));
#12518 = ORIENTED_EDGE('',*,*,#12519,.T.);
#12519 = EDGE_CURVE('',#12511,#12520,#12522,.T.);
#12520 = VERTEX_POINT('',#12521);
#12521 = CARTESIAN_POINT('',(7.89802,5.021523,1.585));
#12522 = LINE('',#12523,#12524);
#12523 = CARTESIAN_POINT('',(7.89802,5.247616,1.585));
#12524 = VECTOR('',#12525,1.);
#12525 = DIRECTION('',(0.,-1.,0.));
#12526 = ORIENTED_EDGE('',*,*,#12527,.T.);
#12527 = EDGE_CURVE('',#12520,#12528,#12530,.T.);
#12528 = VERTEX_POINT('',#12529);
#12529 = CARTESIAN_POINT('',(7.889222,5.012725,1.585));
#12530 = LINE('',#12531,#12532);
#12531 = CARTESIAN_POINT('',(7.89802,5.021523,1.585));
#12532 = VECTOR('',#12533,1.);
#12533 = DIRECTION('',(-0.707106781187,-0.707106781187,0.));
#12534 = ORIENTED_EDGE('',*,*,#12535,.T.);
#12535 = EDGE_CURVE('',#12528,#12536,#12538,.T.);
#12536 = VERTEX_POINT('',#12537);
#12537 = CARTESIAN_POINT('',(7.87678,5.012725,1.585));
#12538 = LINE('',#12539,#12540);
#12539 = CARTESIAN_POINT('',(7.889222,5.012725,1.585));
#12540 = VECTOR('',#12541,1.);
#12541 = DIRECTION('',(-1.,0.,0.));
#12542 = ORIENTED_EDGE('',*,*,#12543,.T.);
#12543 = EDGE_CURVE('',#12536,#12544,#12546,.T.);
#12544 = VERTEX_POINT('',#12545);
#12545 = CARTESIAN_POINT('',(7.866745,5.027744,1.585));
#12546 = LINE('',#12547,#12548);
#12547 = CARTESIAN_POINT('',(7.87678,5.012725,1.585));
#12548 = VECTOR('',#12549,1.);
#12549 = DIRECTION('',(-0.55555588163,0.831479201415,0.));
#12550 = ORIENTED_EDGE('',*,*,#12551,.T.);
#12551 = EDGE_CURVE('',#12544,#12552,#12554,.T.);
#12552 = VERTEX_POINT('',#12553);
#12553 = CARTESIAN_POINT('',(7.866745,5.118313,1.585));
#12554 = LINE('',#12555,#12556);
#12555 = CARTESIAN_POINT('',(7.866745,5.027744,1.585));
#12556 = VECTOR('',#12557,1.);
#12557 = DIRECTION('',(0.,1.,0.));
#12558 = ORIENTED_EDGE('',*,*,#12559,.T.);
#12559 = EDGE_CURVE('',#12552,#12560,#12562,.T.);
#12560 = VERTEX_POINT('',#12561);
#12561 = CARTESIAN_POINT('',(7.562803,5.118313,1.585));
#12562 = LINE('',#12563,#12564);
#12563 = CARTESIAN_POINT('',(7.866745,5.118313,1.585));
#12564 = VECTOR('',#12565,1.);
#12565 = DIRECTION('',(-1.,0.,0.));
#12566 = ORIENTED_EDGE('',*,*,#12567,.T.);
#12567 = EDGE_CURVE('',#12560,#12568,#12570,.T.);
#12568 = VERTEX_POINT('',#12569);
#12569 = CARTESIAN_POINT('',(7.612674,5.070623,1.585));
#12570 = LINE('',#12571,#12572);
#12571 = CARTESIAN_POINT('',(7.562803,5.118313,1.585));
#12572 = VECTOR('',#12573,1.);
#12573 = DIRECTION('',(0.722733753054,-0.691126560188,0.));
#12574 = ORIENTED_EDGE('',*,*,#12575,.T.);
#12575 = EDGE_CURVE('',#12568,#12576,#12578,.T.);
#12576 = VERTEX_POINT('',#12577);
#12577 = CARTESIAN_POINT('',(7.632154,5.028896,1.585));
#12578 = LINE('',#12579,#12580);
#12579 = CARTESIAN_POINT('',(7.612674,5.070623,1.585));
#12580 = VECTOR('',#12581,1.);
#12581 = DIRECTION('',(0.423017418011,-0.906121550378,0.));
#12582 = ORIENTED_EDGE('',*,*,#12583,.T.);
#12583 = EDGE_CURVE('',#12576,#12584,#12586,.T.);
#12584 = VERTEX_POINT('',#12585);
#12585 = CARTESIAN_POINT('',(7.628219,5.017092,1.585));
#12586 = LINE('',#12587,#12588);
#12587 = CARTESIAN_POINT('',(7.632154,5.028896,1.585));
#12588 = VECTOR('',#12589,1.);
#12589 = DIRECTION('',(-0.316251876604,-0.948675260848,0.));
#12590 = ORIENTED_EDGE('',*,*,#12591,.T.);
#12591 = EDGE_CURVE('',#12584,#12592,#12594,.T.);
#12592 = VERTEX_POINT('',#12593);
#12593 = CARTESIAN_POINT('',(7.61709,5.011528,1.585));
#12594 = LINE('',#12595,#12596);
#12595 = CARTESIAN_POINT('',(7.628219,5.017092,1.585));
#12596 = VECTOR('',#12597,1.);
#12597 = DIRECTION('',(-0.894443264522,-0.447181447012,0.));
#12598 = ORIENTED_EDGE('',*,*,#12599,.T.);
#12599 = EDGE_CURVE('',#12592,#12600,#12602,.T.);
#12600 = VERTEX_POINT('',#12601);
#12601 = CARTESIAN_POINT('',(7.601398,5.020474,1.585));
#12602 = LINE('',#12603,#12604);
#12603 = CARTESIAN_POINT('',(7.61709,5.011528,1.585));
#12604 = VECTOR('',#12605,1.);
#12605 = DIRECTION('',(-0.868740111835,0.495268228427,0.));
#12606 = ORIENTED_EDGE('',*,*,#12607,.T.);
#12607 = EDGE_CURVE('',#12600,#12608,#12610,.T.);
#12608 = VERTEX_POINT('',#12609);
#12609 = CARTESIAN_POINT('',(7.584773,5.053723,1.585));
#12610 = LINE('',#12611,#12612);
#12611 = CARTESIAN_POINT('',(7.601398,5.020474,1.585));
#12612 = VECTOR('',#12613,1.);
#12613 = DIRECTION('',(-0.447224355753,0.894421810793,0.));
#12614 = ORIENTED_EDGE('',*,*,#12615,.T.);
#12615 = EDGE_CURVE('',#12608,#12616,#12618,.T.);
#12616 = VERTEX_POINT('',#12617);
#12617 = CARTESIAN_POINT('',(7.552167,5.086329,1.585));
#12618 = LINE('',#12619,#12620);
#12619 = CARTESIAN_POINT('',(7.584773,5.053723,1.585));
#12620 = VECTOR('',#12621,1.);
#12621 = DIRECTION('',(-0.707106781187,0.707106781187,0.));
#12622 = ORIENTED_EDGE('',*,*,#12623,.T.);
#12623 = EDGE_CURVE('',#12616,#12624,#12626,.T.);
#12624 = VERTEX_POINT('',#12625);
#12625 = CARTESIAN_POINT('',(7.494094,5.128348,1.585));
#12626 = LINE('',#12627,#12628);
#12627 = CARTESIAN_POINT('',(7.552167,5.086329,1.585));
#12628 = VECTOR('',#12629,1.);
#12629 = DIRECTION('',(-0.810166472544,0.586199869299,0.));
#12630 = ORIENTED_EDGE('',*,*,#12631,.T.);
#12631 = EDGE_CURVE('',#12624,#12632,#12634,.T.);
#12632 = VERTEX_POINT('',#12633);
#12633 = CARTESIAN_POINT('',(7.497441,5.144138,1.585));
#12634 = LINE('',#12635,#12636);
#12635 = CARTESIAN_POINT('',(7.494094,5.128348,1.585));
#12636 = VECTOR('',#12637,1.);
#12637 = DIRECTION('',(0.207362276627,0.978264221073,0.));
#12638 = ORIENTED_EDGE('',*,*,#12639,.T.);
#12639 = EDGE_CURVE('',#12632,#12640,#12642,.T.);
#12640 = VERTEX_POINT('',#12641);
#12641 = CARTESIAN_POINT('',(7.509113,5.150825,1.585));
#12642 = LINE('',#12643,#12644);
#12643 = CARTESIAN_POINT('',(7.497441,5.144138,1.585));
#12644 = VECTOR('',#12645,1.);
#12645 = DIRECTION('',(0.867689059392,0.497107328663,0.));
#12646 = ORIENTED_EDGE('',*,*,#12647,.T.);
#12647 = EDGE_CURVE('',#12640,#12648,#12650,.T.);
#12648 = VERTEX_POINT('',#12649);
#12649 = CARTESIAN_POINT('',(7.866745,5.150825,1.585));
#12650 = LINE('',#12651,#12652);
#12651 = CARTESIAN_POINT('',(7.509113,5.150825,1.585));
#12652 = VECTOR('',#12653,1.);
#12653 = DIRECTION('',(1.,0.,0.));
#12654 = ORIENTED_EDGE('',*,*,#12655,.T.);
#12655 = EDGE_CURVE('',#12648,#12509,#12656,.T.);
#12656 = LINE('',#12657,#12658);
#12657 = CARTESIAN_POINT('',(7.866745,5.150825,1.585));
#12658 = VECTOR('',#12659,1.);
#12659 = DIRECTION('',(1.277907028502E-02,0.999918344348,0.));
#12660 = PLANE('',#12661);
#12661 = AXIS2_PLACEMENT_3D('',#12662,#12663,#12664);
#12662 = CARTESIAN_POINT('',(0.,0.,1.585));
#12663 = DIRECTION('',(0.,0.,1.));
#12664 = DIRECTION('',(1.,0.,-0.));
#12665 = SHELL_BASED_SURFACE_MODEL('',(#12666));
#12666 = OPEN_SHELL('',(#12667));
#12667 = ADVANCED_FACE('',(#12668),#12704,.T.);
#12668 = FACE_BOUND('',#12669,.F.);
#12669 = EDGE_LOOP('',(#12670,#12681,#12689,#12698));
#12670 = ORIENTED_EDGE('',*,*,#12671,.T.);
#12671 = EDGE_CURVE('',#12672,#12674,#12676,.T.);
#12672 = VERTEX_POINT('',#12673);
#12673 = CARTESIAN_POINT('',(7.042,6.2445,1.585));
#12674 = VERTEX_POINT('',#12675);
#12675 = CARTESIAN_POINT('',(7.042,6.3715,1.585));
#12676 = CIRCLE('',#12677,6.350000000209E-02);
#12677 = AXIS2_PLACEMENT_3D('',#12678,#12679,#12680);
#12678 = CARTESIAN_POINT('',(7.042000515154,6.308,1.585));
#12679 = DIRECTION('',(0.,0.,-1.));
#12680 = DIRECTION('',(-8.11265483461E-06,-0.999999999967,-0.));
#12681 = ORIENTED_EDGE('',*,*,#12682,.T.);
#12682 = EDGE_CURVE('',#12674,#12683,#12685,.T.);
#12683 = VERTEX_POINT('',#12684);
#12684 = CARTESIAN_POINT('',(7.192,6.3715,1.585));
#12685 = LINE('',#12686,#12687);
#12686 = CARTESIAN_POINT('',(7.042,6.3715,1.585));
#12687 = VECTOR('',#12688,1.);
#12688 = DIRECTION('',(1.,0.,0.));
#12689 = ORIENTED_EDGE('',*,*,#12690,.T.);
#12690 = EDGE_CURVE('',#12683,#12691,#12693,.T.);
#12691 = VERTEX_POINT('',#12692);
#12692 = CARTESIAN_POINT('',(7.192,6.2445,1.585));
#12693 = CIRCLE('',#12694,6.350000000209E-02);
#12694 = AXIS2_PLACEMENT_3D('',#12695,#12696,#12697);
#12695 = CARTESIAN_POINT('',(7.191999484846,6.308,1.585));
#12696 = DIRECTION('',(0.,0.,-1.));
#12697 = DIRECTION('',(8.11265483461E-06,0.999999999967,0.));
#12698 = ORIENTED_EDGE('',*,*,#12699,.T.);
#12699 = EDGE_CURVE('',#12691,#12672,#12700,.T.);
#12700 = LINE('',#12701,#12702);
#12701 = CARTESIAN_POINT('',(7.192,6.2445,1.585));
#12702 = VECTOR('',#12703,1.);
#12703 = DIRECTION('',(-1.,0.,0.));
#12704 = PLANE('',#12705);
#12705 = AXIS2_PLACEMENT_3D('',#12706,#12707,#12708);
#12706 = CARTESIAN_POINT('',(0.,0.,1.585));
#12707 = DIRECTION('',(0.,0.,1.));
#12708 = DIRECTION('',(1.,0.,-0.));
#12709 = SHELL_BASED_SURFACE_MODEL('',(#12710));
#12710 = OPEN_SHELL('',(#12711));
#12711 = ADVANCED_FACE('',(#12712),#12960,.T.);
#12712 = FACE_BOUND('',#12713,.F.);
#12713 = EDGE_LOOP('',(#12714,#12724,#12732,#12740,#12748,#12757,#12765,
    #12773,#12781,#12789,#12798,#12806,#12814,#12822,#12831,#12839,
    #12847,#12855,#12864,#12872,#12881,#12889,#12897,#12905,#12914,
    #12922,#12930,#12938,#12946,#12954));
#12714 = ORIENTED_EDGE('',*,*,#12715,.T.);
#12715 = EDGE_CURVE('',#12716,#12718,#12720,.T.);
#12716 = VERTEX_POINT('',#12717);
#12717 = CARTESIAN_POINT('',(4.31604,8.013879,1.585));
#12718 = VERTEX_POINT('',#12719);
#12719 = CARTESIAN_POINT('',(4.41923,8.114289,1.585));
#12720 = LINE('',#12721,#12722);
#12721 = CARTESIAN_POINT('',(4.31604,8.013879,1.585));
#12722 = VECTOR('',#12723,1.);
#12723 = DIRECTION('',(0.716694969132,0.697386780217,0.));
#12724 = ORIENTED_EDGE('',*,*,#12725,.T.);
#12725 = EDGE_CURVE('',#12718,#12726,#12728,.T.);
#12726 = VERTEX_POINT('',#12727);
#12727 = CARTESIAN_POINT('',(4.572816,8.164673,1.585));
#12728 = LINE('',#12729,#12730);
#12729 = CARTESIAN_POINT('',(4.41923,8.114289,1.585));
#12730 = VECTOR('',#12731,1.);
#12731 = DIRECTION('',(0.950178365811,0.311706710137,0.));
#12732 = ORIENTED_EDGE('',*,*,#12733,.T.);
#12733 = EDGE_CURVE('',#12726,#12734,#12736,.T.);
#12734 = VERTEX_POINT('',#12735);
#12735 = CARTESIAN_POINT('',(4.718576,8.163949,1.585));
#12736 = LINE('',#12737,#12738);
#12737 = CARTESIAN_POINT('',(4.572816,8.164673,1.585));
#12738 = VECTOR('',#12739,1.);
#12739 = DIRECTION('',(0.99998766434,-4.9670078827E-03,0.));
#12740 = ORIENTED_EDGE('',*,*,#12741,.T.);
#12741 = EDGE_CURVE('',#12734,#12742,#12744,.T.);
#12742 = VERTEX_POINT('',#12743);
#12743 = CARTESIAN_POINT('',(4.832677,8.108286,1.585));
#12744 = LINE('',#12745,#12746);
#12745 = CARTESIAN_POINT('',(4.718576,8.163949,1.585));
#12746 = VECTOR('',#12747,1.);
#12747 = DIRECTION('',(0.898756105778,-0.438448927844,0.));
#12748 = ORIENTED_EDGE('',*,*,#12749,.T.);
#12749 = EDGE_CURVE('',#12742,#12750,#12752,.T.);
#12750 = VERTEX_POINT('',#12751);
#12751 = CARTESIAN_POINT('',(4.751879,7.979934,1.585));
#12752 = CIRCLE('',#12753,7.619987958819E-02);
#12753 = AXIS2_PLACEMENT_3D('',#12754,#12755,#12756);
#12754 = CARTESIAN_POINT('',(4.785957267734,8.048088921447,1.585));
#12755 = DIRECTION('',(0.,0.,-1.));
#12756 = DIRECTION('',(0.613120814862,0.789989155864,0.));
#12757 = ORIENTED_EDGE('',*,*,#12758,.T.);
#12758 = EDGE_CURVE('',#12750,#12759,#12761,.T.);
#12759 = VERTEX_POINT('',#12760);
#12760 = CARTESIAN_POINT('',(4.685722,8.013013,1.585));
#12761 = LINE('',#12762,#12763);
#12762 = CARTESIAN_POINT('',(4.751879,7.979934,1.585));
#12763 = VECTOR('',#12764,1.);
#12764 = DIRECTION('',(-0.894424487038,0.447219003382,0.));
#12765 = ORIENTED_EDGE('',*,*,#12766,.T.);
#12766 = EDGE_CURVE('',#12759,#12767,#12769,.T.);
#12767 = VERTEX_POINT('',#12768);
#12768 = CARTESIAN_POINT('',(4.592702,8.013013,1.585));
#12769 = LINE('',#12770,#12771);
#12770 = CARTESIAN_POINT('',(4.685722,8.013013,1.585));
#12771 = VECTOR('',#12772,1.);
#12772 = DIRECTION('',(-1.,0.,0.));
#12773 = ORIENTED_EDGE('',*,*,#12774,.T.);
#12774 = EDGE_CURVE('',#12767,#12775,#12777,.T.);
#12775 = VERTEX_POINT('',#12776);
#12776 = CARTESIAN_POINT('',(4.498128,7.981488,1.585));
#12777 = LINE('',#12778,#12779);
#12778 = CARTESIAN_POINT('',(4.592702,8.013013,1.585));
#12779 = VECTOR('',#12780,1.);
#12780 = DIRECTION('',(-0.948682294935,-0.316230775349,0.));
#12781 = ORIENTED_EDGE('',*,*,#12782,.T.);
#12782 = EDGE_CURVE('',#12775,#12783,#12785,.T.);
#12783 = VERTEX_POINT('',#12784);
#12784 = CARTESIAN_POINT('',(4.437344,7.920703,1.585));
#12785 = LINE('',#12786,#12787);
#12786 = CARTESIAN_POINT('',(4.498128,7.981488,1.585));
#12787 = VECTOR('',#12788,1.);
#12788 = DIRECTION('',(-0.707100964657,-0.707112597668,0.));
#12789 = ORIENTED_EDGE('',*,*,#12790,.T.);
#12790 = EDGE_CURVE('',#12783,#12791,#12793,.T.);
#12791 = VERTEX_POINT('',#12792);
#12792 = CARTESIAN_POINT('',(4.368672,7.605109,1.585));
#12793 = CIRCLE('',#12794,0.515715987161);
#12794 = AXIS2_PLACEMENT_3D('',#12795,#12796,#12797);
#12795 = CARTESIAN_POINT('',(4.881588770198,7.658768726633,1.585));
#12796 = DIRECTION('',(0.,0.,1.));
#12797 = DIRECTION('',(-0.86141360993,0.507904117554,0.));
#12798 = ORIENTED_EDGE('',*,*,#12799,.T.);
#12799 = EDGE_CURVE('',#12791,#12800,#12802,.T.);
#12800 = VERTEX_POINT('',#12801);
#12801 = CARTESIAN_POINT('',(4.405492,7.457829,1.585));
#12802 = LINE('',#12803,#12804);
#12803 = CARTESIAN_POINT('',(4.368672,7.605109,1.585));
#12804 = VECTOR('',#12805,1.);
#12805 = DIRECTION('',(0.242535625036,-0.970142500145,0.));
#12806 = ORIENTED_EDGE('',*,*,#12807,.T.);
#12807 = EDGE_CURVE('',#12800,#12808,#12810,.T.);
#12808 = VERTEX_POINT('',#12809);
#12809 = CARTESIAN_POINT('',(4.437344,7.394123,1.585));
#12810 = LINE('',#12811,#12812);
#12811 = CARTESIAN_POINT('',(4.405492,7.457829,1.585));
#12812 = VECTOR('',#12813,1.);
#12813 = DIRECTION('',(0.447202363458,-0.894432806933,0.));
#12814 = ORIENTED_EDGE('',*,*,#12815,.T.);
#12815 = EDGE_CURVE('',#12808,#12816,#12818,.T.);
#12816 = VERTEX_POINT('',#12817);
#12817 = CARTESIAN_POINT('',(4.498128,7.333338,1.585));
#12818 = LINE('',#12819,#12820);
#12819 = CARTESIAN_POINT('',(4.437344,7.394123,1.585));
#12820 = VECTOR('',#12821,1.);
#12821 = DIRECTION('',(0.707100964657,-0.707112597668,0.));
#12822 = ORIENTED_EDGE('',*,*,#12823,.T.);
#12823 = EDGE_CURVE('',#12816,#12824,#12826,.T.);
#12824 = VERTEX_POINT('',#12825);
#12825 = CARTESIAN_POINT('',(4.744794,7.333338,1.585));
#12826 = CIRCLE('',#12827,0.245589356908);
#12827 = AXIS2_PLACEMENT_3D('',#12828,#12829,#12830);
#12828 = CARTESIAN_POINT('',(4.621461,7.545712912213,1.585));
#12829 = DIRECTION('',(0.,0.,1.));
#12830 = DIRECTION('',(-0.502191957962,-0.8647561722,0.));
#12831 = ORIENTED_EDGE('',*,*,#12832,.T.);
#12832 = EDGE_CURVE('',#12824,#12833,#12835,.T.);
#12833 = VERTEX_POINT('',#12834);
#12834 = CARTESIAN_POINT('',(4.750881,7.339424,1.585));
#12835 = LINE('',#12836,#12837);
#12836 = CARTESIAN_POINT('',(4.744794,7.333338,1.585));
#12837 = VECTOR('',#12838,1.);
#12838 = DIRECTION('',(0.707164866928,0.707048690673,0.));
#12839 = ORIENTED_EDGE('',*,*,#12840,.T.);
#12840 = EDGE_CURVE('',#12833,#12841,#12843,.T.);
#12841 = VERTEX_POINT('',#12842);
#12842 = CARTESIAN_POINT('',(4.750881,7.519527,1.585));
#12843 = LINE('',#12844,#12845);
#12844 = CARTESIAN_POINT('',(4.750881,7.339424,1.585));
#12845 = VECTOR('',#12846,1.);
#12846 = DIRECTION('',(0.,1.,0.));
#12847 = ORIENTED_EDGE('',*,*,#12848,.T.);
#12848 = EDGE_CURVE('',#12841,#12849,#12851,.T.);
#12849 = VERTEX_POINT('',#12850);
#12850 = CARTESIAN_POINT('',(4.64772,7.520991,1.585));
#12851 = LINE('',#12852,#12853);
#12852 = CARTESIAN_POINT('',(4.750881,7.519527,1.585));
#12853 = VECTOR('',#12854,1.);
#12854 = DIRECTION('',(-0.999899317155,1.418998071282E-02,0.));
#12855 = ORIENTED_EDGE('',*,*,#12856,.T.);
#12856 = EDGE_CURVE('',#12849,#12857,#12859,.T.);
#12857 = VERTEX_POINT('',#12858);
#12858 = CARTESIAN_POINT('',(4.662586,7.671927,1.585));
#12859 = CIRCLE('',#12860,7.620008338867E-02);
#12860 = AXIS2_PLACEMENT_3D('',#12861,#12862,#12863);
#12861 = CARTESIAN_POINT('',(4.662585916611,7.595726916611,1.585));
#12862 = DIRECTION('',(0.,0.,-1.));
#12863 = DIRECTION('',(-0.195090555683,-0.980785233924,-0.));
#12864 = ORIENTED_EDGE('',*,*,#12865,.T.);
#12865 = EDGE_CURVE('',#12857,#12866,#12868,.T.);
#12866 = VERTEX_POINT('',#12867);
#12867 = CARTESIAN_POINT('',(4.841947,7.670463,1.585));
#12868 = LINE('',#12869,#12870);
#12869 = CARTESIAN_POINT('',(4.662586,7.671927,1.585));
#12870 = VECTOR('',#12871,1.);
#12871 = DIRECTION('',(0.999966690016,-8.162037645774E-03,0.));
#12872 = ORIENTED_EDGE('',*,*,#12873,.T.);
#12873 = EDGE_CURVE('',#12866,#12874,#12876,.T.);
#12874 = VERTEX_POINT('',#12875);
#12875 = CARTESIAN_POINT('',(4.903281,7.595727,1.585));
#12876 = CIRCLE('',#12877,7.620164703099E-02);
#12877 = AXIS2_PLACEMENT_3D('',#12878,#12879,#12880);
#12878 = CARTESIAN_POINT('',(4.827079352978,7.595725833327,1.585));
#12879 = DIRECTION('',(0.,0.,-1.));
#12880 = DIRECTION('',(0.195109260775,0.98078151306,0.));
#12881 = ORIENTED_EDGE('',*,*,#12882,.T.);
#12882 = EDGE_CURVE('',#12874,#12883,#12885,.T.);
#12883 = VERTEX_POINT('',#12884);
#12884 = CARTESIAN_POINT('',(4.901817,7.292994,1.585));
#12885 = LINE('',#12886,#12887);
#12886 = CARTESIAN_POINT('',(4.903281,7.595727,1.585));
#12887 = VECTOR('',#12888,1.);
#12888 = DIRECTION('',(-4.835887998614E-03,-0.999988307025,0.));
#12889 = ORIENTED_EDGE('',*,*,#12890,.T.);
#12890 = EDGE_CURVE('',#12883,#12891,#12893,.T.);
#12891 = VERTEX_POINT('',#12892);
#12892 = CARTESIAN_POINT('',(4.880962,7.253978,1.585));
#12893 = LINE('',#12894,#12895);
#12894 = CARTESIAN_POINT('',(4.901817,7.292994,1.585));
#12895 = VECTOR('',#12896,1.);
#12896 = DIRECTION('',(-0.471405765007,-0.881916438625,0.));
#12897 = ORIENTED_EDGE('',*,*,#12898,.T.);
#12898 = EDGE_CURVE('',#12891,#12899,#12901,.T.);
#12899 = VERTEX_POINT('',#12900);
#12900 = CARTESIAN_POINT('',(4.823693,7.200536,1.585));
#12901 = LINE('',#12902,#12903);
#12902 = CARTESIAN_POINT('',(4.880962,7.253978,1.585));
#12903 = VECTOR('',#12904,1.);
#12904 = DIRECTION('',(-0.731113002033,-0.682256387481,0.));
#12905 = ORIENTED_EDGE('',*,*,#12906,.T.);
#12906 = EDGE_CURVE('',#12899,#12907,#12909,.T.);
#12907 = VERTEX_POINT('',#12908);
#12908 = CARTESIAN_POINT('',(4.414632,7.203378,1.585));
#12909 = CIRCLE('',#12910,0.409941890429);
#12910 = AXIS2_PLACEMENT_3D('',#12911,#12912,#12913);
#12911 = CARTESIAN_POINT('',(4.621630729228,7.557219602453,1.585));
#12912 = DIRECTION('',(-0.,0.,-1.));
#12913 = DIRECTION('',(0.492904666465,-0.870083323468,-0.));
#12914 = ORIENTED_EDGE('',*,*,#12915,.T.);
#12915 = EDGE_CURVE('',#12907,#12916,#12918,.T.);
#12916 = VERTEX_POINT('',#12917);
#12917 = CARTESIAN_POINT('',(4.310591,7.308507,1.585));
#12918 = LINE('',#12919,#12920);
#12919 = CARTESIAN_POINT('',(4.414632,7.203378,1.585));
#12920 = VECTOR('',#12921,1.);
#12921 = DIRECTION('',(-0.703419241984,0.710775189498,0.));
#12922 = ORIENTED_EDGE('',*,*,#12923,.T.);
#12923 = EDGE_CURVE('',#12916,#12924,#12926,.T.);
#12924 = VERTEX_POINT('',#12925);
#12925 = CARTESIAN_POINT('',(4.259671,7.41275,1.585));
#12926 = LINE('',#12927,#12928);
#12927 = CARTESIAN_POINT('',(4.310591,7.308507,1.585));
#12928 = VECTOR('',#12929,1.);
#12929 = DIRECTION('',(-0.438909263596,0.89853138973,0.));
#12930 = ORIENTED_EDGE('',*,*,#12931,.T.);
#12931 = EDGE_CURVE('',#12924,#12932,#12934,.T.);
#12932 = VERTEX_POINT('',#12933);
#12933 = CARTESIAN_POINT('',(4.216272,7.595727,1.585));
#12934 = LINE('',#12935,#12936);
#12935 = CARTESIAN_POINT('',(4.259671,7.41275,1.585));
#12936 = VECTOR('',#12937,1.);
#12937 = DIRECTION('',(-0.23078027656,0.973005891015,0.));
#12938 = ORIENTED_EDGE('',*,*,#12939,.T.);
#12939 = EDGE_CURVE('',#12932,#12940,#12942,.T.);
#12940 = VERTEX_POINT('',#12941);
#12941 = CARTESIAN_POINT('',(4.218547,7.737579,1.585));
#12942 = LINE('',#12943,#12944);
#12943 = CARTESIAN_POINT('',(4.216272,7.595727,1.585));
#12944 = VECTOR('',#12945,1.);
#12945 = DIRECTION('',(1.603578009011E-02,0.999871418612,0.));
#12946 = ORIENTED_EDGE('',*,*,#12947,.T.);
#12947 = EDGE_CURVE('',#12940,#12948,#12950,.T.);
#12948 = VERTEX_POINT('',#12949);
#12949 = CARTESIAN_POINT('',(4.26544,7.917671,1.585));
#12950 = LINE('',#12951,#12952);
#12951 = CARTESIAN_POINT('',(4.218547,7.737579,1.585));
#12952 = VECTOR('',#12953,1.);
#12953 = DIRECTION('',(0.251981535344,0.967732042378,0.));
#12954 = ORIENTED_EDGE('',*,*,#12955,.T.);
#12955 = EDGE_CURVE('',#12948,#12716,#12956,.T.);
#12956 = LINE('',#12957,#12958);
#12957 = CARTESIAN_POINT('',(4.26544,7.917671,1.585));
#12958 = VECTOR('',#12959,1.);
#12959 = DIRECTION('',(0.465488590982,0.885053880657,0.));
#12960 = PLANE('',#12961);
#12961 = AXIS2_PLACEMENT_3D('',#12962,#12963,#12964);
#12962 = CARTESIAN_POINT('',(0.,0.,1.585));
#12963 = DIRECTION('',(0.,0.,1.));
#12964 = DIRECTION('',(1.,0.,-0.));
#12965 = SHELL_BASED_SURFACE_MODEL('',(#12966));
#12966 = OPEN_SHELL('',(#12967));
#12967 = ADVANCED_FACE('',(#12968),#13232,.T.);
#12968 = FACE_BOUND('',#12969,.F.);
#12969 = EDGE_LOOP('',(#12970,#12980,#12988,#12996,#13005,#13013,#13021,
    #13030,#13038,#13046,#13054,#13062,#13070,#13078,#13086,#13095,
    #13103,#13111,#13119,#13127,#13136,#13144,#13152,#13161,#13169,
    #13177,#13185,#13193,#13201,#13209,#13217,#13226));
#12970 = ORIENTED_EDGE('',*,*,#12971,.T.);
#12971 = EDGE_CURVE('',#12972,#12974,#12976,.T.);
#12972 = VERTEX_POINT('',#12973);
#12973 = CARTESIAN_POINT('',(3.100526,8.112216,1.585));
#12974 = VERTEX_POINT('',#12975);
#12975 = CARTESIAN_POINT('',(3.208387,8.163949,1.585));
#12976 = LINE('',#12977,#12978);
#12977 = CARTESIAN_POINT('',(3.100526,8.112216,1.585));
#12978 = VECTOR('',#12979,1.);
#12979 = DIRECTION('',(0.901654374991,0.432457382941,0.));
#12980 = ORIENTED_EDGE('',*,*,#12981,.T.);
#12981 = EDGE_CURVE('',#12974,#12982,#12984,.T.);
#12982 = VERTEX_POINT('',#12983);
#12983 = CARTESIAN_POINT('',(3.436394,8.164673,1.585));
#12984 = LINE('',#12985,#12986);
#12985 = CARTESIAN_POINT('',(3.208387,8.163949,1.585));
#12986 = VECTOR('',#12987,1.);
#12987 = DIRECTION('',(0.999994958643,3.175325099919E-03,0.));
#12988 = ORIENTED_EDGE('',*,*,#12989,.T.);
#12989 = EDGE_CURVE('',#12982,#12990,#12992,.T.);
#12990 = VERTEX_POINT('',#12991);
#12991 = CARTESIAN_POINT('',(3.58998,8.114289,1.585));
#12992 = LINE('',#12993,#12994);
#12993 = CARTESIAN_POINT('',(3.436394,8.164673,1.585));
#12994 = VECTOR('',#12995,1.);
#12995 = DIRECTION('',(0.950178365811,-0.311706710137,0.));
#12996 = ORIENTED_EDGE('',*,*,#12997,.T.);
#12997 = EDGE_CURVE('',#12990,#12998,#13000,.T.);
#12998 = VERTEX_POINT('',#12999);
#12999 = CARTESIAN_POINT('',(3.528147,7.975799,1.585));
#13000 = CIRCLE('',#13001,7.62003344435E-02);
#13001 = AXIS2_PLACEMENT_3D('',#13002,#13003,#13004);
#13002 = CARTESIAN_POINT('',(3.552243097141,8.04808917272,1.585));
#13003 = DIRECTION('',(0.,0.,-1.));
#13004 = DIRECTION('',(0.495232772067,0.868760324526,0.));
#13005 = ORIENTED_EDGE('',*,*,#13006,.T.);
#13006 = EDGE_CURVE('',#12998,#13007,#13009,.T.);
#13007 = VERTEX_POINT('',#13008);
#13008 = CARTESIAN_POINT('',(3.416505,8.013013,1.585));
#13009 = LINE('',#13010,#13011);
#13010 = CARTESIAN_POINT('',(3.528147,7.975799,1.585));
#13011 = VECTOR('',#13012,1.);
#13012 = DIRECTION('',(-0.948683298051,0.316227766017,0.));
#13013 = ORIENTED_EDGE('',*,*,#13014,.T.);
#13014 = EDGE_CURVE('',#13007,#13015,#13017,.T.);
#13015 = VERTEX_POINT('',#13016);
#13016 = CARTESIAN_POINT('',(3.241241,8.013013,1.585));
#13017 = LINE('',#13018,#13019);
#13018 = CARTESIAN_POINT('',(3.416505,8.013013,1.585));
#13019 = VECTOR('',#13020,1.);
#13020 = DIRECTION('',(-1.,0.,0.));
#13021 = ORIENTED_EDGE('',*,*,#13022,.T.);
#13022 = EDGE_CURVE('',#13015,#13023,#13025,.T.);
#13023 = VERTEX_POINT('',#13024);
#13024 = CARTESIAN_POINT('',(3.134958,7.906729,1.585));
#13025 = CIRCLE('',#13026,0.148477647801);
#13026 = AXIS2_PLACEMENT_3D('',#13027,#13028,#13029);
#13027 = CARTESIAN_POINT('',(3.278646932298,7.869324419641,1.585));
#13028 = DIRECTION('',(0.,0.,1.));
#13029 = DIRECTION('',(-0.251929720409,0.967745532656,0.));
#13030 = ORIENTED_EDGE('',*,*,#13031,.T.);
#13031 = EDGE_CURVE('',#13023,#13032,#13034,.T.);
#13032 = VERTEX_POINT('',#13033);
#13033 = CARTESIAN_POINT('',(3.134958,7.860458,1.585));
#13034 = LINE('',#13035,#13036);
#13035 = CARTESIAN_POINT('',(3.134958,7.906729,1.585));
#13036 = VECTOR('',#13037,1.);
#13037 = DIRECTION('',(0.,-1.,0.));
#13038 = ORIENTED_EDGE('',*,*,#13039,.T.);
#13039 = EDGE_CURVE('',#13032,#13040,#13042,.T.);
#13040 = VERTEX_POINT('',#13041);
#13041 = CARTESIAN_POINT('',(3.162507,7.80536,1.585));
#13042 = LINE('',#13043,#13044);
#13043 = CARTESIAN_POINT('',(3.134958,7.860458,1.585));
#13044 = VECTOR('',#13045,1.);
#13045 = DIRECTION('',(0.4472135955,-0.894427191,0.));
#13046 = ORIENTED_EDGE('',*,*,#13047,.T.);
#13047 = EDGE_CURVE('',#13040,#13048,#13050,.T.);
#13048 = VERTEX_POINT('',#13049);
#13049 = CARTESIAN_POINT('',(3.186142,7.781725,1.585));
#13050 = LINE('',#13051,#13052);
#13051 = CARTESIAN_POINT('',(3.162507,7.80536,1.585));
#13052 = VECTOR('',#13053,1.);
#13053 = DIRECTION('',(0.707106781187,-0.707106781187,0.));
#13054 = ORIENTED_EDGE('',*,*,#13055,.T.);
#13055 = EDGE_CURVE('',#13048,#13056,#13058,.T.);
#13056 = VERTEX_POINT('',#13057);
#13057 = CARTESIAN_POINT('',(3.249849,7.749872,1.585));
#13058 = LINE('',#13059,#13060);
#13059 = CARTESIAN_POINT('',(3.186142,7.781725,1.585));
#13060 = VECTOR('',#13061,1.);
#13061 = DIRECTION('',(0.894429998931,-0.447207979593,0.));
#13062 = ORIENTED_EDGE('',*,*,#13063,.T.);
#13063 = EDGE_CURVE('',#13056,#13064,#13066,.T.);
#13064 = VERTEX_POINT('',#13065);
#13065 = CARTESIAN_POINT('',(3.421826,7.705006,1.585));
#13066 = LINE('',#13067,#13068);
#13067 = CARTESIAN_POINT('',(3.249849,7.749872,1.585));
#13068 = VECTOR('',#13069,1.);
#13069 = DIRECTION('',(0.967613926338,-0.252434723359,0.));
#13070 = ORIENTED_EDGE('',*,*,#13071,.T.);
#13071 = EDGE_CURVE('',#13064,#13072,#13074,.T.);
#13072 = VERTEX_POINT('',#13073);
#13073 = CARTESIAN_POINT('',(3.518033,7.654406,1.585));
#13074 = LINE('',#13075,#13076);
#13075 = CARTESIAN_POINT('',(3.421826,7.705006,1.585));
#13076 = VECTOR('',#13077,1.);
#13077 = DIRECTION('',(0.885051887314,-0.465492380992,0.));
#13078 = ORIENTED_EDGE('',*,*,#13079,.T.);
#13079 = EDGE_CURVE('',#13072,#13080,#13082,.T.);
#13080 = VERTEX_POINT('',#13081);
#13081 = CARTESIAN_POINT('',(3.575248,7.595079,1.585));
#13082 = LINE('',#13083,#13084);
#13083 = CARTESIAN_POINT('',(3.518033,7.654406,1.585));
#13084 = VECTOR('',#13085,1.);
#13085 = DIRECTION('',(0.69417845517,-0.719802939961,0.));
#13086 = ORIENTED_EDGE('',*,*,#13087,.T.);
#13087 = EDGE_CURVE('',#13080,#13088,#13090,.T.);
#13088 = VERTEX_POINT('',#13089);
#13089 = CARTESIAN_POINT('',(3.569797,7.259823,1.585));
#13090 = CIRCLE('',#13091,0.262246017514);
#13091 = AXIS2_PLACEMENT_3D('',#13092,#13093,#13094);
#13092 = CARTESIAN_POINT('',(3.370890034476,7.430729385978,1.585));
#13093 = DIRECTION('',(0.,0.,-1.));
#13094 = DIRECTION('',(0.779260510649,0.626700132872,0.));
#13095 = ORIENTED_EDGE('',*,*,#13096,.T.);
#13096 = EDGE_CURVE('',#13088,#13097,#13099,.T.);
#13097 = VERTEX_POINT('',#13098);
#13098 = CARTESIAN_POINT('',(3.510473,7.202609,1.585));
#13099 = LINE('',#13100,#13101);
#13100 = CARTESIAN_POINT('',(3.569797,7.259823,1.585));
#13101 = VECTOR('',#13102,1.);
#13102 = DIRECTION('',(-0.719791462081,-0.694190356542,0.));
#13103 = ORIENTED_EDGE('',*,*,#13104,.T.);
#13104 = EDGE_CURVE('',#13097,#13105,#13107,.T.);
#13105 = VERTEX_POINT('',#13106);
#13106 = CARTESIAN_POINT('',(3.402614,7.150877,1.585));
#13107 = LINE('',#13108,#13109);
#13108 = CARTESIAN_POINT('',(3.510473,7.202609,1.585));
#13109 = VECTOR('',#13110,1.);
#13110 = DIRECTION('',(-0.90165450781,-0.432457106018,0.));
#13111 = ORIENTED_EDGE('',*,*,#13112,.T.);
#13112 = EDGE_CURVE('',#13105,#13113,#13115,.T.);
#13113 = VERTEX_POINT('',#13114);
#13114 = CARTESIAN_POINT('',(3.165404,7.151647,1.585));
#13115 = LINE('',#13116,#13117);
#13116 = CARTESIAN_POINT('',(3.402614,7.150877,1.585));
#13117 = VECTOR('',#13118,1.);
#13118 = DIRECTION('',(-0.99999473156,3.246051782389E-03,0.));
#13119 = ORIENTED_EDGE('',*,*,#13120,.T.);
#13120 = EDGE_CURVE('',#13113,#13121,#13123,.T.);
#13121 = VERTEX_POINT('',#13122);
#13122 = CARTESIAN_POINT('',(3.021022,7.200536,1.585));
#13123 = LINE('',#13124,#13125);
#13124 = CARTESIAN_POINT('',(3.165404,7.151647,1.585));
#13125 = VECTOR('',#13126,1.);
#13126 = DIRECTION('',(-0.947173635611,0.320721224747,0.));
#13127 = ORIENTED_EDGE('',*,*,#13128,.T.);
#13128 = EDGE_CURVE('',#13121,#13129,#13131,.T.);
#13129 = VERTEX_POINT('',#13130);
#13130 = CARTESIAN_POINT('',(3.082854,7.339026,1.585));
#13131 = CIRCLE('',#13132,7.620006460413E-02);
#13132 = AXIS2_PLACEMENT_3D('',#13133,#13134,#13135);
#13133 = CARTESIAN_POINT('',(3.05875779724,7.266736146921,1.585));
#13134 = DIRECTION('',(0.,0.,-1.));
#13135 = DIRECTION('',(-0.495220016365,-0.868767595731,-0.));
#13136 = ORIENTED_EDGE('',*,*,#13137,.T.);
#13137 = EDGE_CURVE('',#13129,#13138,#13140,.T.);
#13138 = VERTEX_POINT('',#13139);
#13139 = CARTESIAN_POINT('',(3.194495,7.301813,1.585));
#13140 = LINE('',#13141,#13142);
#13141 = CARTESIAN_POINT('',(3.082854,7.339026,1.585));
#13142 = VECTOR('',#13143,1.);
#13143 = DIRECTION('',(0.948684997565,-0.316222667428,0.));
#13144 = ORIENTED_EDGE('',*,*,#13145,.T.);
#13145 = EDGE_CURVE('',#13138,#13146,#13148,.T.);
#13146 = VERTEX_POINT('',#13147);
#13147 = CARTESIAN_POINT('',(3.369759,7.301813,1.585));
#13148 = LINE('',#13149,#13150);
#13149 = CARTESIAN_POINT('',(3.194495,7.301813,1.585));
#13150 = VECTOR('',#13151,1.);
#13151 = DIRECTION('',(1.,0.,0.));
#13152 = ORIENTED_EDGE('',*,*,#13153,.T.);
#13153 = EDGE_CURVE('',#13146,#13154,#13156,.T.);
#13154 = VERTEX_POINT('',#13155);
#13155 = CARTESIAN_POINT('',(3.476043,7.408097,1.585));
#13156 = CIRCLE('',#13157,0.148485746968);
#13157 = AXIS2_PLACEMENT_3D('',#13158,#13159,#13160);
#13158 = CARTESIAN_POINT('',(3.3323475,7.4455085,1.585));
#13159 = DIRECTION('',(0.,0.,1.));
#13160 = DIRECTION('',(0.251953475428,-0.967739348285,0.));
#13161 = ORIENTED_EDGE('',*,*,#13162,.T.);
#13162 = EDGE_CURVE('',#13154,#13163,#13165,.T.);
#13163 = VERTEX_POINT('',#13164);
#13164 = CARTESIAN_POINT('',(3.476043,7.454368,1.585));
#13165 = LINE('',#13166,#13167);
#13166 = CARTESIAN_POINT('',(3.476043,7.408097,1.585));
#13167 = VECTOR('',#13168,1.);
#13168 = DIRECTION('',(0.,1.,0.));
#13169 = ORIENTED_EDGE('',*,*,#13170,.T.);
#13170 = EDGE_CURVE('',#13163,#13171,#13173,.T.);
#13171 = VERTEX_POINT('',#13172);
#13172 = CARTESIAN_POINT('',(3.448494,7.509466,1.585));
#13173 = LINE('',#13174,#13175);
#13174 = CARTESIAN_POINT('',(3.476043,7.454368,1.585));
#13175 = VECTOR('',#13176,1.);
#13176 = DIRECTION('',(-0.4472135955,0.894427191,0.));
#13177 = ORIENTED_EDGE('',*,*,#13178,.T.);
#13178 = EDGE_CURVE('',#13171,#13179,#13181,.T.);
#13179 = VERTEX_POINT('',#13180);
#13180 = CARTESIAN_POINT('',(3.424856,7.533103,1.585));
#13181 = LINE('',#13182,#13183);
#13182 = CARTESIAN_POINT('',(3.448494,7.509466,1.585));
#13183 = VECTOR('',#13184,1.);
#13184 = DIRECTION('',(-0.707121738337,0.707091823719,0.));
#13185 = ORIENTED_EDGE('',*,*,#13186,.T.);
#13186 = EDGE_CURVE('',#13179,#13187,#13189,.T.);
#13187 = VERTEX_POINT('',#13188);
#13188 = CARTESIAN_POINT('',(3.361152,7.564955,1.585));
#13189 = LINE('',#13190,#13191);
#13190 = CARTESIAN_POINT('',(3.424856,7.533103,1.585));
#13191 = VECTOR('',#13192,1.);
#13192 = DIRECTION('',(-0.894427191,0.4472135955,0.));
#13193 = ORIENTED_EDGE('',*,*,#13194,.T.);
#13194 = EDGE_CURVE('',#13187,#13195,#13197,.T.);
#13195 = VERTEX_POINT('',#13196);
#13196 = CARTESIAN_POINT('',(3.189176,7.609819,1.585));
#13197 = LINE('',#13198,#13199);
#13198 = CARTESIAN_POINT('',(3.361152,7.564955,1.585));
#13199 = VECTOR('',#13200,1.);
#13200 = DIRECTION('',(-0.967616316389,0.252425561814,0.));
#13201 = ORIENTED_EDGE('',*,*,#13202,.T.);
#13202 = EDGE_CURVE('',#13195,#13203,#13205,.T.);
#13203 = VERTEX_POINT('',#13204);
#13204 = CARTESIAN_POINT('',(3.092967,7.660421,1.585));
#13205 = LINE('',#13206,#13207);
#13206 = CARTESIAN_POINT('',(3.189176,7.609819,1.585));
#13207 = VECTOR('',#13208,1.);
#13208 = DIRECTION('',(-0.885048294038,0.465499212911,0.));
#13209 = ORIENTED_EDGE('',*,*,#13210,.T.);
#13210 = EDGE_CURVE('',#13203,#13211,#13213,.T.);
#13211 = VERTEX_POINT('',#13212);
#13212 = CARTESIAN_POINT('',(3.035751,7.71975,1.585));
#13213 = LINE('',#13214,#13215);
#13214 = CARTESIAN_POINT('',(3.092967,7.660421,1.585));
#13215 = VECTOR('',#13216,1.);
#13216 = DIRECTION('',(-0.694172616664,0.719808570576,0.));
#13217 = ORIENTED_EDGE('',*,*,#13218,.T.);
#13218 = EDGE_CURVE('',#13211,#13219,#13221,.T.);
#13219 = VERTEX_POINT('',#13220);
#13220 = CARTESIAN_POINT('',(3.041203,8.055002,1.585));
#13221 = CIRCLE('',#13222,0.262245212981);
#13222 = AXIS2_PLACEMENT_3D('',#13223,#13224,#13225);
#13223 = CARTESIAN_POINT('',(3.240110064502,7.88409696373,1.585));
#13224 = DIRECTION('',(0.,0.,-1.));
#13225 = DIRECTION('',(-0.779267091967,-0.626691949347,-0.));
#13226 = ORIENTED_EDGE('',*,*,#13227,.T.);
#13227 = EDGE_CURVE('',#13219,#12972,#13228,.T.);
#13228 = LINE('',#13229,#13230);
#13229 = CARTESIAN_POINT('',(3.041203,8.055002,1.585));
#13230 = VECTOR('',#13231,1.);
#13231 = DIRECTION('',(0.719785615,0.694196419207,0.));
#13232 = PLANE('',#13233);
#13233 = AXIS2_PLACEMENT_3D('',#13234,#13235,#13236);
#13234 = CARTESIAN_POINT('',(0.,0.,1.585));
#13235 = DIRECTION('',(0.,0.,1.));
#13236 = DIRECTION('',(1.,0.,-0.));
#13237 = SHELL_BASED_SURFACE_MODEL('',(#13238));
#13238 = OPEN_SHELL('',(#13239));
#13239 = ADVANCED_FACE('',(#13240),#13292,.T.);
#13240 = FACE_BOUND('',#13241,.F.);
#13241 = EDGE_LOOP('',(#13242,#13253,#13261,#13270,#13278,#13286));
#13242 = ORIENTED_EDGE('',*,*,#13243,.T.);
#13243 = EDGE_CURVE('',#13244,#13246,#13248,.T.);
#13244 = VERTEX_POINT('',#13245);
#13245 = CARTESIAN_POINT('',(3.880024,8.152571,1.585));
#13246 = VERTEX_POINT('',#13247);
#13247 = CARTESIAN_POINT('',(3.998558,8.089213,1.585));
#13248 = CIRCLE('',#13249,7.620000000054E-02);
#13249 = AXIS2_PLACEMENT_3D('',#13250,#13251,#13252);
#13250 = CARTESIAN_POINT('',(3.922358,8.08921271369,1.585));
#13251 = DIRECTION('',(0.,0.,-1.));
#13252 = DIRECTION('',(-0.555564304458,0.83147357361,0.));
#13253 = ORIENTED_EDGE('',*,*,#13254,.T.);
#13254 = EDGE_CURVE('',#13246,#13255,#13257,.T.);
#13255 = VERTEX_POINT('',#13256);
#13256 = CARTESIAN_POINT('',(3.997094,7.210747,1.585));
#13257 = LINE('',#13258,#13259);
#13258 = CARTESIAN_POINT('',(3.998558,8.089213,1.585));
#13259 = VECTOR('',#13260,1.);
#13260 = DIRECTION('',(-1.6665391341E-03,-0.999998611323,0.));
#13261 = ORIENTED_EDGE('',*,*,#13262,.T.);
#13262 = EDGE_CURVE('',#13255,#13263,#13265,.T.);
#13263 = VERTEX_POINT('',#13264);
#13264 = CARTESIAN_POINT('',(3.846158,7.225613,1.585));
#13265 = CIRCLE('',#13266,7.620008338867E-02);
#13266 = AXIS2_PLACEMENT_3D('',#13267,#13268,#13269);
#13267 = CARTESIAN_POINT('',(3.922358083389,7.225612916611,1.585));
#13268 = DIRECTION('',(-0.,0.,-1.));
#13269 = DIRECTION('',(0.980785233924,-0.195090555683,-0.));
#13270 = ORIENTED_EDGE('',*,*,#13271,.T.);
#13271 = EDGE_CURVE('',#13263,#13272,#13274,.T.);
#13272 = VERTEX_POINT('',#13273);
#13273 = CARTESIAN_POINT('',(3.847622,8.104079,1.585));
#13274 = LINE('',#13275,#13276);
#13275 = CARTESIAN_POINT('',(3.846158,7.225613,1.585));
#13276 = VECTOR('',#13277,1.);
#13277 = DIRECTION('',(1.6665391341E-03,0.999998611323,0.));
#13278 = ORIENTED_EDGE('',*,*,#13279,.T.);
#13279 = EDGE_CURVE('',#13272,#13280,#13282,.T.);
#13280 = VERTEX_POINT('',#13281);
#13281 = CARTESIAN_POINT('',(3.859,8.131547,1.585));
#13282 = LINE('',#13283,#13284);
#13283 = CARTESIAN_POINT('',(3.847622,8.104079,1.585));
#13284 = VECTOR('',#13285,1.);
#13285 = DIRECTION('',(0.382694395377,0.923874991407,0.));
#13286 = ORIENTED_EDGE('',*,*,#13287,.T.);
#13287 = EDGE_CURVE('',#13280,#13244,#13288,.T.);
#13288 = LINE('',#13289,#13290);
#13289 = CARTESIAN_POINT('',(3.859,8.131547,1.585));
#13290 = VECTOR('',#13291,1.);
#13291 = DIRECTION('',(0.707106781187,0.707106781187,0.));
#13292 = PLANE('',#13293);
#13293 = AXIS2_PLACEMENT_3D('',#13294,#13295,#13296);
#13294 = CARTESIAN_POINT('',(0.,0.,1.585));
#13295 = DIRECTION('',(0.,0.,1.));
#13296 = DIRECTION('',(1.,0.,-0.));
#13297 = SHELL_BASED_SURFACE_MODEL('',(#13298));
#13298 = OPEN_SHELL('',(#13299));
#13299 = ADVANCED_FACE('',(#13300),#13334,.T.);
#13300 = FACE_BOUND('',#13301,.F.);
#13301 = EDGE_LOOP('',(#13302,#13312,#13320,#13328));
#13302 = ORIENTED_EDGE('',*,*,#13303,.T.);
#13303 = EDGE_CURVE('',#13304,#13306,#13308,.T.);
#13304 = VERTEX_POINT('',#13305);
#13305 = CARTESIAN_POINT('',(6.9088,8.0264,1.585));
#13306 = VERTEX_POINT('',#13307);
#13307 = CARTESIAN_POINT('',(6.9088,8.7376,1.585));
#13308 = LINE('',#13309,#13310);
#13309 = CARTESIAN_POINT('',(6.9088,8.0264,1.585));
#13310 = VECTOR('',#13311,1.);
#13311 = DIRECTION('',(0.,1.,0.));
#13312 = ORIENTED_EDGE('',*,*,#13313,.T.);
#13313 = EDGE_CURVE('',#13306,#13314,#13316,.T.);
#13314 = VERTEX_POINT('',#13315);
#13315 = CARTESIAN_POINT('',(7.3152,8.7376,1.585));
#13316 = LINE('',#13317,#13318);
#13317 = CARTESIAN_POINT('',(6.9088,8.7376,1.585));
#13318 = VECTOR('',#13319,1.);
#13319 = DIRECTION('',(1.,0.,0.));
#13320 = ORIENTED_EDGE('',*,*,#13321,.T.);
#13321 = EDGE_CURVE('',#13314,#13322,#13324,.T.);
#13322 = VERTEX_POINT('',#13323);
#13323 = CARTESIAN_POINT('',(7.3152,8.0264,1.585));
#13324 = LINE('',#13325,#13326);
#13325 = CARTESIAN_POINT('',(7.3152,8.7376,1.585));
#13326 = VECTOR('',#13327,1.);
#13327 = DIRECTION('',(0.,-1.,0.));
#13328 = ORIENTED_EDGE('',*,*,#13329,.T.);
#13329 = EDGE_CURVE('',#13322,#13304,#13330,.T.);
#13330 = LINE('',#13331,#13332);
#13331 = CARTESIAN_POINT('',(7.3152,8.0264,1.585));
#13332 = VECTOR('',#13333,1.);
#13333 = DIRECTION('',(-1.,0.,0.));
#13334 = PLANE('',#13335);
#13335 = AXIS2_PLACEMENT_3D('',#13336,#13337,#13338);
#13336 = CARTESIAN_POINT('',(0.,0.,1.585));
#13337 = DIRECTION('',(0.,0.,1.));
#13338 = DIRECTION('',(1.,0.,-0.));
#13339 = SHELL_BASED_SURFACE_MODEL('',(#13340));
#13340 = OPEN_SHELL('',(#13341));
#13341 = ADVANCED_FACE('',(#13342),#13512,.T.);
#13342 = FACE_BOUND('',#13343,.F.);
#13343 = EDGE_LOOP('',(#13344,#13354,#13362,#13370,#13378,#13386,#13394,
    #13402,#13410,#13418,#13426,#13434,#13442,#13450,#13458,#13466,
    #13474,#13482,#13490,#13498,#13506));
#13344 = ORIENTED_EDGE('',*,*,#13345,.T.);
#13345 = EDGE_CURVE('',#13346,#13348,#13350,.T.);
#13346 = VERTEX_POINT('',#13347);
#13347 = CARTESIAN_POINT('',(6.748077,9.458781,1.585));
#13348 = VERTEX_POINT('',#13349);
#13349 = CARTESIAN_POINT('',(6.790097,9.516854,1.585));
#13350 = LINE('',#13351,#13352);
#13351 = CARTESIAN_POINT('',(6.748077,9.458781,1.585));
#13352 = VECTOR('',#13353,1.);
#13353 = DIRECTION('',(0.586209026088,0.810159847026,0.));
#13354 = ORIENTED_EDGE('',*,*,#13355,.T.);
#13355 = EDGE_CURVE('',#13348,#13356,#13358,.T.);
#13356 = VERTEX_POINT('',#13357);
#13357 = CARTESIAN_POINT('',(6.800865,9.516854,1.585));
#13358 = LINE('',#13359,#13360);
#13359 = CARTESIAN_POINT('',(6.790097,9.516854,1.585));
#13360 = VECTOR('',#13361,1.);
#13361 = DIRECTION('',(1.,0.,0.));
#13362 = ORIENTED_EDGE('',*,*,#13363,.T.);
#13363 = EDGE_CURVE('',#13356,#13364,#13366,.T.);
#13364 = VERTEX_POINT('',#13365);
#13365 = CARTESIAN_POINT('',(6.811337,9.508056,1.585));
#13366 = LINE('',#13367,#13368);
#13367 = CARTESIAN_POINT('',(6.800865,9.516854,1.585));
#13368 = VECTOR('',#13369,1.);
#13369 = DIRECTION('',(0.765650129375,-0.643257242002,0.));
#13370 = ORIENTED_EDGE('',*,*,#13371,.T.);
#13371 = EDGE_CURVE('',#13364,#13372,#13374,.T.);
#13372 = VERTEX_POINT('',#13373);
#13373 = CARTESIAN_POINT('',(6.812574,9.144203,1.585));
#13374 = LINE('',#13375,#13376);
#13375 = CARTESIAN_POINT('',(6.811337,9.508056,1.585));
#13376 = VECTOR('',#13377,1.);
#13377 = DIRECTION('',(3.399704967005E-03,-0.999994220986,0.));
#13378 = ORIENTED_EDGE('',*,*,#13379,.T.);
#13379 = EDGE_CURVE('',#13372,#13380,#13382,.T.);
#13380 = VERTEX_POINT('',#13381);
#13381 = CARTESIAN_POINT('',(6.909365,9.142966,1.585));
#13382 = LINE('',#13383,#13384);
#13383 = CARTESIAN_POINT('',(6.812574,9.144203,1.585));
#13384 = VECTOR('',#13385,1.);
#13385 = DIRECTION('',(0.999918344348,-1.277907028502E-02,0.));
#13386 = ORIENTED_EDGE('',*,*,#13387,.T.);
#13387 = EDGE_CURVE('',#13380,#13388,#13390,.T.);
#13388 = VERTEX_POINT('',#13389);
#13389 = CARTESIAN_POINT('',(6.918163,9.134168,1.585));
#13390 = LINE('',#13391,#13392);
#13391 = CARTESIAN_POINT('',(6.909365,9.142966,1.585));
#13392 = VECTOR('',#13393,1.);
#13393 = DIRECTION('',(0.707106781187,-0.707106781187,0.));
#13394 = ORIENTED_EDGE('',*,*,#13395,.T.);
#13395 = EDGE_CURVE('',#13388,#13396,#13398,.T.);
#13396 = VERTEX_POINT('',#13397);
#13397 = CARTESIAN_POINT('',(6.918163,9.121726,1.585));
#13398 = LINE('',#13399,#13400);
#13399 = CARTESIAN_POINT('',(6.918163,9.134168,1.585));
#13400 = VECTOR('',#13401,1.);
#13401 = DIRECTION('',(0.,-1.,0.));
#13402 = ORIENTED_EDGE('',*,*,#13403,.T.);
#13403 = EDGE_CURVE('',#13396,#13404,#13406,.T.);
#13404 = VERTEX_POINT('',#13405);
#13405 = CARTESIAN_POINT('',(6.903144,9.111691,1.585));
#13406 = LINE('',#13407,#13408);
#13407 = CARTESIAN_POINT('',(6.918163,9.121726,1.585));
#13408 = VECTOR('',#13409,1.);
#13409 = DIRECTION('',(-0.831479201415,-0.55555588163,0.));
#13410 = ORIENTED_EDGE('',*,*,#13411,.T.);
#13411 = EDGE_CURVE('',#13404,#13412,#13414,.T.);
#13412 = VERTEX_POINT('',#13413);
#13413 = CARTESIAN_POINT('',(6.683272,9.112928,1.585));
#13414 = LINE('',#13415,#13416);
#13415 = CARTESIAN_POINT('',(6.903144,9.111691,1.585));
#13416 = VECTOR('',#13417,1.);
#13417 = DIRECTION('',(-0.999984174434,5.625911547514E-03,0.));
#13418 = ORIENTED_EDGE('',*,*,#13419,.T.);
#13419 = EDGE_CURVE('',#13412,#13420,#13422,.T.);
#13420 = VERTEX_POINT('',#13421);
#13421 = CARTESIAN_POINT('',(6.674474,9.121726,1.585));
#13422 = LINE('',#13423,#13424);
#13423 = CARTESIAN_POINT('',(6.683272,9.112928,1.585));
#13424 = VECTOR('',#13425,1.);
#13425 = DIRECTION('',(-0.707106781187,0.707106781187,0.));
#13426 = ORIENTED_EDGE('',*,*,#13427,.T.);
#13427 = EDGE_CURVE('',#13420,#13428,#13430,.T.);
#13428 = VERTEX_POINT('',#13429);
#13429 = CARTESIAN_POINT('',(6.674474,9.134168,1.585));
#13430 = LINE('',#13431,#13432);
#13431 = CARTESIAN_POINT('',(6.674474,9.121726,1.585));
#13432 = VECTOR('',#13433,1.);
#13433 = DIRECTION('',(0.,1.,0.));
#13434 = ORIENTED_EDGE('',*,*,#13435,.T.);
#13435 = EDGE_CURVE('',#13428,#13436,#13438,.T.);
#13436 = VERTEX_POINT('',#13437);
#13437 = CARTESIAN_POINT('',(6.689493,9.144203,1.585));
#13438 = LINE('',#13439,#13440);
#13439 = CARTESIAN_POINT('',(6.674474,9.134168,1.585));
#13440 = VECTOR('',#13441,1.);
#13441 = DIRECTION('',(0.831479201415,0.55555588163,0.));
#13442 = ORIENTED_EDGE('',*,*,#13443,.T.);
#13443 = EDGE_CURVE('',#13436,#13444,#13446,.T.);
#13444 = VERTEX_POINT('',#13445);
#13445 = CARTESIAN_POINT('',(6.780062,9.144203,1.585));
#13446 = LINE('',#13447,#13448);
#13447 = CARTESIAN_POINT('',(6.689493,9.144203,1.585));
#13448 = VECTOR('',#13449,1.);
#13449 = DIRECTION('',(1.,0.,0.));
#13450 = ORIENTED_EDGE('',*,*,#13451,.T.);
#13451 = EDGE_CURVE('',#13444,#13452,#13454,.T.);
#13452 = VERTEX_POINT('',#13453);
#13453 = CARTESIAN_POINT('',(6.780062,9.448145,1.585));
#13454 = LINE('',#13455,#13456);
#13455 = CARTESIAN_POINT('',(6.780062,9.144203,1.585));
#13456 = VECTOR('',#13457,1.);
#13457 = DIRECTION('',(0.,1.,0.));
#13458 = ORIENTED_EDGE('',*,*,#13459,.T.);
#13459 = EDGE_CURVE('',#13452,#13460,#13462,.T.);
#13460 = VERTEX_POINT('',#13461);
#13461 = CARTESIAN_POINT('',(6.732372,9.398274,1.585));
#13462 = LINE('',#13463,#13464);
#13463 = CARTESIAN_POINT('',(6.780062,9.448145,1.585));
#13464 = VECTOR('',#13465,1.);
#13465 = DIRECTION('',(-0.691126560188,-0.722733753054,0.));
#13466 = ORIENTED_EDGE('',*,*,#13467,.T.);
#13467 = EDGE_CURVE('',#13460,#13468,#13470,.T.);
#13468 = VERTEX_POINT('',#13469);
#13469 = CARTESIAN_POINT('',(6.690645,9.378794,1.585));
#13470 = LINE('',#13471,#13472);
#13471 = CARTESIAN_POINT('',(6.732372,9.398274,1.585));
#13472 = VECTOR('',#13473,1.);
#13473 = DIRECTION('',(-0.906121550378,-0.423017418011,0.));
#13474 = ORIENTED_EDGE('',*,*,#13475,.T.);
#13475 = EDGE_CURVE('',#13468,#13476,#13478,.T.);
#13476 = VERTEX_POINT('',#13477);
#13477 = CARTESIAN_POINT('',(6.678842,9.382729,1.585));
#13478 = LINE('',#13479,#13480);
#13479 = CARTESIAN_POINT('',(6.690645,9.378794,1.585));
#13480 = VECTOR('',#13481,1.);
#13481 = DIRECTION('',(-0.948667221806,0.316275990664,0.));
#13482 = ORIENTED_EDGE('',*,*,#13483,.T.);
#13483 = EDGE_CURVE('',#13476,#13484,#13486,.T.);
#13484 = VERTEX_POINT('',#13485);
#13485 = CARTESIAN_POINT('',(6.673277,9.393858,1.585));
#13486 = LINE('',#13487,#13488);
#13487 = CARTESIAN_POINT('',(6.678842,9.382729,1.585));
#13488 = VECTOR('',#13489,1.);
#13489 = DIRECTION('',(-0.447245742255,0.8944111169,0.));
#13490 = ORIENTED_EDGE('',*,*,#13491,.T.);
#13491 = EDGE_CURVE('',#13484,#13492,#13494,.T.);
#13492 = VERTEX_POINT('',#13493);
#13493 = CARTESIAN_POINT('',(6.682223,9.40955,1.585));
#13494 = LINE('',#13495,#13496);
#13495 = CARTESIAN_POINT('',(6.673277,9.393858,1.585));
#13496 = VECTOR('',#13497,1.);
#13497 = DIRECTION('',(0.495268228427,0.868740111835,0.));
#13498 = ORIENTED_EDGE('',*,*,#13499,.T.);
#13499 = EDGE_CURVE('',#13492,#13500,#13502,.T.);
#13500 = VERTEX_POINT('',#13501);
#13501 = CARTESIAN_POINT('',(6.715471,9.426175,1.585));
#13502 = LINE('',#13503,#13504);
#13503 = CARTESIAN_POINT('',(6.682223,9.40955,1.585));
#13504 = VECTOR('',#13505,1.);
#13505 = DIRECTION('',(0.894416430197,0.447235116459,0.));
#13506 = ORIENTED_EDGE('',*,*,#13507,.T.);
#13507 = EDGE_CURVE('',#13500,#13346,#13508,.T.);
#13508 = LINE('',#13509,#13510);
#13509 = CARTESIAN_POINT('',(6.715471,9.426175,1.585));
#13510 = VECTOR('',#13511,1.);
#13511 = DIRECTION('',(0.707106781187,0.707106781187,0.));
#13512 = PLANE('',#13513);
#13513 = AXIS2_PLACEMENT_3D('',#13514,#13515,#13516);
#13514 = CARTESIAN_POINT('',(0.,0.,1.585));
#13515 = DIRECTION('',(0.,0.,1.));
#13516 = DIRECTION('',(1.,0.,-0.));
#13517 = SHELL_BASED_SURFACE_MODEL('',(#13518));
#13518 = OPEN_SHELL('',(#13519));
#13519 = ADVANCED_FACE('',(#13520,#13660),#13719,.T.);
#13520 = FACE_BOUND('',#13521,.F.);
#13521 = EDGE_LOOP('',(#13522,#13532,#13540,#13548,#13557,#13565,#13574,
    #13582,#13590,#13598,#13606,#13614,#13622,#13630,#13638,#13646,
    #13654));
#13522 = ORIENTED_EDGE('',*,*,#13523,.T.);
#13523 = EDGE_CURVE('',#13524,#13526,#13528,.T.);
#13524 = VERTEX_POINT('',#13525);
#13525 = CARTESIAN_POINT('',(6.317153,9.127947,1.585));
#13526 = VERTEX_POINT('',#13527);
#13527 = CARTESIAN_POINT('',(6.31839,9.508056,1.585));
#13528 = LINE('',#13529,#13530);
#13529 = CARTESIAN_POINT('',(6.317153,9.127947,1.585));
#13530 = VECTOR('',#13531,1.);
#13531 = DIRECTION('',(3.254312446502E-03,0.999994704711,0.));
#13532 = ORIENTED_EDGE('',*,*,#13533,.T.);
#13533 = EDGE_CURVE('',#13526,#13534,#13536,.T.);
#13534 = VERTEX_POINT('',#13535);
#13535 = CARTESIAN_POINT('',(6.333409,9.518091,1.585));
#13536 = LINE('',#13537,#13538);
#13537 = CARTESIAN_POINT('',(6.31839,9.508056,1.585));
#13538 = VECTOR('',#13539,1.);
#13539 = DIRECTION('',(0.831479201415,0.55555588163,0.));
#13540 = ORIENTED_EDGE('',*,*,#13541,.T.);
#13541 = EDGE_CURVE('',#13534,#13542,#13544,.T.);
#13542 = VERTEX_POINT('',#13543);
#13543 = CARTESIAN_POINT('',(6.476639,9.517933,1.585));
#13544 = LINE('',#13545,#13546);
#13545 = CARTESIAN_POINT('',(6.333409,9.518091,1.585));
#13546 = VECTOR('',#13547,1.);
#13547 = DIRECTION('',(0.999999391563,-1.103120183395E-03,0.));
#13548 = ORIENTED_EDGE('',*,*,#13549,.T.);
#13549 = EDGE_CURVE('',#13542,#13550,#13552,.T.);
#13550 = VERTEX_POINT('',#13551);
#13551 = CARTESIAN_POINT('',(6.563316,9.430619,1.585));
#13552 = CIRCLE('',#13553,0.11513036106);
#13553 = AXIS2_PLACEMENT_3D('',#13554,#13555,#13556);
#13554 = CARTESIAN_POINT('',(6.450911634928,9.405714005511,1.585));
#13555 = DIRECTION('',(0.,0.,-1.));
#13556 = DIRECTION('',(0.22346290618,0.974712434291,0.));
#13557 = ORIENTED_EDGE('',*,*,#13558,.T.);
#13558 = EDGE_CURVE('',#13550,#13559,#13561,.T.);
#13559 = VERTEX_POINT('',#13560);
#13560 = CARTESIAN_POINT('',(6.5616,9.369936,1.585));
#13561 = LINE('',#13562,#13563);
#13562 = CARTESIAN_POINT('',(6.563316,9.430619,1.585));
#13563 = VECTOR('',#13564,1.);
#13564 = DIRECTION('',(-2.826680142139E-02,-0.999600414134,0.));
#13565 = ORIENTED_EDGE('',*,*,#13566,.T.);
#13566 = EDGE_CURVE('',#13559,#13567,#13569,.T.);
#13567 = VERTEX_POINT('',#13568);
#13568 = CARTESIAN_POINT('',(6.475843,9.289733,1.585));
#13569 = CIRCLE('',#13570,0.115700131688);
#13570 = AXIS2_PLACEMENT_3D('',#13571,#13572,#13573);
#13571 = CARTESIAN_POINT('',(6.450621285502,9.402650605316,1.585));
#13572 = DIRECTION('',(0.,0.,-1.));
#13573 = DIRECTION('',(0.959192637716,-0.282753397417,0.));
#13574 = ORIENTED_EDGE('',*,*,#13575,.T.);
#13575 = EDGE_CURVE('',#13567,#13576,#13578,.T.);
#13576 = VERTEX_POINT('',#13577);
#13577 = CARTESIAN_POINT('',(6.453652,9.289733,1.585));
#13578 = LINE('',#13579,#13580);
#13579 = CARTESIAN_POINT('',(6.475843,9.289733,1.585));
#13580 = VECTOR('',#13581,1.);
#13581 = DIRECTION('',(-1.,0.,0.));
#13582 = ORIENTED_EDGE('',*,*,#13583,.T.);
#13583 = EDGE_CURVE('',#13576,#13584,#13586,.T.);
#13584 = VERTEX_POINT('',#13585);
#13585 = CARTESIAN_POINT('',(6.562931,9.131464,1.585));
#13586 = LINE('',#13587,#13588);
#13587 = CARTESIAN_POINT('',(6.453652,9.289733,1.585));
#13588 = VECTOR('',#13589,1.);
#13589 = DIRECTION('',(0.568183759265,-0.822901704766,0.));
#13590 = ORIENTED_EDGE('',*,*,#13591,.T.);
#13591 = EDGE_CURVE('',#13584,#13592,#13594,.T.);
#13592 = VERTEX_POINT('',#13593);
#13593 = CARTESIAN_POINT('',(6.560769,9.119211,1.585));
#13594 = LINE('',#13595,#13596);
#13595 = CARTESIAN_POINT('',(6.562931,9.131464,1.585));
#13596 = VECTOR('',#13597,1.);
#13597 = DIRECTION('',(-0.173762409207,-0.984787604078,0.));
#13598 = ORIENTED_EDGE('',*,*,#13599,.T.);
#13599 = EDGE_CURVE('',#13592,#13600,#13602,.T.);
#13600 = VERTEX_POINT('',#13601);
#13601 = CARTESIAN_POINT('',(6.550576,9.112076,1.585));
#13602 = LINE('',#13603,#13604);
#13603 = CARTESIAN_POINT('',(6.560769,9.119211,1.585));
#13604 = VECTOR('',#13605,1.);
#13605 = DIRECTION('',(-0.819235696385,-0.573456950231,0.));
#13606 = ORIENTED_EDGE('',*,*,#13607,.T.);
#13607 = EDGE_CURVE('',#13600,#13608,#13610,.T.);
#13608 = VERTEX_POINT('',#13609);
#13609 = CARTESIAN_POINT('',(6.533742,9.118625,1.585));
#13610 = LINE('',#13611,#13612);
#13611 = CARTESIAN_POINT('',(6.550576,9.112076,1.585));
#13612 = VECTOR('',#13613,1.);
#13613 = DIRECTION('',(-0.931958949905,0.362563809132,0.));
#13614 = ORIENTED_EDGE('',*,*,#13615,.T.);
#13615 = EDGE_CURVE('',#13608,#13616,#13618,.T.);
#13616 = VERTEX_POINT('',#13617);
#13617 = CARTESIAN_POINT('',(6.413967,9.289733,1.585));
#13618 = LINE('',#13619,#13620);
#13619 = CARTESIAN_POINT('',(6.533742,9.118625,1.585));
#13620 = VECTOR('',#13621,1.);
#13621 = DIRECTION('',(-0.573460416383,0.819233270102,0.));
#13622 = ORIENTED_EDGE('',*,*,#13623,.T.);
#13623 = EDGE_CURVE('',#13616,#13624,#13626,.T.);
#13624 = VERTEX_POINT('',#13625);
#13625 = CARTESIAN_POINT('',(6.349665,9.289733,1.585));
#13626 = LINE('',#13627,#13628);
#13627 = CARTESIAN_POINT('',(6.413967,9.289733,1.585));
#13628 = VECTOR('',#13629,1.);
#13629 = DIRECTION('',(-1.,0.,0.));
#13630 = ORIENTED_EDGE('',*,*,#13631,.T.);
#13631 = EDGE_CURVE('',#13624,#13632,#13634,.T.);
#13632 = VERTEX_POINT('',#13633);
#13633 = CARTESIAN_POINT('',(6.348428,9.121726,1.585));
#13634 = LINE('',#13635,#13636);
#13635 = CARTESIAN_POINT('',(6.349665,9.289733,1.585));
#13636 = VECTOR('',#13637,1.);
#13637 = DIRECTION('',(-7.362588892567E-03,-0.999972895775,0.));
#13638 = ORIENTED_EDGE('',*,*,#13639,.T.);
#13639 = EDGE_CURVE('',#13632,#13640,#13642,.T.);
#13640 = VERTEX_POINT('',#13641);
#13641 = CARTESIAN_POINT('',(6.33963,9.112928,1.585));
#13642 = LINE('',#13643,#13644);
#13643 = CARTESIAN_POINT('',(6.348428,9.121726,1.585));
#13644 = VECTOR('',#13645,1.);
#13645 = DIRECTION('',(-0.707106781187,-0.707106781187,0.));
#13646 = ORIENTED_EDGE('',*,*,#13647,.T.);
#13647 = EDGE_CURVE('',#13640,#13648,#13650,.T.);
#13648 = VERTEX_POINT('',#13649);
#13649 = CARTESIAN_POINT('',(6.327188,9.112928,1.585));
#13650 = LINE('',#13651,#13652);
#13651 = CARTESIAN_POINT('',(6.33963,9.112928,1.585));
#13652 = VECTOR('',#13653,1.);
#13653 = DIRECTION('',(-1.,0.,0.));
#13654 = ORIENTED_EDGE('',*,*,#13655,.T.);
#13655 = EDGE_CURVE('',#13648,#13524,#13656,.T.);
#13656 = LINE('',#13657,#13658);
#13657 = CARTESIAN_POINT('',(6.327188,9.112928,1.585));
#13658 = VECTOR('',#13659,1.);
#13659 = DIRECTION('',(-0.55555588163,0.831479201415,0.));
#13660 = FACE_BOUND('',#13661,.F.);
#13661 = EDGE_LOOP('',(#13662,#13672,#13680,#13688,#13696,#13705,#13713)
  );
#13662 = ORIENTED_EDGE('',*,*,#13663,.T.);
#13663 = EDGE_CURVE('',#13664,#13666,#13668,.T.);
#13664 = VERTEX_POINT('',#13665);
#13665 = CARTESIAN_POINT('',(6.501823,9.47067,1.585));
#13666 = VERTEX_POINT('',#13667);
#13667 = CARTESIAN_POINT('',(6.472005,9.485579,1.585));
#13668 = LINE('',#13669,#13670);
#13669 = CARTESIAN_POINT('',(6.501823,9.47067,1.585));
#13670 = VECTOR('',#13671,1.);
#13671 = DIRECTION('',(-0.894427191,0.4472135955,0.));
#13672 = ORIENTED_EDGE('',*,*,#13673,.T.);
#13673 = EDGE_CURVE('',#13666,#13674,#13676,.T.);
#13674 = VERTEX_POINT('',#13675);
#13675 = CARTESIAN_POINT('',(6.349665,9.485579,1.585));
#13676 = LINE('',#13677,#13678);
#13677 = CARTESIAN_POINT('',(6.472005,9.485579,1.585));
#13678 = VECTOR('',#13679,1.);
#13679 = DIRECTION('',(-1.,0.,0.));
#13680 = ORIENTED_EDGE('',*,*,#13681,.T.);
#13681 = EDGE_CURVE('',#13674,#13682,#13684,.T.);
#13682 = VERTEX_POINT('',#13683);
#13683 = CARTESIAN_POINT('',(6.349665,9.322245,1.585));
#13684 = LINE('',#13685,#13686);
#13685 = CARTESIAN_POINT('',(6.349665,9.485579,1.585));
#13686 = VECTOR('',#13687,1.);
#13687 = DIRECTION('',(0.,-1.,0.));
#13688 = ORIENTED_EDGE('',*,*,#13689,.T.);
#13689 = EDGE_CURVE('',#13682,#13690,#13692,.T.);
#13690 = VERTEX_POINT('',#13691);
#13691 = CARTESIAN_POINT('',(6.472005,9.322245,1.585));
#13692 = LINE('',#13693,#13694);
#13693 = CARTESIAN_POINT('',(6.349665,9.322245,1.585));
#13694 = VECTOR('',#13695,1.);
#13695 = DIRECTION('',(1.,0.,0.));
#13696 = ORIENTED_EDGE('',*,*,#13697,.T.);
#13697 = EDGE_CURVE('',#13690,#13698,#13700,.T.);
#13698 = VERTEX_POINT('',#13699);
#13699 = CARTESIAN_POINT('',(6.530804,9.426781,1.585));
#13700 = CIRCLE('',#13701,8.422371687461E-02);
#13701 = AXIS2_PLACEMENT_3D('',#13702,#13703,#13704);
#13702 = CARTESIAN_POINT('',(6.449860319018,9.403505369113,1.585));
#13703 = DIRECTION('',(0.,0.,1.));
#13704 = DIRECTION('',(0.262926902352,-0.964815756515,0.));
#13705 = ORIENTED_EDGE('',*,*,#13706,.T.);
#13706 = EDGE_CURVE('',#13698,#13707,#13709,.T.);
#13707 = VERTEX_POINT('',#13708);
#13708 = CARTESIAN_POINT('',(6.515896,9.456597,1.585));
#13709 = LINE('',#13710,#13711);
#13710 = CARTESIAN_POINT('',(6.530804,9.426781,1.585));
#13711 = VECTOR('',#13712,1.);
#13712 = DIRECTION('',(-0.4472135955,0.894427191,0.));
#13713 = ORIENTED_EDGE('',*,*,#13714,.T.);
#13714 = EDGE_CURVE('',#13707,#13664,#13715,.T.);
#13715 = LINE('',#13716,#13717);
#13716 = CARTESIAN_POINT('',(6.515896,9.456597,1.585));
#13717 = VECTOR('',#13718,1.);
#13718 = DIRECTION('',(-0.707106781187,0.707106781187,0.));
#13719 = PLANE('',#13720);
#13720 = AXIS2_PLACEMENT_3D('',#13721,#13722,#13723);
#13721 = CARTESIAN_POINT('',(0.,0.,1.585));
#13722 = DIRECTION('',(0.,0.,1.));
#13723 = DIRECTION('',(1.,0.,-0.));
#13724 = ( GEOMETRIC_REPRESENTATION_CONTEXT(3) 
GLOBAL_UNCERTAINTY_ASSIGNED_CONTEXT((#13728)) 
GLOBAL_UNIT_ASSIGNED_CONTEXT((#13725,#13726,#13727)) 
REPRESENTATION_CONTEXT('Context #1',
  '3D Context with UNIT and UNCERTAINTY') );
#13725 = ( LENGTH_UNIT() NAMED_UNIT(*) SI_UNIT(.MILLI.,.METRE.) );
#13726 = ( NAMED_UNIT(*) PLANE_ANGLE_UNIT() SI_UNIT($,.RADIAN.) );
#13727 = ( NAMED_UNIT(*) SI_UNIT($,.STERADIAN.) SOLID_ANGLE_UNIT() );
#13728 = UNCERTAINTY_MEASURE_WITH_UNIT(LENGTH_MEASURE(1.E-07),#13725,
  'distance_accuracy_value','confusion accuracy');
#13729 = CONTEXT_DEPENDENT_SHAPE_REPRESENTATION(#13730,#13732);
#13730 = ( REPRESENTATION_RELATIONSHIP('','',#9348,#10) 
REPRESENTATION_RELATIONSHIP_WITH_TRANSFORMATION(#13731) 
SHAPE_REPRESENTATION_RELATIONSHIP() );
#13731 = ITEM_DEFINED_TRANSFORMATION('','',#11,#23);
#13732 = PRODUCT_DEFINITION_SHAPE('Placement','Placement of an item',
  #13733);
#13733 = NEXT_ASSEMBLY_USAGE_OCCURRENCE('3','=>[0:1:1:4]','',#5,#9343,$
  );
#13734 = PRODUCT_RELATED_PRODUCT_CATEGORY('part',$,(#9345));
#13735 = SHAPE_DEFINITION_REPRESENTATION(#13736,#13742);
#13736 = PRODUCT_DEFINITION_SHAPE('','',#13737);
#13737 = PRODUCT_DEFINITION('design','',#13738,#13741);
#13738 = PRODUCT_DEFINITION_FORMATION('','',#13739);
#13739 = PRODUCT('Spa2117_silkscreen','Spa2117_silkscreen','',(#13740));
#13740 = PRODUCT_CONTEXT('',#2,'mechanical');
#13741 = PRODUCT_DEFINITION_CONTEXT('part definition',#2,'design');
#13742 = MANIFOLD_SURFACE_SHAPE_REPRESENTATION('',(#11,#13743),#14233);
#13743 = SHELL_BASED_SURFACE_MODEL('',(#13744));
#13744 = OPEN_SHELL('',(#13745));
#13745 = ADVANCED_FACE('',(#13746),#14228,.T.);
#13746 = FACE_BOUND('',#13747,.T.);
#13747 = EDGE_LOOP('',(#13748,#13758,#13766,#13774,#13782,#13790,#13798,
    #13806,#13814,#13822,#13830,#13838,#13846,#13854,#13862,#13870,
    #13878,#13886,#13894,#13902,#13910,#13918,#13926,#13934,#13942,
    #13950,#13958,#13966,#13974,#13982,#13990,#13998,#14006,#14014,
    #14022,#14030,#14038,#14046,#14054,#14062,#14070,#14078,#14086,
    #14094,#14102,#14110,#14118,#14126,#14134,#14142,#14150,#14158,
    #14166,#14174,#14182,#14190,#14198,#14206,#14214,#14222));
#13748 = ORIENTED_EDGE('',*,*,#13749,.T.);
#13749 = EDGE_CURVE('',#13750,#13752,#13754,.T.);
#13750 = VERTEX_POINT('',#13751);
#13751 = CARTESIAN_POINT('',(4.880551,6.341829,-7.5E-02));
#13752 = VERTEX_POINT('',#13753);
#13753 = CARTESIAN_POINT('',(4.969998,6.364203,-7.5E-02));
#13754 = LINE('',#13755,#13756);
#13755 = CARTESIAN_POINT('',(4.880551,6.341829,-7.5E-02));
#13756 = VECTOR('',#13757,1.);
#13757 = DIRECTION('',(0.970111231083,0.242660667035,0.));
#13758 = ORIENTED_EDGE('',*,*,#13759,.T.);
#13759 = EDGE_CURVE('',#13752,#13760,#13762,.T.);
#13760 = VERTEX_POINT('',#13761);
#13761 = CARTESIAN_POINT('',(5.063324,6.373064,-7.5E-02));
#13762 = LINE('',#13763,#13764);
#13763 = CARTESIAN_POINT('',(4.969998,6.364203,-7.5E-02));
#13764 = VECTOR('',#13765,1.);
#13765 = DIRECTION('',(0.99552280613,9.45216508274E-02,0.));
#13766 = ORIENTED_EDGE('',*,*,#13767,.T.);
#13767 = EDGE_CURVE('',#13760,#13768,#13770,.T.);
#13768 = VERTEX_POINT('',#13769);
#13769 = CARTESIAN_POINT('',(5.317099,6.30312,-7.5E-02));
#13770 = LINE('',#13771,#13772);
#13771 = CARTESIAN_POINT('',(5.063324,6.373064,-7.5E-02));
#13772 = VECTOR('',#13773,1.);
#13773 = DIRECTION('',(0.964053844412,-0.265706953378,0.));
#13774 = ORIENTED_EDGE('',*,*,#13775,.T.);
#13775 = EDGE_CURVE('',#13768,#13776,#13778,.T.);
#13776 = VERTEX_POINT('',#13777);
#13777 = CARTESIAN_POINT('',(5.468505,6.177556,-7.5E-02));
#13778 = LINE('',#13779,#13780);
#13779 = CARTESIAN_POINT('',(5.317099,6.30312,-7.5E-02));
#13780 = VECTOR('',#13781,1.);
#13781 = DIRECTION('',(0.76973846295,-0.638359380486,0.));
#13782 = ORIENTED_EDGE('',*,*,#13783,.T.);
#13783 = EDGE_CURVE('',#13776,#13784,#13786,.T.);
#13784 = VERTEX_POINT('',#13785);
#13785 = CARTESIAN_POINT('',(5.534333,6.066855,-7.5E-02));
#13786 = LINE('',#13787,#13788);
#13787 = CARTESIAN_POINT('',(5.468505,6.177556,-7.5E-02));
#13788 = VECTOR('',#13789,1.);
#13789 = DIRECTION('',(0.511108569914,-0.859516160267,0.));
#13790 = ORIENTED_EDGE('',*,*,#13791,.T.);
#13791 = EDGE_CURVE('',#13784,#13792,#13794,.T.);
#13792 = VERTEX_POINT('',#13793);
#13793 = CARTESIAN_POINT('',(5.511293,5.819237,-7.5E-02));
#13794 = LINE('',#13795,#13796);
#13795 = CARTESIAN_POINT('',(5.534333,6.066855,-7.5E-02));
#13796 = VECTOR('',#13797,1.);
#13797 = DIRECTION('',(-9.264636145764E-02,-0.995699076885,0.));
#13798 = ORIENTED_EDGE('',*,*,#13799,.T.);
#13799 = EDGE_CURVE('',#13792,#13800,#13802,.T.);
#13800 = VERTEX_POINT('',#13801);
#13801 = CARTESIAN_POINT('',(5.245089,5.486406,-7.5E-02));
#13802 = LINE('',#13803,#13804);
#13803 = CARTESIAN_POINT('',(5.511293,5.819237,-7.5E-02));
#13804 = VECTOR('',#13805,1.);
#13805 = DIRECTION('',(-0.624608057002,-0.780938393939,0.));
#13806 = ORIENTED_EDGE('',*,*,#13807,.T.);
#13807 = EDGE_CURVE('',#13800,#13808,#13810,.T.);
#13808 = VERTEX_POINT('',#13809);
#13809 = CARTESIAN_POINT('',(5.188294,5.404843,-7.5E-02));
#13810 = LINE('',#13811,#13812);
#13811 = CARTESIAN_POINT('',(5.245089,5.486406,-7.5E-02));
#13812 = VECTOR('',#13813,1.);
#13813 = DIRECTION('',(-0.571440880733,-0.820643235412,0.));
#13814 = ORIENTED_EDGE('',*,*,#13815,.T.);
#13815 = EDGE_CURVE('',#13808,#13816,#13818,.T.);
#13816 = VERTEX_POINT('',#13817);
#13817 = CARTESIAN_POINT('',(5.17397,5.310659,-7.5E-02));
#13818 = LINE('',#13819,#13820);
#13819 = CARTESIAN_POINT('',(5.188294,5.404843,-7.5E-02));
#13820 = VECTOR('',#13821,1.);
#13821 = DIRECTION('',(-0.150356354061,-0.988631866163,0.));
#13822 = ORIENTED_EDGE('',*,*,#13823,.T.);
#13823 = EDGE_CURVE('',#13816,#13824,#13826,.T.);
#13824 = VERTEX_POINT('',#13825);
#13825 = CARTESIAN_POINT('',(5.271781,5.145656,-7.5E-02));
#13826 = LINE('',#13827,#13828);
#13827 = CARTESIAN_POINT('',(5.17397,5.310659,-7.5E-02));
#13828 = VECTOR('',#13829,1.);
#13829 = DIRECTION('',(0.509923710911,-0.86021962838,0.));
#13830 = ORIENTED_EDGE('',*,*,#13831,.T.);
#13831 = EDGE_CURVE('',#13824,#13832,#13834,.T.);
#13832 = VERTEX_POINT('',#13833);
#13833 = CARTESIAN_POINT('',(5.353232,5.106084,-7.5E-02));
#13834 = LINE('',#13835,#13836);
#13835 = CARTESIAN_POINT('',(5.271781,5.145656,-7.5E-02));
#13836 = VECTOR('',#13837,1.);
#13837 = DIRECTION('',(0.899464383179,-0.436994077067,0.));
#13838 = ORIENTED_EDGE('',*,*,#13839,.T.);
#13839 = EDGE_CURVE('',#13832,#13840,#13842,.T.);
#13840 = VERTEX_POINT('',#13841);
#13841 = CARTESIAN_POINT('',(5.443772,5.087742,-7.5E-02));
#13842 = LINE('',#13843,#13844);
#13843 = CARTESIAN_POINT('',(5.353232,5.106084,-7.5E-02));
#13844 = VECTOR('',#13845,1.);
#13845 = DIRECTION('',(0.980090528312,-0.198551142813,0.));
#13846 = ORIENTED_EDGE('',*,*,#13847,.T.);
#13847 = EDGE_CURVE('',#13840,#13848,#13850,.T.);
#13848 = VERTEX_POINT('',#13849);
#13849 = CARTESIAN_POINT('',(5.549465,5.09955,-7.5E-02));
#13850 = LINE('',#13851,#13852);
#13851 = CARTESIAN_POINT('',(5.443772,5.087742,-7.5E-02));
#13852 = VECTOR('',#13853,1.);
#13853 = DIRECTION('',(0.993817161637,0.111029046811,0.));
#13854 = ORIENTED_EDGE('',*,*,#13855,.T.);
#13855 = EDGE_CURVE('',#13848,#13856,#13858,.T.);
#13856 = VERTEX_POINT('',#13857);
#13857 = CARTESIAN_POINT('',(5.643658,5.148685,-7.5E-02));
#13858 = LINE('',#13859,#13860);
#13859 = CARTESIAN_POINT('',(5.549465,5.09955,-7.5E-02));
#13860 = VECTOR('',#13861,1.);
#13861 = DIRECTION('',(0.88662025697,0.462498129651,0.));
#13862 = ORIENTED_EDGE('',*,*,#13863,.T.);
#13863 = EDGE_CURVE('',#13856,#13864,#13866,.T.);
#13864 = VERTEX_POINT('',#13865);
#13865 = CARTESIAN_POINT('',(5.674596,5.181174,-7.5E-02));
#13866 = LINE('',#13867,#13868);
#13867 = CARTESIAN_POINT('',(5.643658,5.148685,-7.5E-02));
#13868 = VECTOR('',#13869,1.);
#13869 = DIRECTION('',(0.689609530778,0.724181396517,0.));
#13870 = ORIENTED_EDGE('',*,*,#13871,.T.);
#13871 = EDGE_CURVE('',#13864,#13872,#13874,.T.);
#13872 = VERTEX_POINT('',#13873);
#13873 = CARTESIAN_POINT('',(5.695096,5.221228,-7.5E-02));
#13874 = LINE('',#13875,#13876);
#13875 = CARTESIAN_POINT('',(5.674596,5.181174,-7.5E-02));
#13876 = VECTOR('',#13877,1.);
#13877 = DIRECTION('',(0.455603602783,0.890182766139,0.));
#13878 = ORIENTED_EDGE('',*,*,#13879,.T.);
#13879 = EDGE_CURVE('',#13872,#13880,#13882,.T.);
#13880 = VERTEX_POINT('',#13881);
#13881 = CARTESIAN_POINT('',(5.705606,5.2845,-7.5E-02));
#13882 = LINE('',#13883,#13884);
#13883 = CARTESIAN_POINT('',(5.695096,5.221228,-7.5E-02));
#13884 = VECTOR('',#13885,1.);
#13885 = DIRECTION('',(0.163862964651,0.986483111267,0.));
#13886 = ORIENTED_EDGE('',*,*,#13887,.T.);
#13887 = EDGE_CURVE('',#13880,#13888,#13890,.T.);
#13888 = VERTEX_POINT('',#13889);
#13889 = CARTESIAN_POINT('',(5.695279,5.34667,-7.5E-02));
#13890 = LINE('',#13891,#13892);
#13891 = CARTESIAN_POINT('',(5.705606,5.2845,-7.5E-02));
#13892 = VECTOR('',#13893,1.);
#13893 = DIRECTION('',(-0.163863756345,0.98648297976,0.));
#13894 = ORIENTED_EDGE('',*,*,#13895,.T.);
#13895 = EDGE_CURVE('',#13888,#13896,#13898,.T.);
#13896 = VERTEX_POINT('',#13897);
#13897 = CARTESIAN_POINT('',(5.675481,5.373153,-7.5E-02));
#13898 = LINE('',#13899,#13900);
#13899 = CARTESIAN_POINT('',(5.695279,5.34667,-7.5E-02));
#13900 = VECTOR('',#13901,1.);
#13901 = DIRECTION('',(-0.598755673012,0.800931734941,0.));
#13902 = ORIENTED_EDGE('',*,*,#13903,.T.);
#13903 = EDGE_CURVE('',#13896,#13904,#13906,.T.);
#13904 = VERTEX_POINT('',#13905);
#13905 = CARTESIAN_POINT('',(5.594216,5.432141,-7.5E-02));
#13906 = LINE('',#13907,#13908);
#13907 = CARTESIAN_POINT('',(5.675481,5.373153,-7.5E-02));
#13908 = VECTOR('',#13909,1.);
#13909 = DIRECTION('',(-0.809274901362,0.587430109907,0.));
#13910 = ORIENTED_EDGE('',*,*,#13911,.T.);
#13911 = EDGE_CURVE('',#13904,#13912,#13914,.T.);
#13912 = VERTEX_POINT('',#13913);
#13913 = CARTESIAN_POINT('',(5.573785,5.441242,-7.5E-02));
#13914 = LINE('',#13915,#13916);
#13915 = CARTESIAN_POINT('',(5.594216,5.432141,-7.5E-02));
#13916 = VECTOR('',#13917,1.);
#13917 = DIRECTION('',(-0.913470139713,0.406905767781,0.));
#13918 = ORIENTED_EDGE('',*,*,#13919,.T.);
#13919 = EDGE_CURVE('',#13912,#13920,#13922,.T.);
#13920 = VERTEX_POINT('',#13921);
#13921 = CARTESIAN_POINT('',(5.538212,5.440433,-7.5E-02));
#13922 = LINE('',#13923,#13924);
#13923 = CARTESIAN_POINT('',(5.573785,5.441242,-7.5E-02));
#13924 = VECTOR('',#13925,1.);
#13925 = DIRECTION('',(-0.99974150173,-2.273608846316E-02,0.));
#13926 = ORIENTED_EDGE('',*,*,#13927,.T.);
#13927 = EDGE_CURVE('',#13920,#13928,#13930,.T.);
#13928 = VERTEX_POINT('',#13929);
#13929 = CARTESIAN_POINT('',(5.53609,5.464099,-7.5E-02));
#13930 = LINE('',#13931,#13932);
#13931 = CARTESIAN_POINT('',(5.538212,5.440433,-7.5E-02));
#13932 = VECTOR('',#13933,1.);
#13933 = DIRECTION('',(-8.930621768037E-02,0.996004216599,0.));
#13934 = ORIENTED_EDGE('',*,*,#13935,.T.);
#13935 = EDGE_CURVE('',#13928,#13936,#13938,.T.);
#13936 = VERTEX_POINT('',#13937);
#13937 = CARTESIAN_POINT('',(5.6921,5.481089,-7.5E-02));
#13938 = LINE('',#13939,#13940);
#13939 = CARTESIAN_POINT('',(5.53609,5.464099,-7.5E-02));
#13940 = VECTOR('',#13941,1.);
#13941 = DIRECTION('',(0.994122269012,0.108263171274,0.));
#13942 = ORIENTED_EDGE('',*,*,#13943,.T.);
#13943 = EDGE_CURVE('',#13936,#13944,#13946,.T.);
#13944 = VERTEX_POINT('',#13945);
#13945 = CARTESIAN_POINT('',(5.788878,5.473522,-7.5E-02));
#13946 = LINE('',#13947,#13948);
#13947 = CARTESIAN_POINT('',(5.6921,5.481089,-7.5E-02));
#13948 = VECTOR('',#13949,1.);
#13949 = DIRECTION('',(0.996957164806,-7.795134086347E-02,0.));
#13950 = ORIENTED_EDGE('',*,*,#13951,.T.);
#13951 = EDGE_CURVE('',#13944,#13952,#13954,.T.);
#13952 = VERTEX_POINT('',#13953);
#13953 = CARTESIAN_POINT('',(5.927705,5.421489,-7.5E-02));
#13954 = LINE('',#13955,#13956);
#13955 = CARTESIAN_POINT('',(5.788878,5.473522,-7.5E-02));
#13956 = VECTOR('',#13957,1.);
#13957 = DIRECTION('',(0.936389314523,-0.350963034587,0.));
#13958 = ORIENTED_EDGE('',*,*,#13959,.T.);
#13959 = EDGE_CURVE('',#13952,#13960,#13962,.T.);
#13960 = VERTEX_POINT('',#13961);
#13961 = CARTESIAN_POINT('',(6.035996,5.317967,-7.5E-02));
#13962 = LINE('',#13963,#13964);
#13963 = CARTESIAN_POINT('',(5.927705,5.421489,-7.5E-02));
#13964 = VECTOR('',#13965,1.);
#13965 = DIRECTION('',(0.72284419844,-0.69101104534,0.));
#13966 = ORIENTED_EDGE('',*,*,#13967,.T.);
#13967 = EDGE_CURVE('',#13960,#13968,#13970,.T.);
#13968 = VERTEX_POINT('',#13969);
#13969 = CARTESIAN_POINT('',(6.1086,5.07677,-7.5E-02));
#13970 = LINE('',#13971,#13972);
#13971 = CARTESIAN_POINT('',(6.035996,5.317967,-7.5E-02));
#13972 = VECTOR('',#13973,1.);
#13973 = DIRECTION('',(0.288239741958,-0.957558275593,0.));
#13974 = ORIENTED_EDGE('',*,*,#13975,.T.);
#13975 = EDGE_CURVE('',#13968,#13976,#13978,.T.);
#13976 = VERTEX_POINT('',#13977);
#13977 = CARTESIAN_POINT('',(6.1086,3.52509,-7.5E-02));
#13978 = LINE('',#13979,#13980);
#13979 = CARTESIAN_POINT('',(6.1086,5.07677,-7.5E-02));
#13980 = VECTOR('',#13981,1.);
#13981 = DIRECTION('',(0.,-1.,0.));
#13982 = ORIENTED_EDGE('',*,*,#13983,.T.);
#13983 = EDGE_CURVE('',#13976,#13984,#13986,.T.);
#13984 = VERTEX_POINT('',#13985);
#13985 = CARTESIAN_POINT('',(5.599678,4.097784,-7.5E-02));
#13986 = LINE('',#13987,#13988);
#13987 = CARTESIAN_POINT('',(6.1086,3.52509,-7.5E-02));
#13988 = VECTOR('',#13989,1.);
#13989 = DIRECTION('',(-0.664262240488,0.747499615961,0.));
#13990 = ORIENTED_EDGE('',*,*,#13991,.T.);
#13991 = EDGE_CURVE('',#13984,#13992,#13994,.T.);
#13992 = VERTEX_POINT('',#13993);
#13993 = CARTESIAN_POINT('',(5.414224,4.235592,-7.5E-02));
#13994 = LINE('',#13995,#13996);
#13995 = CARTESIAN_POINT('',(5.599678,4.097784,-7.5E-02));
#13996 = VECTOR('',#13997,1.);
#13997 = DIRECTION('',(-0.802656467576,0.59644161077,0.));
#13998 = ORIENTED_EDGE('',*,*,#13999,.T.);
#13999 = EDGE_CURVE('',#13992,#14000,#14002,.T.);
#14000 = VERTEX_POINT('',#14001);
#14001 = CARTESIAN_POINT('',(5.3798,4.248046,-7.5E-02));
#14002 = LINE('',#14003,#14004);
#14003 = CARTESIAN_POINT('',(5.414224,4.235592,-7.5E-02));
#14004 = VECTOR('',#14005,1.);
#14005 = DIRECTION('',(-0.940352056029,0.340202896403,0.));
#14006 = ORIENTED_EDGE('',*,*,#14007,.T.);
#14007 = EDGE_CURVE('',#14000,#14008,#14010,.T.);
#14008 = VERTEX_POINT('',#14009);
#14009 = CARTESIAN_POINT('',(5.342995,4.2545,-7.5E-02));
#14010 = LINE('',#14011,#14012);
#14011 = CARTESIAN_POINT('',(5.3798,4.248046,-7.5E-02));
#14012 = VECTOR('',#14013,1.);
#14013 = DIRECTION('',(-0.984970766058,0.172721133654,0.));
#14014 = ORIENTED_EDGE('',*,*,#14015,.T.);
#14015 = EDGE_CURVE('',#14008,#14016,#14018,.T.);
#14016 = VERTEX_POINT('',#14017);
#14017 = CARTESIAN_POINT('',(5.113761,4.2545,-7.5E-02));
#14018 = LINE('',#14019,#14020);
#14019 = CARTESIAN_POINT('',(5.342995,4.2545,-7.5E-02));
#14020 = VECTOR('',#14021,1.);
#14021 = DIRECTION('',(-1.,0.,0.));
#14022 = ORIENTED_EDGE('',*,*,#14023,.T.);
#14023 = EDGE_CURVE('',#14016,#14024,#14026,.T.);
#14024 = VERTEX_POINT('',#14025);
#14025 = CARTESIAN_POINT('',(4.717869,4.36501,-7.5E-02));
#14026 = LINE('',#14027,#14028);
#14027 = CARTESIAN_POINT('',(5.113761,4.2545,-7.5E-02));
#14028 = VECTOR('',#14029,1.);
#14029 = DIRECTION('',(-0.963178339677,0.268863322112,0.));
#14030 = ORIENTED_EDGE('',*,*,#14031,.T.);
#14031 = EDGE_CURVE('',#14024,#14032,#14034,.T.);
#14032 = VERTEX_POINT('',#14033);
#14033 = CARTESIAN_POINT('',(4.4297,4.636581,-7.5E-02));
#14034 = LINE('',#14035,#14036);
#14035 = CARTESIAN_POINT('',(4.717869,4.36501,-7.5E-02));
#14036 = VECTOR('',#14037,1.);
#14037 = DIRECTION('',(-0.727754767813,0.685837442785,0.));
#14038 = ORIENTED_EDGE('',*,*,#14039,.T.);
#14039 = EDGE_CURVE('',#14032,#14040,#14042,.T.);
#14040 = VERTEX_POINT('',#14041);
#14041 = CARTESIAN_POINT('',(4.4297,4.617578,-7.5E-02));
#14042 = LINE('',#14043,#14044);
#14043 = CARTESIAN_POINT('',(4.4297,4.636581,-7.5E-02));
#14044 = VECTOR('',#14045,1.);
#14045 = DIRECTION('',(0.,-1.,0.));
#14046 = ORIENTED_EDGE('',*,*,#14047,.T.);
#14047 = EDGE_CURVE('',#14040,#14048,#14050,.T.);
#14048 = VERTEX_POINT('',#14049);
#14049 = CARTESIAN_POINT('',(4.310692,4.828842,-7.5E-02));
#14050 = LINE('',#14051,#14052);
#14051 = CARTESIAN_POINT('',(4.4297,4.617578,-7.5E-02));
#14052 = VECTOR('',#14053,1.);
#14053 = DIRECTION('',(-0.490799994717,0.871272268115,0.));
#14054 = ORIENTED_EDGE('',*,*,#14055,.T.);
#14055 = EDGE_CURVE('',#14048,#14056,#14058,.T.);
#14056 = VERTEX_POINT('',#14057);
#14057 = CARTESIAN_POINT('',(4.247143,5.01342,-7.5E-02));
#14058 = LINE('',#14059,#14060);
#14059 = CARTESIAN_POINT('',(4.310692,4.828842,-7.5E-02));
#14060 = VECTOR('',#14061,1.);
#14061 = DIRECTION('',(-0.32553929224,0.945528513165,0.));
#14062 = ORIENTED_EDGE('',*,*,#14063,.T.);
#14063 = EDGE_CURVE('',#14056,#14064,#14066,.T.);
#14064 = VERTEX_POINT('',#14065);
#14065 = CARTESIAN_POINT('',(4.21794,5.206435,-7.5E-02));
#14066 = LINE('',#14067,#14068);
#14067 = CARTESIAN_POINT('',(4.247143,5.01342,-7.5E-02));
#14068 = VECTOR('',#14069,1.);
#14069 = DIRECTION('',(-0.149596570867,0.988747119331,0.));
#14070 = ORIENTED_EDGE('',*,*,#14071,.T.);
#14071 = EDGE_CURVE('',#14064,#14072,#14074,.T.);
#14072 = VERTEX_POINT('',#14073);
#14073 = CARTESIAN_POINT('',(4.224397,5.412894,-7.5E-02));
#14074 = LINE('',#14075,#14076);
#14075 = CARTESIAN_POINT('',(4.21794,5.206435,-7.5E-02));
#14076 = VECTOR('',#14077,1.);
#14077 = DIRECTION('',(3.125969050145E-02,0.999511296459,0.));
#14078 = ORIENTED_EDGE('',*,*,#14079,.T.);
#14079 = EDGE_CURVE('',#14072,#14080,#14082,.T.);
#14080 = VERTEX_POINT('',#14081);
#14081 = CARTESIAN_POINT('',(4.227815,5.41284,-7.5E-02));
#14082 = LINE('',#14083,#14084);
#14083 = CARTESIAN_POINT('',(4.224397,5.412894,-7.5E-02));
#14084 = VECTOR('',#14085,1.);
#14085 = DIRECTION('',(0.999875223696,-1.579674139238E-02,0.));
#14086 = ORIENTED_EDGE('',*,*,#14087,.T.);
#14087 = EDGE_CURVE('',#14080,#14088,#14090,.T.);
#14088 = VERTEX_POINT('',#14089);
#14089 = CARTESIAN_POINT('',(4.332293,5.704127,-7.5E-02));
#14090 = LINE('',#14091,#14092);
#14091 = CARTESIAN_POINT('',(4.227815,5.41284,-7.5E-02));
#14092 = VECTOR('',#14093,1.);
#14093 = DIRECTION('',(0.337616944845,0.94128359093,0.));
#14094 = ORIENTED_EDGE('',*,*,#14095,.T.);
#14095 = EDGE_CURVE('',#14088,#14096,#14098,.T.);
#14096 = VERTEX_POINT('',#14097);
#14097 = CARTESIAN_POINT('',(4.5592,5.933938,-7.5E-02));
#14098 = LINE('',#14099,#14100);
#14099 = CARTESIAN_POINT('',(4.332293,5.704127,-7.5E-02));
#14100 = VECTOR('',#14101,1.);
#14101 = DIRECTION('',(0.702596504197,0.711588471162,0.));
#14102 = ORIENTED_EDGE('',*,*,#14103,.T.);
#14103 = EDGE_CURVE('',#14096,#14104,#14106,.T.);
#14104 = VERTEX_POINT('',#14105);
#14105 = CARTESIAN_POINT('',(4.5592,5.815812,-7.5E-02));
#14106 = LINE('',#14107,#14108);
#14107 = CARTESIAN_POINT('',(4.5592,5.933938,-7.5E-02));
#14108 = VECTOR('',#14109,1.);
#14109 = DIRECTION('',(0.,-1.,0.));
#14110 = ORIENTED_EDGE('',*,*,#14111,.T.);
#14111 = EDGE_CURVE('',#14104,#14112,#14114,.T.);
#14112 = VERTEX_POINT('',#14113);
#14113 = CARTESIAN_POINT('',(4.565486,5.792956,-7.5E-02));
#14114 = LINE('',#14115,#14116);
#14115 = CARTESIAN_POINT('',(4.5592,5.815812,-7.5E-02));
#14116 = VECTOR('',#14117,1.);
#14117 = DIRECTION('',(0.26518001483,-0.964198921247,0.));
#14118 = ORIENTED_EDGE('',*,*,#14119,.T.);
#14119 = EDGE_CURVE('',#14112,#14120,#14122,.T.);
#14120 = VERTEX_POINT('',#14121);
#14121 = CARTESIAN_POINT('',(4.637136,5.730186,-7.5E-02));
#14122 = LINE('',#14123,#14124);
#14123 = CARTESIAN_POINT('',(4.565486,5.792956,-7.5E-02));
#14124 = VECTOR('',#14125,1.);
#14125 = DIRECTION('',(0.752179864782,-0.658957852231,0.));
#14126 = ORIENTED_EDGE('',*,*,#14127,.T.);
#14127 = EDGE_CURVE('',#14120,#14128,#14130,.T.);
#14128 = VERTEX_POINT('',#14129);
#14129 = CARTESIAN_POINT('',(4.726652,5.724823,-7.5E-02));
#14130 = LINE('',#14131,#14132);
#14131 = CARTESIAN_POINT('',(4.637136,5.730186,-7.5E-02));
#14132 = VECTOR('',#14133,1.);
#14133 = DIRECTION('',(0.998210148253,-5.980384540284E-02,0.));
#14134 = ORIENTED_EDGE('',*,*,#14135,.T.);
#14135 = EDGE_CURVE('',#14128,#14136,#14138,.T.);
#14136 = VERTEX_POINT('',#14137);
#14137 = CARTESIAN_POINT('',(4.801932,5.756638,-7.5E-02));
#14138 = LINE('',#14139,#14140);
#14139 = CARTESIAN_POINT('',(4.726652,5.724823,-7.5E-02));
#14140 = VECTOR('',#14141,1.);
#14141 = DIRECTION('',(0.921117482829,0.389284706644,0.));
#14142 = ORIENTED_EDGE('',*,*,#14143,.T.);
#14143 = EDGE_CURVE('',#14136,#14144,#14146,.T.);
#14144 = VERTEX_POINT('',#14145);
#14145 = CARTESIAN_POINT('',(4.891335,5.821195,-7.5E-02));
#14146 = LINE('',#14147,#14148);
#14147 = CARTESIAN_POINT('',(4.801932,5.756638,-7.5E-02));
#14148 = VECTOR('',#14149,1.);
#14149 = DIRECTION('',(0.810730158452,0.585420028849,0.));
#14150 = ORIENTED_EDGE('',*,*,#14151,.T.);
#14151 = EDGE_CURVE('',#14144,#14152,#14154,.T.);
#14152 = VERTEX_POINT('',#14153);
#14153 = CARTESIAN_POINT('',(4.96791,5.897868,-7.5E-02));
#14154 = LINE('',#14155,#14156);
#14155 = CARTESIAN_POINT('',(4.891335,5.821195,-7.5E-02));
#14156 = VECTOR('',#14157,1.);
#14157 = DIRECTION('',(0.706654451581,0.707558821626,0.));
#14158 = ORIENTED_EDGE('',*,*,#14159,.T.);
#14159 = EDGE_CURVE('',#14152,#14160,#14162,.T.);
#14160 = VERTEX_POINT('',#14161);
#14161 = CARTESIAN_POINT('',(5.016635,5.992824,-7.5E-02));
#14162 = LINE('',#14163,#14164);
#14163 = CARTESIAN_POINT('',(4.96791,5.897868,-7.5E-02));
#14164 = VECTOR('',#14165,1.);
#14165 = DIRECTION('',(0.456536340098,0.889704765734,0.));
#14166 = ORIENTED_EDGE('',*,*,#14167,.T.);
#14167 = EDGE_CURVE('',#14160,#14168,#14170,.T.);
#14168 = VERTEX_POINT('',#14169);
#14169 = CARTESIAN_POINT('',(5.021146,6.051286,-7.5E-02));
#14170 = LINE('',#14171,#14172);
#14171 = CARTESIAN_POINT('',(5.016635,5.992824,-7.5E-02));
#14172 = VECTOR('',#14173,1.);
#14173 = DIRECTION('',(7.693255016093E-02,0.997036299603,0.));
#14174 = ORIENTED_EDGE('',*,*,#14175,.T.);
#14175 = EDGE_CURVE('',#14168,#14176,#14178,.T.);
#14176 = VERTEX_POINT('',#14177);
#14177 = CARTESIAN_POINT('',(4.887582,6.213914,-7.5E-02));
#14178 = LINE('',#14179,#14180);
#14179 = CARTESIAN_POINT('',(5.021146,6.051286,-7.5E-02));
#14180 = VECTOR('',#14181,1.);
#14181 = DIRECTION('',(-0.634673351429,0.772780523167,0.));
#14182 = ORIENTED_EDGE('',*,*,#14183,.T.);
#14183 = EDGE_CURVE('',#14176,#14184,#14186,.T.);
#14184 = VERTEX_POINT('',#14185);
#14185 = CARTESIAN_POINT('',(4.789167,6.2332,-7.5E-02));
#14186 = LINE('',#14187,#14188);
#14187 = CARTESIAN_POINT('',(4.887582,6.213914,-7.5E-02));
#14188 = VECTOR('',#14189,1.);
#14189 = DIRECTION('',(-0.98133456535,0.192308270359,0.));
#14190 = ORIENTED_EDGE('',*,*,#14191,.T.);
#14191 = EDGE_CURVE('',#14184,#14192,#14194,.T.);
#14192 = VERTEX_POINT('',#14193);
#14193 = CARTESIAN_POINT('',(4.7167,6.2332,-7.5E-02));
#14194 = LINE('',#14195,#14196);
#14195 = CARTESIAN_POINT('',(4.789167,6.2332,-7.5E-02));
#14196 = VECTOR('',#14197,1.);
#14197 = DIRECTION('',(-1.,0.,0.));
#14198 = ORIENTED_EDGE('',*,*,#14199,.T.);
#14199 = EDGE_CURVE('',#14192,#14200,#14202,.T.);
#14200 = VERTEX_POINT('',#14201);
#14201 = CARTESIAN_POINT('',(4.7167,6.2586,-7.5E-02));
#14202 = LINE('',#14203,#14204);
#14203 = CARTESIAN_POINT('',(4.7167,6.2332,-7.5E-02));
#14204 = VECTOR('',#14205,1.);
#14205 = DIRECTION('',(0.,1.,0.));
#14206 = ORIENTED_EDGE('',*,*,#14207,.T.);
#14207 = EDGE_CURVE('',#14200,#14208,#14210,.T.);
#14208 = VERTEX_POINT('',#14209);
#14209 = CARTESIAN_POINT('',(4.724306,6.2586,-7.5E-02));
#14210 = LINE('',#14211,#14212);
#14211 = CARTESIAN_POINT('',(4.7167,6.2586,-7.5E-02));
#14212 = VECTOR('',#14213,1.);
#14213 = DIRECTION('',(1.,0.,0.));
#14214 = ORIENTED_EDGE('',*,*,#14215,.T.);
#14215 = EDGE_CURVE('',#14208,#14216,#14218,.T.);
#14216 = VERTEX_POINT('',#14217);
#14217 = CARTESIAN_POINT('',(4.820448,6.315834,-7.5E-02));
#14218 = LINE('',#14219,#14220);
#14219 = CARTESIAN_POINT('',(4.724306,6.2586,-7.5E-02));
#14220 = VECTOR('',#14221,1.);
#14221 = DIRECTION('',(0.859266882687,0.511527540136,0.));
#14222 = ORIENTED_EDGE('',*,*,#14223,.T.);
#14223 = EDGE_CURVE('',#14216,#13750,#14224,.T.);
#14224 = LINE('',#14225,#14226);
#14225 = CARTESIAN_POINT('',(4.820448,6.315834,-7.5E-02));
#14226 = VECTOR('',#14227,1.);
#14227 = DIRECTION('',(0.917831923928,0.396969217219,0.));
#14228 = PLANE('',#14229);
#14229 = AXIS2_PLACEMENT_3D('',#14230,#14231,#14232);
#14230 = CARTESIAN_POINT('',(0.,0.,-7.5E-02));
#14231 = DIRECTION('',(-0.,-0.,-1.));
#14232 = DIRECTION('',(-1.,0.,0.));
#14233 = ( GEOMETRIC_REPRESENTATION_CONTEXT(3) 
GLOBAL_UNCERTAINTY_ASSIGNED_CONTEXT((#14237)) 
GLOBAL_UNIT_ASSIGNED_CONTEXT((#14234,#14235,#14236)) 
REPRESENTATION_CONTEXT('Context #1',
  '3D Context with UNIT and UNCERTAINTY') );
#14234 = ( LENGTH_UNIT() NAMED_UNIT(*) SI_UNIT(.MILLI.,.METRE.) );
#14235 = ( NAMED_UNIT(*) PLANE_ANGLE_UNIT() SI_UNIT($,.RADIAN.) );
#14236 = ( NAMED_UNIT(*) SI_UNIT($,.STERADIAN.) SOLID_ANGLE_UNIT() );
#14237 = UNCERTAINTY_MEASURE_WITH_UNIT(LENGTH_MEASURE(1.E-07),#14234,
  'distance_accuracy_value','confusion accuracy');
#14238 = CONTEXT_DEPENDENT_SHAPE_REPRESENTATION(#14239,#14241);
#14239 = ( REPRESENTATION_RELATIONSHIP('','',#13742,#10) 
REPRESENTATION_RELATIONSHIP_WITH_TRANSFORMATION(#14240) 
SHAPE_REPRESENTATION_RELATIONSHIP() );
#14240 = ITEM_DEFINED_TRANSFORMATION('','',#11,#27);
#14241 = PRODUCT_DEFINITION_SHAPE('Placement','Placement of an item',
  #14242);
#14242 = NEXT_ASSEMBLY_USAGE_OCCURRENCE('4','=>[0:1:1:5]','',#5,#13737,$
  );
#14243 = PRODUCT_RELATED_PRODUCT_CATEGORY('part',$,(#13739));
#14244 = SHAPE_DEFINITION_REPRESENTATION(#14245,#14251);
#14245 = PRODUCT_DEFINITION_SHAPE('','',#14246);
#14246 = PRODUCT_DEFINITION('design','',#14247,#14250);
#14247 = PRODUCT_DEFINITION_FORMATION('','',#14248);
#14248 = PRODUCT('Spa2117_PCB','Spa2117_PCB','',(#14249));
#14249 = PRODUCT_CONTEXT('',#2,'mechanical');
#14250 = PRODUCT_DEFINITION_CONTEXT('part definition',#2,'design');
#14251 = ADVANCED_BREP_SHAPE_REPRESENTATION('',(#11,#14252),#14519);
#14252 = MANIFOLD_SOLID_BREP('',#14253);
#14253 = CLOSED_SHELL('',(#14254,#14294,#14325,#14356,#14406,#14456,
    #14468,#14485,#14502));
#14254 = ADVANCED_FACE('',(#14255),#14289,.T.);
#14255 = FACE_BOUND('',#14256,.T.);
#14256 = EDGE_LOOP('',(#14257,#14267,#14275,#14283));
#14257 = ORIENTED_EDGE('',*,*,#14258,.T.);
#14258 = EDGE_CURVE('',#14259,#14261,#14263,.T.);
#14259 = VERTEX_POINT('',#14260);
#14260 = CARTESIAN_POINT('',(10.16,-0.,0.));
#14261 = VERTEX_POINT('',#14262);
#14262 = CARTESIAN_POINT('',(10.16,0.,1.51));
#14263 = LINE('',#14264,#14265);
#14264 = CARTESIAN_POINT('',(10.16,-0.,0.));
#14265 = VECTOR('',#14266,1.);
#14266 = DIRECTION('',(0.,0.,1.));
#14267 = ORIENTED_EDGE('',*,*,#14268,.T.);
#14268 = EDGE_CURVE('',#14261,#14269,#14271,.T.);
#14269 = VERTEX_POINT('',#14270);
#14270 = CARTESIAN_POINT('',(0.,0.,1.51));
#14271 = LINE('',#14272,#14273);
#14272 = CARTESIAN_POINT('',(10.16,0.,1.51));
#14273 = VECTOR('',#14274,1.);
#14274 = DIRECTION('',(-1.,0.,0.));
#14275 = ORIENTED_EDGE('',*,*,#14276,.F.);
#14276 = EDGE_CURVE('',#14277,#14269,#14279,.T.);
#14277 = VERTEX_POINT('',#14278);
#14278 = CARTESIAN_POINT('',(0.,-0.,0.));
#14279 = LINE('',#14280,#14281);
#14280 = CARTESIAN_POINT('',(0.,-0.,0.));
#14281 = VECTOR('',#14282,1.);
#14282 = DIRECTION('',(0.,0.,1.));
#14283 = ORIENTED_EDGE('',*,*,#14284,.F.);
#14284 = EDGE_CURVE('',#14259,#14277,#14285,.T.);
#14285 = LINE('',#14286,#14287);
#14286 = CARTESIAN_POINT('',(10.16,-0.,0.));
#14287 = VECTOR('',#14288,1.);
#14288 = DIRECTION('',(-1.,0.,0.));
#14289 = PLANE('',#14290);
#14290 = AXIS2_PLACEMENT_3D('',#14291,#14292,#14293);
#14291 = CARTESIAN_POINT('',(10.16,0.,0.));
#14292 = DIRECTION('',(0.,-1.,0.));
#14293 = DIRECTION('',(-1.,0.,0.));
#14294 = ADVANCED_FACE('',(#14295),#14320,.T.);
#14295 = FACE_BOUND('',#14296,.T.);
#14296 = EDGE_LOOP('',(#14297,#14307,#14313,#14314));
#14297 = ORIENTED_EDGE('',*,*,#14298,.T.);
#14298 = EDGE_CURVE('',#14299,#14301,#14303,.T.);
#14299 = VERTEX_POINT('',#14300);
#14300 = CARTESIAN_POINT('',(10.16,10.16,0.));
#14301 = VERTEX_POINT('',#14302);
#14302 = CARTESIAN_POINT('',(10.16,10.16,1.51));
#14303 = LINE('',#14304,#14305);
#14304 = CARTESIAN_POINT('',(10.16,10.16,0.));
#14305 = VECTOR('',#14306,1.);
#14306 = DIRECTION('',(0.,0.,1.));
#14307 = ORIENTED_EDGE('',*,*,#14308,.T.);
#14308 = EDGE_CURVE('',#14301,#14261,#14309,.T.);
#14309 = LINE('',#14310,#14311);
#14310 = CARTESIAN_POINT('',(10.16,10.16,1.51));
#14311 = VECTOR('',#14312,1.);
#14312 = DIRECTION('',(0.,-1.,0.));
#14313 = ORIENTED_EDGE('',*,*,#14258,.F.);
#14314 = ORIENTED_EDGE('',*,*,#14315,.F.);
#14315 = EDGE_CURVE('',#14299,#14259,#14316,.T.);
#14316 = LINE('',#14317,#14318);
#14317 = CARTESIAN_POINT('',(10.16,10.16,0.));
#14318 = VECTOR('',#14319,1.);
#14319 = DIRECTION('',(0.,-1.,0.));
#14320 = PLANE('',#14321);
#14321 = AXIS2_PLACEMENT_3D('',#14322,#14323,#14324);
#14322 = CARTESIAN_POINT('',(10.16,10.16,0.));
#14323 = DIRECTION('',(1.,0.,-0.));
#14324 = DIRECTION('',(0.,-1.,0.));
#14325 = ADVANCED_FACE('',(#14326),#14351,.T.);
#14326 = FACE_BOUND('',#14327,.T.);
#14327 = EDGE_LOOP('',(#14328,#14329,#14337,#14345));
#14328 = ORIENTED_EDGE('',*,*,#14276,.T.);
#14329 = ORIENTED_EDGE('',*,*,#14330,.T.);
#14330 = EDGE_CURVE('',#14269,#14331,#14333,.T.);
#14331 = VERTEX_POINT('',#14332);
#14332 = CARTESIAN_POINT('',(0.,10.16,1.51));
#14333 = LINE('',#14334,#14335);
#14334 = CARTESIAN_POINT('',(0.,0.,1.51));
#14335 = VECTOR('',#14336,1.);
#14336 = DIRECTION('',(0.,1.,0.));
#14337 = ORIENTED_EDGE('',*,*,#14338,.F.);
#14338 = EDGE_CURVE('',#14339,#14331,#14341,.T.);
#14339 = VERTEX_POINT('',#14340);
#14340 = CARTESIAN_POINT('',(0.,10.16,0.));
#14341 = LINE('',#14342,#14343);
#14342 = CARTESIAN_POINT('',(0.,10.16,0.));
#14343 = VECTOR('',#14344,1.);
#14344 = DIRECTION('',(0.,0.,1.));
#14345 = ORIENTED_EDGE('',*,*,#14346,.F.);
#14346 = EDGE_CURVE('',#14277,#14339,#14347,.T.);
#14347 = LINE('',#14348,#14349);
#14348 = CARTESIAN_POINT('',(0.,-0.,0.));
#14349 = VECTOR('',#14350,1.);
#14350 = DIRECTION('',(0.,1.,0.));
#14351 = PLANE('',#14352);
#14352 = AXIS2_PLACEMENT_3D('',#14353,#14354,#14355);
#14353 = CARTESIAN_POINT('',(0.,0.,0.));
#14354 = DIRECTION('',(-1.,0.,0.));
#14355 = DIRECTION('',(0.,1.,0.));
#14356 = ADVANCED_FACE('',(#14357,#14368,#14379,#14390),#14401,.F.);
#14357 = FACE_BOUND('',#14358,.F.);
#14358 = EDGE_LOOP('',(#14359,#14360,#14361,#14367));
#14359 = ORIENTED_EDGE('',*,*,#14284,.F.);
#14360 = ORIENTED_EDGE('',*,*,#14315,.F.);
#14361 = ORIENTED_EDGE('',*,*,#14362,.F.);
#14362 = EDGE_CURVE('',#14339,#14299,#14363,.T.);
#14363 = LINE('',#14364,#14365);
#14364 = CARTESIAN_POINT('',(0.,10.16,0.));
#14365 = VECTOR('',#14366,1.);
#14366 = DIRECTION('',(1.,0.,0.));
#14367 = ORIENTED_EDGE('',*,*,#14346,.F.);
#14368 = FACE_BOUND('',#14369,.F.);
#14369 = EDGE_LOOP('',(#14370));
#14370 = ORIENTED_EDGE('',*,*,#14371,.T.);
#14371 = EDGE_CURVE('',#14372,#14372,#14374,.T.);
#14372 = VERTEX_POINT('',#14373);
#14373 = CARTESIAN_POINT('',(1.27,2.032,0.));
#14374 = CIRCLE('',#14375,0.508);
#14375 = AXIS2_PLACEMENT_3D('',#14376,#14377,#14378);
#14376 = CARTESIAN_POINT('',(1.27,2.54,0.));
#14377 = DIRECTION('',(-0.,0.,-1.));
#14378 = DIRECTION('',(-0.,-1.,0.));
#14379 = FACE_BOUND('',#14380,.F.);
#14380 = EDGE_LOOP('',(#14381));
#14381 = ORIENTED_EDGE('',*,*,#14382,.T.);
#14382 = EDGE_CURVE('',#14383,#14383,#14385,.T.);
#14383 = VERTEX_POINT('',#14384);
#14384 = CARTESIAN_POINT('',(1.27,4.572,0.));
#14385 = CIRCLE('',#14386,0.508);
#14386 = AXIS2_PLACEMENT_3D('',#14387,#14388,#14389);
#14387 = CARTESIAN_POINT('',(1.27,5.08,0.));
#14388 = DIRECTION('',(-0.,0.,-1.));
#14389 = DIRECTION('',(-0.,-1.,0.));
#14390 = FACE_BOUND('',#14391,.F.);
#14391 = EDGE_LOOP('',(#14392));
#14392 = ORIENTED_EDGE('',*,*,#14393,.T.);
#14393 = EDGE_CURVE('',#14394,#14394,#14396,.T.);
#14394 = VERTEX_POINT('',#14395);
#14395 = CARTESIAN_POINT('',(1.27,7.112,0.));
#14396 = CIRCLE('',#14397,0.508);
#14397 = AXIS2_PLACEMENT_3D('',#14398,#14399,#14400);
#14398 = CARTESIAN_POINT('',(1.27,7.62,0.));
#14399 = DIRECTION('',(-0.,0.,-1.));
#14400 = DIRECTION('',(-0.,-1.,0.));
#14401 = PLANE('',#14402);
#14402 = AXIS2_PLACEMENT_3D('',#14403,#14404,#14405);
#14403 = CARTESIAN_POINT('',(0.,0.,0.));
#14404 = DIRECTION('',(0.,0.,1.));
#14405 = DIRECTION('',(1.,0.,-0.));
#14406 = ADVANCED_FACE('',(#14407,#14418,#14429,#14440),#14451,.T.);
#14407 = FACE_BOUND('',#14408,.T.);
#14408 = EDGE_LOOP('',(#14409,#14410,#14411,#14417));
#14409 = ORIENTED_EDGE('',*,*,#14268,.F.);
#14410 = ORIENTED_EDGE('',*,*,#14308,.F.);
#14411 = ORIENTED_EDGE('',*,*,#14412,.F.);
#14412 = EDGE_CURVE('',#14331,#14301,#14413,.T.);
#14413 = LINE('',#14414,#14415);
#14414 = CARTESIAN_POINT('',(0.,10.16,1.51));
#14415 = VECTOR('',#14416,1.);
#14416 = DIRECTION('',(1.,0.,0.));
#14417 = ORIENTED_EDGE('',*,*,#14330,.F.);
#14418 = FACE_BOUND('',#14419,.T.);
#14419 = EDGE_LOOP('',(#14420));
#14420 = ORIENTED_EDGE('',*,*,#14421,.T.);
#14421 = EDGE_CURVE('',#14422,#14422,#14424,.T.);
#14422 = VERTEX_POINT('',#14423);
#14423 = CARTESIAN_POINT('',(1.27,2.032,1.51));
#14424 = CIRCLE('',#14425,0.508);
#14425 = AXIS2_PLACEMENT_3D('',#14426,#14427,#14428);
#14426 = CARTESIAN_POINT('',(1.27,2.54,1.51));
#14427 = DIRECTION('',(-0.,0.,-1.));
#14428 = DIRECTION('',(-0.,-1.,0.));
#14429 = FACE_BOUND('',#14430,.T.);
#14430 = EDGE_LOOP('',(#14431));
#14431 = ORIENTED_EDGE('',*,*,#14432,.T.);
#14432 = EDGE_CURVE('',#14433,#14433,#14435,.T.);
#14433 = VERTEX_POINT('',#14434);
#14434 = CARTESIAN_POINT('',(1.27,4.572,1.51));
#14435 = CIRCLE('',#14436,0.508);
#14436 = AXIS2_PLACEMENT_3D('',#14437,#14438,#14439);
#14437 = CARTESIAN_POINT('',(1.27,5.08,1.51));
#14438 = DIRECTION('',(-0.,0.,-1.));
#14439 = DIRECTION('',(-0.,-1.,0.));
#14440 = FACE_BOUND('',#14441,.T.);
#14441 = EDGE_LOOP('',(#14442));
#14442 = ORIENTED_EDGE('',*,*,#14443,.T.);
#14443 = EDGE_CURVE('',#14444,#14444,#14446,.T.);
#14444 = VERTEX_POINT('',#14445);
#14445 = CARTESIAN_POINT('',(1.27,7.112,1.51));
#14446 = CIRCLE('',#14447,0.508);
#14447 = AXIS2_PLACEMENT_3D('',#14448,#14449,#14450);
#14448 = CARTESIAN_POINT('',(1.27,7.62,1.51));
#14449 = DIRECTION('',(-0.,0.,-1.));
#14450 = DIRECTION('',(-0.,-1.,0.));
#14451 = PLANE('',#14452);
#14452 = AXIS2_PLACEMENT_3D('',#14453,#14454,#14455);
#14453 = CARTESIAN_POINT('',(0.,0.,1.51));
#14454 = DIRECTION('',(0.,0.,1.));
#14455 = DIRECTION('',(1.,0.,-0.));
#14456 = ADVANCED_FACE('',(#14457),#14463,.T.);
#14457 = FACE_BOUND('',#14458,.T.);
#14458 = EDGE_LOOP('',(#14459,#14460,#14461,#14462));
#14459 = ORIENTED_EDGE('',*,*,#14338,.T.);
#14460 = ORIENTED_EDGE('',*,*,#14412,.T.);
#14461 = ORIENTED_EDGE('',*,*,#14298,.F.);
#14462 = ORIENTED_EDGE('',*,*,#14362,.F.);
#14463 = PLANE('',#14464);
#14464 = AXIS2_PLACEMENT_3D('',#14465,#14466,#14467);
#14465 = CARTESIAN_POINT('',(0.,10.16,0.));
#14466 = DIRECTION('',(0.,1.,0.));
#14467 = DIRECTION('',(1.,0.,0.));
#14468 = ADVANCED_FACE('',(#14469),#14480,.F.);
#14469 = FACE_BOUND('',#14470,.T.);
#14470 = EDGE_LOOP('',(#14471,#14472,#14478,#14479));
#14471 = ORIENTED_EDGE('',*,*,#14371,.T.);
#14472 = ORIENTED_EDGE('',*,*,#14473,.T.);
#14473 = EDGE_CURVE('',#14372,#14422,#14474,.T.);
#14474 = LINE('',#14475,#14476);
#14475 = CARTESIAN_POINT('',(1.27,2.032,-4.6E-02));
#14476 = VECTOR('',#14477,1.);
#14477 = DIRECTION('',(0.,0.,1.));
#14478 = ORIENTED_EDGE('',*,*,#14421,.F.);
#14479 = ORIENTED_EDGE('',*,*,#14473,.F.);
#14480 = CYLINDRICAL_SURFACE('',#14481,0.508);
#14481 = AXIS2_PLACEMENT_3D('',#14482,#14483,#14484);
#14482 = CARTESIAN_POINT('',(1.27,2.54,-4.6E-02));
#14483 = DIRECTION('',(-0.,-0.,-1.));
#14484 = DIRECTION('',(-0.,-1.,0.));
#14485 = ADVANCED_FACE('',(#14486),#14497,.F.);
#14486 = FACE_BOUND('',#14487,.T.);
#14487 = EDGE_LOOP('',(#14488,#14489,#14495,#14496));
#14488 = ORIENTED_EDGE('',*,*,#14382,.T.);
#14489 = ORIENTED_EDGE('',*,*,#14490,.T.);
#14490 = EDGE_CURVE('',#14383,#14433,#14491,.T.);
#14491 = LINE('',#14492,#14493);
#14492 = CARTESIAN_POINT('',(1.27,4.572,-4.6E-02));
#14493 = VECTOR('',#14494,1.);
#14494 = DIRECTION('',(0.,0.,1.));
#14495 = ORIENTED_EDGE('',*,*,#14432,.F.);
#14496 = ORIENTED_EDGE('',*,*,#14490,.F.);
#14497 = CYLINDRICAL_SURFACE('',#14498,0.508);
#14498 = AXIS2_PLACEMENT_3D('',#14499,#14500,#14501);
#14499 = CARTESIAN_POINT('',(1.27,5.08,-4.6E-02));
#14500 = DIRECTION('',(-0.,-0.,-1.));
#14501 = DIRECTION('',(-0.,-1.,0.));
#14502 = ADVANCED_FACE('',(#14503),#14514,.F.);
#14503 = FACE_BOUND('',#14504,.T.);
#14504 = EDGE_LOOP('',(#14505,#14506,#14512,#14513));
#14505 = ORIENTED_EDGE('',*,*,#14393,.T.);
#14506 = ORIENTED_EDGE('',*,*,#14507,.T.);
#14507 = EDGE_CURVE('',#14394,#14444,#14508,.T.);
#14508 = LINE('',#14509,#14510);
#14509 = CARTESIAN_POINT('',(1.27,7.112,-4.6E-02));
#14510 = VECTOR('',#14511,1.);
#14511 = DIRECTION('',(0.,0.,1.));
#14512 = ORIENTED_EDGE('',*,*,#14443,.F.);
#14513 = ORIENTED_EDGE('',*,*,#14507,.F.);
#14514 = CYLINDRICAL_SURFACE('',#14515,0.508);
#14515 = AXIS2_PLACEMENT_3D('',#14516,#14517,#14518);
#14516 = CARTESIAN_POINT('',(1.27,7.62,-4.6E-02));
#14517 = DIRECTION('',(-0.,-0.,-1.));
#14518 = DIRECTION('',(-0.,-1.,0.));
#14519 = ( GEOMETRIC_REPRESENTATION_CONTEXT(3) 
GLOBAL_UNCERTAINTY_ASSIGNED_CONTEXT((#14523)) 
GLOBAL_UNIT_ASSIGNED_CONTEXT((#14520,#14521,#14522)) 
REPRESENTATION_CONTEXT('Context #1',
  '3D Context with UNIT and UNCERTAINTY') );
#14520 = ( LENGTH_UNIT() NAMED_UNIT(*) SI_UNIT(.MILLI.,.METRE.) );
#14521 = ( NAMED_UNIT(*) PLANE_ANGLE_UNIT() SI_UNIT($,.RADIAN.) );
#14522 = ( NAMED_UNIT(*) SI_UNIT($,.STERADIAN.) SOLID_ANGLE_UNIT() );
#14523 = UNCERTAINTY_MEASURE_WITH_UNIT(LENGTH_MEASURE(1.E-07),#14520,
  'distance_accuracy_value','confusion accuracy');
#14524 = CONTEXT_DEPENDENT_SHAPE_REPRESENTATION(#14525,#14527);
#14525 = ( REPRESENTATION_RELATIONSHIP('','',#14251,#10) 
REPRESENTATION_RELATIONSHIP_WITH_TRANSFORMATION(#14526) 
SHAPE_REPRESENTATION_RELATIONSHIP() );
#14526 = ITEM_DEFINED_TRANSFORMATION('','',#11,#31);
#14527 = PRODUCT_DEFINITION_SHAPE('Placement','Placement of an item',
  #14528);
#14528 = NEXT_ASSEMBLY_USAGE_OCCURRENCE('5','=>[0:1:1:6]','',#5,#14246,$
  );
#14529 = PRODUCT_RELATED_PRODUCT_CATEGORY('part',$,(#14248));
#14530 = MECHANICAL_DESIGN_GEOMETRIC_PRESENTATION_REPRESENTATION('',(
    #14531),#14519);
#14531 = STYLED_ITEM('color',(#14532),#14252);
#14532 = PRESENTATION_STYLE_ASSIGNMENT((#14533));
#14533 = SURFACE_STYLE_USAGE(.BOTH.,#14534);
#14534 = SURFACE_SIDE_STYLE('',(#14535));
#14535 = SURFACE_STYLE_FILL_AREA(#14536);
#14536 = FILL_AREA_STYLE('',(#14537));
#14537 = FILL_AREA_STYLE_COLOUR('',#14538);
#14538 = COLOUR_RGB('',0.313304153717,0.484529207832,0.410020903123);
#14539 = MECHANICAL_DESIGN_GEOMETRIC_PRESENTATION_REPRESENTATION('',(
    #14540,#14548,#14555,#14562),#7627);
#14540 = STYLED_ITEM('color',(#14541),#49);
#14541 = PRESENTATION_STYLE_ASSIGNMENT((#14542));
#14542 = SURFACE_STYLE_USAGE(.BOTH.,#14543);
#14543 = SURFACE_SIDE_STYLE('',(#14544));
#14544 = SURFACE_STYLE_FILL_AREA(#14545);
#14545 = FILL_AREA_STYLE('',(#14546));
#14546 = FILL_AREA_STYLE_COLOUR('',#14547);
#14547 = COLOUR_RGB('',0.854305825093,0.803630995277,0.);
#14548 = STYLED_ITEM('color',(#14549),#302);
#14549 = PRESENTATION_STYLE_ASSIGNMENT((#14550));
#14550 = SURFACE_STYLE_USAGE(.BOTH.,#14551);
#14551 = SURFACE_SIDE_STYLE('',(#14552));
#14552 = SURFACE_STYLE_FILL_AREA(#14553);
#14553 = FILL_AREA_STYLE('',(#14554));
#14554 = FILL_AREA_STYLE_COLOUR('',#14547);
#14555 = STYLED_ITEM('color',(#14556),#1934);
#14556 = PRESENTATION_STYLE_ASSIGNMENT((#14557));
#14557 = SURFACE_STYLE_USAGE(.BOTH.,#14558);
#14558 = SURFACE_SIDE_STYLE('',(#14559));
#14559 = SURFACE_STYLE_FILL_AREA(#14560);
#14560 = FILL_AREA_STYLE('',(#14561));
#14561 = FILL_AREA_STYLE_COLOUR('',#14547);
#14562 = STYLED_ITEM('color',(#14563),#2550);
#14563 = PRESENTATION_STYLE_ASSIGNMENT((#14564));
#14564 = SURFACE_STYLE_USAGE(.BOTH.,#14565);
#14565 = SURFACE_SIDE_STYLE('',(#14566));
#14566 = SURFACE_STYLE_FILL_AREA(#14567);
#14567 = FILL_AREA_STYLE('',(#14568));
#14568 = FILL_AREA_STYLE_COLOUR('',#14547);
#14569 = MECHANICAL_DESIGN_GEOMETRIC_PRESENTATION_REPRESENTATION('',(
    #14570),#14233);
#14570 = STYLED_ITEM('color',(#14571),#13745);
#14571 = PRESENTATION_STYLE_ASSIGNMENT((#14572));
#14572 = SURFACE_STYLE_USAGE(.BOTH.,#14573);
#14573 = SURFACE_SIDE_STYLE('',(#14574,#14578));
#14574 = SURFACE_STYLE_FILL_AREA(#14575);
#14575 = FILL_AREA_STYLE('',(#14576));
#14576 = FILL_AREA_STYLE_COLOUR('',#14577);
#14577 = DRAUGHTING_PRE_DEFINED_COLOUR('white');
#14578 = SURFACE_STYLE_RENDERING_WITH_PROPERTIES(.NORMAL_SHADING.,#14577
  ,(#14579));
#14579 = SURFACE_STYLE_TRANSPARENT(0.100000023842);
#14580 = MECHANICAL_DESIGN_GEOMETRIC_PRESENTATION_REPRESENTATION('',(
    #14581,#14590,#14599,#14608,#14617,#14626,#14635,#14644,#14653,
    #14662,#14671,#14680,#14689,#14698,#14707,#14716,#14725,#14734,
    #14743,#14752,#14761,#14770,#14779,#14788,#14797,#14806),#13724);
#14581 = STYLED_ITEM('color',(#14582),#9351);
#14582 = PRESENTATION_STYLE_ASSIGNMENT((#14583));
#14583 = SURFACE_STYLE_USAGE(.BOTH.,#14584);
#14584 = SURFACE_SIDE_STYLE('',(#14585,#14588));
#14585 = SURFACE_STYLE_FILL_AREA(#14586);
#14586 = FILL_AREA_STYLE('',(#14587));
#14587 = FILL_AREA_STYLE_COLOUR('',#14577);
#14588 = SURFACE_STYLE_RENDERING_WITH_PROPERTIES(.NORMAL_SHADING.,#14577
  ,(#14589));
#14589 = SURFACE_STYLE_TRANSPARENT(0.100000023842);
#14590 = STYLED_ITEM('color',(#14591),#9478);
#14591 = PRESENTATION_STYLE_ASSIGNMENT((#14592));
#14592 = SURFACE_STYLE_USAGE(.BOTH.,#14593);
#14593 = SURFACE_SIDE_STYLE('',(#14594,#14597));
#14594 = SURFACE_STYLE_FILL_AREA(#14595);
#14595 = FILL_AREA_STYLE('',(#14596));
#14596 = FILL_AREA_STYLE_COLOUR('',#14577);
#14597 = SURFACE_STYLE_RENDERING_WITH_PROPERTIES(.NORMAL_SHADING.,#14577
  ,(#14598));
#14598 = SURFACE_STYLE_TRANSPARENT(0.100000023842);
#14599 = STYLED_ITEM('color',(#14600),#9714);
#14600 = PRESENTATION_STYLE_ASSIGNMENT((#14601));
#14601 = SURFACE_STYLE_USAGE(.BOTH.,#14602);
#14602 = SURFACE_SIDE_STYLE('',(#14603,#14606));
#14603 = SURFACE_STYLE_FILL_AREA(#14604);
#14604 = FILL_AREA_STYLE('',(#14605));
#14605 = FILL_AREA_STYLE_COLOUR('',#14577);
#14606 = SURFACE_STYLE_RENDERING_WITH_PROPERTIES(.NORMAL_SHADING.,#14577
  ,(#14607));
#14607 = SURFACE_STYLE_TRANSPARENT(0.100000023842);
#14608 = STYLED_ITEM('color',(#14609),#9949);
#14609 = PRESENTATION_STYLE_ASSIGNMENT((#14610));
#14610 = SURFACE_STYLE_USAGE(.BOTH.,#14611);
#14611 = SURFACE_SIDE_STYLE('',(#14612,#14615));
#14612 = SURFACE_STYLE_FILL_AREA(#14613);
#14613 = FILL_AREA_STYLE('',(#14614));
#14614 = FILL_AREA_STYLE_COLOUR('',#14577);
#14615 = SURFACE_STYLE_RENDERING_WITH_PROPERTIES(.NORMAL_SHADING.,#14577
  ,(#14616));
#14616 = SURFACE_STYLE_TRANSPARENT(0.100000023842);
#14617 = STYLED_ITEM('color',(#14618),#10184);
#14618 = PRESENTATION_STYLE_ASSIGNMENT((#14619));
#14619 = SURFACE_STYLE_USAGE(.BOTH.,#14620);
#14620 = SURFACE_SIDE_STYLE('',(#14621,#14624));
#14621 = SURFACE_STYLE_FILL_AREA(#14622);
#14622 = FILL_AREA_STYLE('',(#14623));
#14623 = FILL_AREA_STYLE_COLOUR('',#14577);
#14624 = SURFACE_STYLE_RENDERING_WITH_PROPERTIES(.NORMAL_SHADING.,#14577
  ,(#14625));
#14625 = SURFACE_STYLE_TRANSPARENT(0.100000023842);
#14626 = STYLED_ITEM('color',(#14627),#10419);
#14627 = PRESENTATION_STYLE_ASSIGNMENT((#14628));
#14628 = SURFACE_STYLE_USAGE(.BOTH.,#14629);
#14629 = SURFACE_SIDE_STYLE('',(#14630,#14633));
#14630 = SURFACE_STYLE_FILL_AREA(#14631);
#14631 = FILL_AREA_STYLE('',(#14632));
#14632 = FILL_AREA_STYLE_COLOUR('',#14577);
#14633 = SURFACE_STYLE_RENDERING_WITH_PROPERTIES(.NORMAL_SHADING.,#14577
  ,(#14634));
#14634 = SURFACE_STYLE_TRANSPARENT(0.100000023842);
#14635 = STYLED_ITEM('color',(#14636),#10496);
#14636 = PRESENTATION_STYLE_ASSIGNMENT((#14637));
#14637 = SURFACE_STYLE_USAGE(.BOTH.,#14638);
#14638 = SURFACE_SIDE_STYLE('',(#14639,#14642));
#14639 = SURFACE_STYLE_FILL_AREA(#14640);
#14640 = FILL_AREA_STYLE('',(#14641));
#14641 = FILL_AREA_STYLE_COLOUR('',#14577);
#14642 = SURFACE_STYLE_RENDERING_WITH_PROPERTIES(.NORMAL_SHADING.,#14577
  ,(#14643));
#14643 = SURFACE_STYLE_TRANSPARENT(0.100000023842);
#14644 = STYLED_ITEM('color',(#14645),#10647);
#14645 = PRESENTATION_STYLE_ASSIGNMENT((#14646));
#14646 = SURFACE_STYLE_USAGE(.BOTH.,#14647);
#14647 = SURFACE_SIDE_STYLE('',(#14648,#14651));
#14648 = SURFACE_STYLE_FILL_AREA(#14649);
#14649 = FILL_AREA_STYLE('',(#14650));
#14650 = FILL_AREA_STYLE_COLOUR('',#14577);
#14651 = SURFACE_STYLE_RENDERING_WITH_PROPERTIES(.NORMAL_SHADING.,#14577
  ,(#14652));
#14652 = SURFACE_STYLE_TRANSPARENT(0.100000023842);
#14653 = STYLED_ITEM('color',(#14654),#10724);
#14654 = PRESENTATION_STYLE_ASSIGNMENT((#14655));
#14655 = SURFACE_STYLE_USAGE(.BOTH.,#14656);
#14656 = SURFACE_SIDE_STYLE('',(#14657,#14660));
#14657 = SURFACE_STYLE_FILL_AREA(#14658);
#14658 = FILL_AREA_STYLE('',(#14659));
#14659 = FILL_AREA_STYLE_COLOUR('',#14577);
#14660 = SURFACE_STYLE_RENDERING_WITH_PROPERTIES(.NORMAL_SHADING.,#14577
  ,(#14661));
#14661 = SURFACE_STYLE_TRANSPARENT(0.100000023842);
#14662 = STYLED_ITEM('color',(#14663),#11172);
#14663 = PRESENTATION_STYLE_ASSIGNMENT((#14664));
#14664 = SURFACE_STYLE_USAGE(.BOTH.,#14665);
#14665 = SURFACE_SIDE_STYLE('',(#14666,#14669));
#14666 = SURFACE_STYLE_FILL_AREA(#14667);
#14667 = FILL_AREA_STYLE('',(#14668));
#14668 = FILL_AREA_STYLE_COLOUR('',#14577);
#14669 = SURFACE_STYLE_RENDERING_WITH_PROPERTIES(.NORMAL_SHADING.,#14577
  ,(#14670));
#14670 = SURFACE_STYLE_TRANSPARENT(0.100000023842);
#14671 = STYLED_ITEM('color',(#14672),#11249);
#14672 = PRESENTATION_STYLE_ASSIGNMENT((#14673));
#14673 = SURFACE_STYLE_USAGE(.BOTH.,#14674);
#14674 = SURFACE_SIDE_STYLE('',(#14675,#14678));
#14675 = SURFACE_STYLE_FILL_AREA(#14676);
#14676 = FILL_AREA_STYLE('',(#14677));
#14677 = FILL_AREA_STYLE_COLOUR('',#14577);
#14678 = SURFACE_STYLE_RENDERING_WITH_PROPERTIES(.NORMAL_SHADING.,#14577
  ,(#14679));
#14679 = SURFACE_STYLE_TRANSPARENT(0.100000023842);
#14680 = STYLED_ITEM('color',(#14681),#11442);
#14681 = PRESENTATION_STYLE_ASSIGNMENT((#14682));
#14682 = SURFACE_STYLE_USAGE(.BOTH.,#14683);
#14683 = SURFACE_SIDE_STYLE('',(#14684,#14687));
#14684 = SURFACE_STYLE_FILL_AREA(#14685);
#14685 = FILL_AREA_STYLE('',(#14686));
#14686 = FILL_AREA_STYLE_COLOUR('',#14577);
#14687 = SURFACE_STYLE_RENDERING_WITH_PROPERTIES(.NORMAL_SHADING.,#14577
  ,(#14688));
#14688 = SURFACE_STYLE_TRANSPARENT(0.100000023842);
#14689 = STYLED_ITEM('color',(#14690),#11635);
#14690 = PRESENTATION_STYLE_ASSIGNMENT((#14691));
#14691 = SURFACE_STYLE_USAGE(.BOTH.,#14692);
#14692 = SURFACE_SIDE_STYLE('',(#14693,#14696));
#14693 = SURFACE_STYLE_FILL_AREA(#14694);
#14694 = FILL_AREA_STYLE('',(#14695));
#14695 = FILL_AREA_STYLE_COLOUR('',#14577);
#14696 = SURFACE_STYLE_RENDERING_WITH_PROPERTIES(.NORMAL_SHADING.,#14577
  ,(#14697));
#14697 = SURFACE_STYLE_TRANSPARENT(0.100000023842);
#14698 = STYLED_ITEM('color',(#14699),#11712);
#14699 = PRESENTATION_STYLE_ASSIGNMENT((#14700));
#14700 = SURFACE_STYLE_USAGE(.BOTH.,#14701);
#14701 = SURFACE_SIDE_STYLE('',(#14702,#14705));
#14702 = SURFACE_STYLE_FILL_AREA(#14703);
#14703 = FILL_AREA_STYLE('',(#14704));
#14704 = FILL_AREA_STYLE_COLOUR('',#14577);
#14705 = SURFACE_STYLE_RENDERING_WITH_PROPERTIES(.NORMAL_SHADING.,#14577
  ,(#14706));
#14706 = SURFACE_STYLE_TRANSPARENT(0.100000023842);
#14707 = STYLED_ITEM('color',(#14708),#11789);
#14708 = PRESENTATION_STYLE_ASSIGNMENT((#14709));
#14709 = SURFACE_STYLE_USAGE(.BOTH.,#14710);
#14710 = SURFACE_SIDE_STYLE('',(#14711,#14714));
#14711 = SURFACE_STYLE_FILL_AREA(#14712);
#14712 = FILL_AREA_STYLE('',(#14713));
#14713 = FILL_AREA_STYLE_COLOUR('',#14577);
#14714 = SURFACE_STYLE_RENDERING_WITH_PROPERTIES(.NORMAL_SHADING.,#14577
  ,(#14715));
#14715 = SURFACE_STYLE_TRANSPARENT(0.100000023842);
#14716 = STYLED_ITEM('color',(#14717),#12045);
#14717 = PRESENTATION_STYLE_ASSIGNMENT((#14718));
#14718 = SURFACE_STYLE_USAGE(.BOTH.,#14719);
#14719 = SURFACE_SIDE_STYLE('',(#14720,#14723));
#14720 = SURFACE_STYLE_FILL_AREA(#14721);
#14721 = FILL_AREA_STYLE('',(#14722));
#14722 = FILL_AREA_STYLE_COLOUR('',#14577);
#14723 = SURFACE_STYLE_RENDERING_WITH_PROPERTIES(.NORMAL_SHADING.,#14577
  ,(#14724));
#14724 = SURFACE_STYLE_TRANSPARENT(0.100000023842);
#14725 = STYLED_ITEM('color',(#14726),#12252);
#14726 = PRESENTATION_STYLE_ASSIGNMENT((#14727));
#14727 = SURFACE_STYLE_USAGE(.BOTH.,#14728);
#14728 = SURFACE_SIDE_STYLE('',(#14729,#14732));
#14729 = SURFACE_STYLE_FILL_AREA(#14730);
#14730 = FILL_AREA_STYLE('',(#14731));
#14731 = FILL_AREA_STYLE_COLOUR('',#14577);
#14732 = SURFACE_STYLE_RENDERING_WITH_PROPERTIES(.NORMAL_SHADING.,#14577
  ,(#14733));
#14733 = SURFACE_STYLE_TRANSPARENT(0.100000023842);
#14734 = STYLED_ITEM('color',(#14735),#12362);
#14735 = PRESENTATION_STYLE_ASSIGNMENT((#14736));
#14736 = SURFACE_STYLE_USAGE(.BOTH.,#14737);
#14737 = SURFACE_SIDE_STYLE('',(#14738,#14741));
#14738 = SURFACE_STYLE_FILL_AREA(#14739);
#14739 = FILL_AREA_STYLE('',(#14740));
#14740 = FILL_AREA_STYLE_COLOUR('',#14577);
#14741 = SURFACE_STYLE_RENDERING_WITH_PROPERTIES(.NORMAL_SHADING.,#14577
  ,(#14742));
#14742 = SURFACE_STYLE_TRANSPARENT(0.100000023842);
#14743 = STYLED_ITEM('color',(#14744),#12504);
#14744 = PRESENTATION_STYLE_ASSIGNMENT((#14745));
#14745 = SURFACE_STYLE_USAGE(.BOTH.,#14746);
#14746 = SURFACE_SIDE_STYLE('',(#14747,#14750));
#14747 = SURFACE_STYLE_FILL_AREA(#14748);
#14748 = FILL_AREA_STYLE('',(#14749));
#14749 = FILL_AREA_STYLE_COLOUR('',#14577);
#14750 = SURFACE_STYLE_RENDERING_WITH_PROPERTIES(.NORMAL_SHADING.,#14577
  ,(#14751));
#14751 = SURFACE_STYLE_TRANSPARENT(0.100000023842);
#14752 = STYLED_ITEM('color',(#14753),#12667);
#14753 = PRESENTATION_STYLE_ASSIGNMENT((#14754));
#14754 = SURFACE_STYLE_USAGE(.BOTH.,#14755);
#14755 = SURFACE_SIDE_STYLE('',(#14756,#14759));
#14756 = SURFACE_STYLE_FILL_AREA(#14757);
#14757 = FILL_AREA_STYLE('',(#14758));
#14758 = FILL_AREA_STYLE_COLOUR('',#14577);
#14759 = SURFACE_STYLE_RENDERING_WITH_PROPERTIES(.NORMAL_SHADING.,#14577
  ,(#14760));
#14760 = SURFACE_STYLE_TRANSPARENT(0.100000023842);
#14761 = STYLED_ITEM('color',(#14762),#12711);
#14762 = PRESENTATION_STYLE_ASSIGNMENT((#14763));
#14763 = SURFACE_STYLE_USAGE(.BOTH.,#14764);
#14764 = SURFACE_SIDE_STYLE('',(#14765,#14768));
#14765 = SURFACE_STYLE_FILL_AREA(#14766);
#14766 = FILL_AREA_STYLE('',(#14767));
#14767 = FILL_AREA_STYLE_COLOUR('',#14577);
#14768 = SURFACE_STYLE_RENDERING_WITH_PROPERTIES(.NORMAL_SHADING.,#14577
  ,(#14769));
#14769 = SURFACE_STYLE_TRANSPARENT(0.100000023842);
#14770 = STYLED_ITEM('color',(#14771),#12967);
#14771 = PRESENTATION_STYLE_ASSIGNMENT((#14772));
#14772 = SURFACE_STYLE_USAGE(.BOTH.,#14773);
#14773 = SURFACE_SIDE_STYLE('',(#14774,#14777));
#14774 = SURFACE_STYLE_FILL_AREA(#14775);
#14775 = FILL_AREA_STYLE('',(#14776));
#14776 = FILL_AREA_STYLE_COLOUR('',#14577);
#14777 = SURFACE_STYLE_RENDERING_WITH_PROPERTIES(.NORMAL_SHADING.,#14577
  ,(#14778));
#14778 = SURFACE_STYLE_TRANSPARENT(0.100000023842);
#14779 = STYLED_ITEM('color',(#14780),#13239);
#14780 = PRESENTATION_STYLE_ASSIGNMENT((#14781));
#14781 = SURFACE_STYLE_USAGE(.BOTH.,#14782);
#14782 = SURFACE_SIDE_STYLE('',(#14783,#14786));
#14783 = SURFACE_STYLE_FILL_AREA(#14784);
#14784 = FILL_AREA_STYLE('',(#14785));
#14785 = FILL_AREA_STYLE_COLOUR('',#14577);
#14786 = SURFACE_STYLE_RENDERING_WITH_PROPERTIES(.NORMAL_SHADING.,#14577
  ,(#14787));
#14787 = SURFACE_STYLE_TRANSPARENT(0.100000023842);
#14788 = STYLED_ITEM('color',(#14789),#13299);
#14789 = PRESENTATION_STYLE_ASSIGNMENT((#14790));
#14790 = SURFACE_STYLE_USAGE(.BOTH.,#14791);
#14791 = SURFACE_SIDE_STYLE('',(#14792,#14795));
#14792 = SURFACE_STYLE_FILL_AREA(#14793);
#14793 = FILL_AREA_STYLE('',(#14794));
#14794 = FILL_AREA_STYLE_COLOUR('',#14577);
#14795 = SURFACE_STYLE_RENDERING_WITH_PROPERTIES(.NORMAL_SHADING.,#14577
  ,(#14796));
#14796 = SURFACE_STYLE_TRANSPARENT(0.100000023842);
#14797 = STYLED_ITEM('color',(#14798),#13341);
#14798 = PRESENTATION_STYLE_ASSIGNMENT((#14799));
#14799 = SURFACE_STYLE_USAGE(.BOTH.,#14800);
#14800 = SURFACE_SIDE_STYLE('',(#14801,#14804));
#14801 = SURFACE_STYLE_FILL_AREA(#14802);
#14802 = FILL_AREA_STYLE('',(#14803));
#14803 = FILL_AREA_STYLE_COLOUR('',#14577);
#14804 = SURFACE_STYLE_RENDERING_WITH_PROPERTIES(.NORMAL_SHADING.,#14577
  ,(#14805));
#14805 = SURFACE_STYLE_TRANSPARENT(0.100000023842);
#14806 = STYLED_ITEM('color',(#14807),#13519);
#14807 = PRESENTATION_STYLE_ASSIGNMENT((#14808));
#14808 = SURFACE_STYLE_USAGE(.BOTH.,#14809);
#14809 = SURFACE_SIDE_STYLE('',(#14810,#14813));
#14810 = SURFACE_STYLE_FILL_AREA(#14811);
#14811 = FILL_AREA_STYLE('',(#14812));
#14812 = FILL_AREA_STYLE_COLOUR('',#14577);
#14813 = SURFACE_STYLE_RENDERING_WITH_PROPERTIES(.NORMAL_SHADING.,#14577
  ,(#14814));
#14814 = SURFACE_STYLE_TRANSPARENT(0.100000023842);
#14815 = MECHANICAL_DESIGN_GEOMETRIC_PRESENTATION_REPRESENTATION('',(
    #14816,#14824,#14831,#14838,#14845,#14852,#14859,#14866,#14873,
    #14880,#14887,#14894,#14901,#14908,#14915,#14922),#9330);
#14816 = STYLED_ITEM('color',(#14817),#7646);
#14817 = PRESENTATION_STYLE_ASSIGNMENT((#14818));
#14818 = SURFACE_STYLE_USAGE(.BOTH.,#14819);
#14819 = SURFACE_SIDE_STYLE('',(#14820));
#14820 = SURFACE_STYLE_FILL_AREA(#14821);
#14821 = FILL_AREA_STYLE('',(#14822));
#14822 = FILL_AREA_STYLE_COLOUR('',#14823);
#14823 = COLOUR_RGB('',0.735356983052,0.735356983052,0.735356983052);
#14824 = STYLED_ITEM('color',(#14825),#7796);
#14825 = PRESENTATION_STYLE_ASSIGNMENT((#14826));
#14826 = SURFACE_STYLE_USAGE(.BOTH.,#14827);
#14827 = SURFACE_SIDE_STYLE('',(#14828));
#14828 = SURFACE_STYLE_FILL_AREA(#14829);
#14829 = FILL_AREA_STYLE('',(#14830));
#14830 = FILL_AREA_STYLE_COLOUR('',#14823);
#14831 = STYLED_ITEM('color',(#14832),#7849);
#14832 = PRESENTATION_STYLE_ASSIGNMENT((#14833));
#14833 = SURFACE_STYLE_USAGE(.BOTH.,#14834);
#14834 = SURFACE_SIDE_STYLE('',(#14835));
#14835 = SURFACE_STYLE_FILL_AREA(#14836);
#14836 = FILL_AREA_STYLE('',(#14837));
#14837 = FILL_AREA_STYLE_COLOUR('',#14823);
#14838 = STYLED_ITEM('color',(#14839),#7902);
#14839 = PRESENTATION_STYLE_ASSIGNMENT((#14840));
#14840 = SURFACE_STYLE_USAGE(.BOTH.,#14841);
#14841 = SURFACE_SIDE_STYLE('',(#14842));
#14842 = SURFACE_STYLE_FILL_AREA(#14843);
#14843 = FILL_AREA_STYLE('',(#14844));
#14844 = FILL_AREA_STYLE_COLOUR('',#14823);
#14845 = STYLED_ITEM('color',(#14846),#7994);
#14846 = PRESENTATION_STYLE_ASSIGNMENT((#14847));
#14847 = SURFACE_STYLE_USAGE(.BOTH.,#14848);
#14848 = SURFACE_SIDE_STYLE('',(#14849));
#14849 = SURFACE_STYLE_FILL_AREA(#14850);
#14850 = FILL_AREA_STYLE('',(#14851));
#14851 = FILL_AREA_STYLE_COLOUR('',#14823);
#14852 = STYLED_ITEM('color',(#14853),#8086);
#14853 = PRESENTATION_STYLE_ASSIGNMENT((#14854));
#14854 = SURFACE_STYLE_USAGE(.BOTH.,#14855);
#14855 = SURFACE_SIDE_STYLE('',(#14856));
#14856 = SURFACE_STYLE_FILL_AREA(#14857);
#14857 = FILL_AREA_STYLE('',(#14858));
#14858 = FILL_AREA_STYLE_COLOUR('',#14823);
#14859 = STYLED_ITEM('color',(#14860),#8178);
#14860 = PRESENTATION_STYLE_ASSIGNMENT((#14861));
#14861 = SURFACE_STYLE_USAGE(.BOTH.,#14862);
#14862 = SURFACE_SIDE_STYLE('',(#14863));
#14863 = SURFACE_STYLE_FILL_AREA(#14864);
#14864 = FILL_AREA_STYLE('',(#14865));
#14865 = FILL_AREA_STYLE_COLOUR('',#14823);
#14866 = STYLED_ITEM('color',(#14867),#8328);
#14867 = PRESENTATION_STYLE_ASSIGNMENT((#14868));
#14868 = SURFACE_STYLE_USAGE(.BOTH.,#14869);
#14869 = SURFACE_SIDE_STYLE('',(#14870));
#14870 = SURFACE_STYLE_FILL_AREA(#14871);
#14871 = FILL_AREA_STYLE('',(#14872));
#14872 = FILL_AREA_STYLE_COLOUR('',#14823);
#14873 = STYLED_ITEM('color',(#14874),#8420);
#14874 = PRESENTATION_STYLE_ASSIGNMENT((#14875));
#14875 = SURFACE_STYLE_USAGE(.BOTH.,#14876);
#14876 = SURFACE_SIDE_STYLE('',(#14877));
#14877 = SURFACE_STYLE_FILL_AREA(#14878);
#14878 = FILL_AREA_STYLE('',(#14879));
#14879 = FILL_AREA_STYLE_COLOUR('',#14823);
#14880 = STYLED_ITEM('color',(#14881),#8512);
#14881 = PRESENTATION_STYLE_ASSIGNMENT((#14882));
#14882 = SURFACE_STYLE_USAGE(.BOTH.,#14883);
#14883 = SURFACE_SIDE_STYLE('',(#14884));
#14884 = SURFACE_STYLE_FILL_AREA(#14885);
#14885 = FILL_AREA_STYLE('',(#14886));
#14886 = FILL_AREA_STYLE_COLOUR('',#14823);
#14887 = STYLED_ITEM('color',(#14888),#8604);
#14888 = PRESENTATION_STYLE_ASSIGNMENT((#14889));
#14889 = SURFACE_STYLE_USAGE(.BOTH.,#14890);
#14890 = SURFACE_SIDE_STYLE('',(#14891));
#14891 = SURFACE_STYLE_FILL_AREA(#14892);
#14892 = FILL_AREA_STYLE('',(#14893));
#14893 = FILL_AREA_STYLE_COLOUR('',#14823);
#14894 = STYLED_ITEM('color',(#14895),#8754);
#14895 = PRESENTATION_STYLE_ASSIGNMENT((#14896));
#14896 = SURFACE_STYLE_USAGE(.BOTH.,#14897);
#14897 = SURFACE_SIDE_STYLE('',(#14898));
#14898 = SURFACE_STYLE_FILL_AREA(#14899);
#14899 = FILL_AREA_STYLE('',(#14900));
#14900 = FILL_AREA_STYLE_COLOUR('',#14823);
#14901 = STYLED_ITEM('color',(#14902),#8904);
#14902 = PRESENTATION_STYLE_ASSIGNMENT((#14903));
#14903 = SURFACE_STYLE_USAGE(.BOTH.,#14904);
#14904 = SURFACE_SIDE_STYLE('',(#14905));
#14905 = SURFACE_STYLE_FILL_AREA(#14906);
#14906 = FILL_AREA_STYLE('',(#14907));
#14907 = FILL_AREA_STYLE_COLOUR('',#14823);
#14908 = STYLED_ITEM('color',(#14909),#8996);
#14909 = PRESENTATION_STYLE_ASSIGNMENT((#14910));
#14910 = SURFACE_STYLE_USAGE(.BOTH.,#14911);
#14911 = SURFACE_SIDE_STYLE('',(#14912));
#14912 = SURFACE_STYLE_FILL_AREA(#14913);
#14913 = FILL_AREA_STYLE('',(#14914));
#14914 = FILL_AREA_STYLE_COLOUR('',#14823);
#14915 = STYLED_ITEM('color',(#14916),#9088);
#14916 = PRESENTATION_STYLE_ASSIGNMENT((#14917));
#14917 = SURFACE_STYLE_USAGE(.BOTH.,#14918);
#14918 = SURFACE_SIDE_STYLE('',(#14919));
#14919 = SURFACE_STYLE_FILL_AREA(#14920);
#14920 = FILL_AREA_STYLE('',(#14921));
#14921 = FILL_AREA_STYLE_COLOUR('',#14823);
#14922 = STYLED_ITEM('color',(#14923),#9180);
#14923 = PRESENTATION_STYLE_ASSIGNMENT((#14924));
#14924 = SURFACE_STYLE_USAGE(.BOTH.,#14925);
#14925 = SURFACE_SIDE_STYLE('',(#14926));
#14926 = SURFACE_STYLE_FILL_AREA(#14927);
#14927 = FILL_AREA_STYLE('',(#14928));
#14928 = FILL_AREA_STYLE_COLOUR('',#14823);
ENDSEC;
END-ISO-10303-21;
